status,event_id,name,event_type,pages,step_id,group,initial_state,start_ms_relative_to_list,event_delay_ms_separate,item_delay_ms,duration_ms,action,target_relationship,target,easing,exact_properties_and_units,breakpoints,source,continuous_group,keyframe_percent,continuous_event_settings
derived,e-15,Nav Dropdown Closes,DROPDOWN_CLOSE,"[""/"", ""/chi-siamo"", ""/condizioni-di-utilizzo"", ""/contatti"", ""/domande-e-risposte"", ""/faq"", ""/informativa-sulla-privacy"", ""/informazioni-per-pazienti"", ""/informazioni/alloggio"", ""/informazioni/garanzie"", ""/informazioni/listino-prezzi"", ""/informazioni/pagamento-flessibile"", ""/informazioni/prima-visita-gratuita"", ""/informazioni/tempi-del-trattamento"", ""/informazioni/trasporto"", ""/prestazioni-dentali"", ""/prestazioni/corone-faccette-ponti-e-protesi"", ""/prestazioni/premium-ponte-fisso-su-impianti"", ""/prestazioni/protesi-definitiva-ancorata-su-4-impianti"", ""/prestazioni/sbiancamento-dei-denti"", ""/prestazioni/sedazione-cosciente"", ""/su-di-noi/come-raggiungerci"", ""/su-di-noi/i-nostri-specialisti"", ""/su-di-noi/impianti-di-nuova-generazione"", ""/su-di-noi/laboratorio-odontotecnico"", ""/su-di-noi/materiali-e-apparecchiature"", ""/su-di-noi/tutto-in-un-unico-luogo"", ""/testimonianze""]",a-2-n,0,False,0,,0,300,STYLE_SIZE,CHILDREN,"{""useEventTarget"": ""CHILDREN"", ""selector"": "".nav-dropdown-list"", ""selectorGuids"": [""e6e85a02-c3d6-08eb-5df3-a2c1c099f23a""]}",,"{""delay"": 0, ""easing"": """", ""duration"": 300, ""target"": {""useEventTarget"": ""CHILDREN"", ""selector"": "".nav-dropdown-list"", ""selectorGuids"": [""e6e85a02-c3d6-08eb-5df3-a2c1c099f23a""]}, ""heightValue"": 0, ""widthUnit"": ""PX"", ""heightUnit"": ""px"", ""locked"": false}","[{""key"": ""medium"", ""min"": 768, ""max"": 991}, {""key"": ""small"", ""min"": 480, ""max"": 767}, {""key"": ""tiny"", ""min"": 0, ""max"": 479}]","[""raw/published/resources/03c1fa8b77cf-dentvitalis33.schunk.6ecbf8a934abc739.js""]",,,
derived,e-15,Nav Dropdown Closes,DROPDOWN_CLOSE,"[""/"", ""/chi-siamo"", ""/condizioni-di-utilizzo"", ""/contatti"", ""/domande-e-risposte"", ""/faq"", ""/informativa-sulla-privacy"", ""/informazioni-per-pazienti"", ""/informazioni/alloggio"", ""/informazioni/garanzie"", ""/informazioni/listino-prezzi"", ""/informazioni/pagamento-flessibile"", ""/informazioni/prima-visita-gratuita"", ""/informazioni/tempi-del-trattamento"", ""/informazioni/trasporto"", ""/prestazioni-dentali"", ""/prestazioni/corone-faccette-ponti-e-protesi"", ""/prestazioni/premium-ponte-fisso-su-impianti"", ""/prestazioni/protesi-definitiva-ancorata-su-4-impianti"", ""/prestazioni/sbiancamento-dei-denti"", ""/prestazioni/sedazione-cosciente"", ""/su-di-noi/come-raggiungerci"", ""/su-di-noi/i-nostri-specialisti"", ""/su-di-noi/impianti-di-nuova-generazione"", ""/su-di-noi/laboratorio-odontotecnico"", ""/su-di-noi/materiali-e-apparecchiature"", ""/su-di-noi/tutto-in-un-unico-luogo"", ""/testimonianze""]",a-2-n-2,0,False,0,,0,200,TRANSFORM_ROTATE,CHILDREN,"{""useEventTarget"": ""CHILDREN"", ""selector"": "".nav-dropdown-icon"", ""selectorGuids"": [""e6e85a02-c3d6-08eb-5df3-a2c1c099f20b""]}",,"{""delay"": 0, ""easing"": """", ""duration"": 200, ""target"": {""useEventTarget"": ""CHILDREN"", ""selector"": "".nav-dropdown-icon"", ""selectorGuids"": [""e6e85a02-c3d6-08eb-5df3-a2c1c099f20b""]}, ""zValue"": 0, ""xUnit"": ""DEG"", ""yUnit"": ""DEG"", ""zUnit"": ""deg""}","[{""key"": ""medium"", ""min"": 768, ""max"": 991}, {""key"": ""small"", ""min"": 480, ""max"": 767}, {""key"": ""tiny"", ""min"": 0, ""max"": 479}]","[""raw/published/resources/03c1fa8b77cf-dentvitalis33.schunk.6ecbf8a934abc739.js""]",,,
derived,e-28,e-28,SCROLL_INTO_VIEW,[],e-28-derived-step-0,0,True,,500,0,0,STYLE_OPACITY,True,"{""id"": ""N/A"", ""appliesTo"": ""TRIGGER_ELEMENT"", ""useEventTarget"": true}",,"{""delay"": 0, ""duration"": 0, ""target"": {""id"": ""N/A"", ""appliesTo"": ""TRIGGER_ELEMENT"", ""useEventTarget"": true}, ""value"": 0}","[{""key"": ""main"", ""min"": 992, ""max"": 10000}, {""key"": ""medium"", ""min"": 768, ""max"": 991}, {""key"": ""small"", ""min"": 480, ""max"": 767}, {""key"": ""tiny"", ""min"": 0, ""max"": 479}]","[""raw/published/resources/03c1fa8b77cf-dentvitalis33.schunk.6ecbf8a934abc739.js""]",,,
derived,e-28,e-28,SCROLL_INTO_VIEW,[],e-28-derived-step-1,1,False,0,500,0,1000,STYLE_OPACITY,True,"{""id"": ""N/A"", ""appliesTo"": ""TRIGGER_ELEMENT"", ""useEventTarget"": true}",outQuart,"{""delay"": 0, ""easing"": ""outQuart"", ""duration"": 1000, ""target"": {""id"": ""N/A"", ""appliesTo"": ""TRIGGER_ELEMENT"", ""useEventTarget"": true}, ""value"": 1}","[{""key"": ""main"", ""min"": 992, ""max"": 10000}, {""key"": ""medium"", ""min"": 768, ""max"": 991}, {""key"": ""small"", ""min"": 480, ""max"": 767}, {""key"": ""tiny"", ""min"": 0, ""max"": 479}]","[""raw/published/resources/03c1fa8b77cf-dentvitalis33.schunk.6ecbf8a934abc739.js""]",,,
derived,e-34,Nav Dropdown Opens,DROPDOWN_OPEN,"[""/"", ""/chi-siamo"", ""/condizioni-di-utilizzo"", ""/contatti"", ""/domande-e-risposte"", ""/faq"", ""/informativa-sulla-privacy"", ""/informazioni-per-pazienti"", ""/informazioni/alloggio"", ""/informazioni/garanzie"", ""/informazioni/listino-prezzi"", ""/informazioni/pagamento-flessibile"", ""/informazioni/prima-visita-gratuita"", ""/informazioni/tempi-del-trattamento"", ""/informazioni/trasporto"", ""/prestazioni-dentali"", ""/prestazioni/corone-faccette-ponti-e-protesi"", ""/prestazioni/premium-ponte-fisso-su-impianti"", ""/prestazioni/protesi-definitiva-ancorata-su-4-impianti"", ""/prestazioni/sbiancamento-dei-denti"", ""/prestazioni/sedazione-cosciente"", ""/su-di-noi/come-raggiungerci"", ""/su-di-noi/i-nostri-specialisti"", ""/su-di-noi/impianti-di-nuova-generazione"", ""/su-di-noi/laboratorio-odontotecnico"", ""/su-di-noi/materiali-e-apparecchiature"", ""/su-di-noi/tutto-in-un-unico-luogo"", ""/testimonianze""]",a-n,0,True,,,0,500,TRANSFORM_ROTATE,CHILDREN,"{""useEventTarget"": ""CHILDREN"", ""selector"": "".nav-dropdown-icon"", ""selectorGuids"": [""e6e85a02-c3d6-08eb-5df3-a2c1c099f20b""]}",,"{""delay"": 0, ""easing"": """", ""duration"": 500, ""target"": {""useEventTarget"": ""CHILDREN"", ""selector"": "".nav-dropdown-icon"", ""selectorGuids"": [""e6e85a02-c3d6-08eb-5df3-a2c1c099f20b""]}, ""zValue"": 0, ""xUnit"": ""DEG"", ""yUnit"": ""DEG"", ""zUnit"": ""deg""}","[{""key"": ""medium"", ""min"": 768, ""max"": 991}, {""key"": ""small"", ""min"": 480, ""max"": 767}, {""key"": ""tiny"", ""min"": 0, ""max"": 479}]","[""raw/published/resources/03c1fa8b77cf-dentvitalis33.schunk.6ecbf8a934abc739.js""]",,,
derived,e-34,Nav Dropdown Opens,DROPDOWN_OPEN,"[""/"", ""/chi-siamo"", ""/condizioni-di-utilizzo"", ""/contatti"", ""/domande-e-risposte"", ""/faq"", ""/informativa-sulla-privacy"", ""/informazioni-per-pazienti"", ""/informazioni/alloggio"", ""/informazioni/garanzie"", ""/informazioni/listino-prezzi"", ""/informazioni/pagamento-flessibile"", ""/informazioni/prima-visita-gratuita"", ""/informazioni/tempi-del-trattamento"", ""/informazioni/trasporto"", ""/prestazioni-dentali"", ""/prestazioni/corone-faccette-ponti-e-protesi"", ""/prestazioni/premium-ponte-fisso-su-impianti"", ""/prestazioni/protesi-definitiva-ancorata-su-4-impianti"", ""/prestazioni/sbiancamento-dei-denti"", ""/prestazioni/sedazione-cosciente"", ""/su-di-noi/come-raggiungerci"", ""/su-di-noi/i-nostri-specialisti"", ""/su-di-noi/impianti-di-nuova-generazione"", ""/su-di-noi/laboratorio-odontotecnico"", ""/su-di-noi/materiali-e-apparecchiature"", ""/su-di-noi/tutto-in-un-unico-luogo"", ""/testimonianze""]",a-n-2,0,True,,,0,500,STYLE_SIZE,CHILDREN,"{""useEventTarget"": ""CHILDREN"", ""selector"": "".nav-dropdown-list"", ""selectorGuids"": [""e6e85a02-c3d6-08eb-5df3-a2c1c099f23a""]}",,"{""delay"": 0, ""easing"": """", ""duration"": 500, ""target"": {""useEventTarget"": ""CHILDREN"", ""selector"": "".nav-dropdown-list"", ""selectorGuids"": [""e6e85a02-c3d6-08eb-5df3-a2c1c099f23a""]}, ""heightValue"": 0, ""widthUnit"": ""PX"", ""heightUnit"": ""px"", ""locked"": false}","[{""key"": ""medium"", ""min"": 768, ""max"": 991}, {""key"": ""small"", ""min"": 480, ""max"": 767}, {""key"": ""tiny"", ""min"": 0, ""max"": 479}]","[""raw/published/resources/03c1fa8b77cf-dentvitalis33.schunk.6ecbf8a934abc739.js""]",,,
derived,e-34,Nav Dropdown Opens,DROPDOWN_OPEN,"[""/"", ""/chi-siamo"", ""/condizioni-di-utilizzo"", ""/contatti"", ""/domande-e-risposte"", ""/faq"", ""/informativa-sulla-privacy"", ""/informazioni-per-pazienti"", ""/informazioni/alloggio"", ""/informazioni/garanzie"", ""/informazioni/listino-prezzi"", ""/informazioni/pagamento-flessibile"", ""/informazioni/prima-visita-gratuita"", ""/informazioni/tempi-del-trattamento"", ""/informazioni/trasporto"", ""/prestazioni-dentali"", ""/prestazioni/corone-faccette-ponti-e-protesi"", ""/prestazioni/premium-ponte-fisso-su-impianti"", ""/prestazioni/protesi-definitiva-ancorata-su-4-impianti"", ""/prestazioni/sbiancamento-dei-denti"", ""/prestazioni/sedazione-cosciente"", ""/su-di-noi/come-raggiungerci"", ""/su-di-noi/i-nostri-specialisti"", ""/su-di-noi/impianti-di-nuova-generazione"", ""/su-di-noi/laboratorio-odontotecnico"", ""/su-di-noi/materiali-e-apparecchiature"", ""/su-di-noi/tutto-in-un-unico-luogo"", ""/testimonianze""]",a-n-3,1,False,0,,0,200,TRANSFORM_ROTATE,CHILDREN,"{""useEventTarget"": ""CHILDREN"", ""selector"": "".nav-dropdown-icon"", ""selectorGuids"": [""e6e85a02-c3d6-08eb-5df3-a2c1c099f20b""]}",,"{""delay"": 0, ""easing"": """", ""duration"": 200, ""target"": {""useEventTarget"": ""CHILDREN"", ""selector"": "".nav-dropdown-icon"", ""selectorGuids"": [""e6e85a02-c3d6-08eb-5df3-a2c1c099f20b""]}, ""zValue"": -180, ""xUnit"": ""DEG"", ""yUnit"": ""DEG"", ""zUnit"": ""deg""}","[{""key"": ""medium"", ""min"": 768, ""max"": 991}, {""key"": ""small"", ""min"": 480, ""max"": 767}, {""key"": ""tiny"", ""min"": 0, ""max"": 479}]","[""raw/published/resources/03c1fa8b77cf-dentvitalis33.schunk.6ecbf8a934abc739.js""]",,,
derived,e-34,Nav Dropdown Opens,DROPDOWN_OPEN,"[""/"", ""/chi-siamo"", ""/condizioni-di-utilizzo"", ""/contatti"", ""/domande-e-risposte"", ""/faq"", ""/informativa-sulla-privacy"", ""/informazioni-per-pazienti"", ""/informazioni/alloggio"", ""/informazioni/garanzie"", ""/informazioni/listino-prezzi"", ""/informazioni/pagamento-flessibile"", ""/informazioni/prima-visita-gratuita"", ""/informazioni/tempi-del-trattamento"", ""/informazioni/trasporto"", ""/prestazioni-dentali"", ""/prestazioni/corone-faccette-ponti-e-protesi"", ""/prestazioni/premium-ponte-fisso-su-impianti"", ""/prestazioni/protesi-definitiva-ancorata-su-4-impianti"", ""/prestazioni/sbiancamento-dei-denti"", ""/prestazioni/sedazione-cosciente"", ""/su-di-noi/come-raggiungerci"", ""/su-di-noi/i-nostri-specialisti"", ""/su-di-noi/impianti-di-nuova-generazione"", ""/su-di-noi/laboratorio-odontotecnico"", ""/su-di-noi/materiali-e-apparecchiature"", ""/su-di-noi/tutto-in-un-unico-luogo"", ""/testimonianze""]",a-n-4,1,False,0,,0,300,STYLE_SIZE,CHILDREN,"{""useEventTarget"": ""CHILDREN"", ""selector"": "".nav-dropdown-list"", ""selectorGuids"": [""e6e85a02-c3d6-08eb-5df3-a2c1c099f23a""]}",,"{""delay"": 0, ""easing"": """", ""duration"": 300, ""target"": {""useEventTarget"": ""CHILDREN"", ""selector"": "".nav-dropdown-list"", ""selectorGuids"": [""e6e85a02-c3d6-08eb-5df3-a2c1c099f23a""]}, ""widthUnit"": ""PX"", ""heightUnit"": ""AUTO"", ""locked"": false}","[{""key"": ""medium"", ""min"": 768, ""max"": 991}, {""key"": ""small"", ""min"": 480, ""max"": 767}, {""key"": ""tiny"", ""min"": 0, ""max"": 479}]","[""raw/published/resources/03c1fa8b77cf-dentvitalis33.schunk.6ecbf8a934abc739.js""]",,,
derived,e-37,Nav Dropdown Opens,MOUSE_CLICK,"[""/"", ""/chi-siamo"", ""/condizioni-di-utilizzo"", ""/contatti"", ""/domande-e-risposte"", ""/faq"", ""/informativa-sulla-privacy"", ""/informazioni-per-pazienti"", ""/informazioni/alloggio"", ""/informazioni/garanzie"", ""/informazioni/listino-prezzi"", ""/informazioni/pagamento-flessibile"", ""/informazioni/prima-visita-gratuita"", ""/informazioni/tempi-del-trattamento"", ""/informazioni/trasporto"", ""/prestazioni-dentali"", ""/prestazioni/corone-faccette-ponti-e-protesi"", ""/prestazioni/premium-ponte-fisso-su-impianti"", ""/prestazioni/protesi-definitiva-ancorata-su-4-impianti"", ""/prestazioni/sbiancamento-dei-denti"", ""/prestazioni/sedazione-cosciente"", ""/su-di-noi/come-raggiungerci"", ""/su-di-noi/i-nostri-specialisti"", ""/su-di-noi/impianti-di-nuova-generazione"", ""/su-di-noi/laboratorio-odontotecnico"", ""/su-di-noi/materiali-e-apparecchiature"", ""/su-di-noi/tutto-in-un-unico-luogo"", ""/testimonianze""]",a-n,0,True,,,0,500,TRANSFORM_ROTATE,CHILDREN,"{""useEventTarget"": ""CHILDREN"", ""selector"": "".nav-dropdown-icon"", ""selectorGuids"": [""e6e85a02-c3d6-08eb-5df3-a2c1c099f20b""]}",,"{""delay"": 0, ""easing"": """", ""duration"": 500, ""target"": {""useEventTarget"": ""CHILDREN"", ""selector"": "".nav-dropdown-icon"", ""selectorGuids"": [""e6e85a02-c3d6-08eb-5df3-a2c1c099f20b""]}, ""zValue"": 0, ""xUnit"": ""DEG"", ""yUnit"": ""DEG"", ""zUnit"": ""deg""}","[{""key"": ""medium"", ""min"": 768, ""max"": 991}, {""key"": ""small"", ""min"": 480, ""max"": 767}, {""key"": ""tiny"", ""min"": 0, ""max"": 479}]","[""raw/published/resources/03c1fa8b77cf-dentvitalis33.schunk.6ecbf8a934abc739.js""]",,,
derived,e-37,Nav Dropdown Opens,MOUSE_CLICK,"[""/"", ""/chi-siamo"", ""/condizioni-di-utilizzo"", ""/contatti"", ""/domande-e-risposte"", ""/faq"", ""/informativa-sulla-privacy"", ""/informazioni-per-pazienti"", ""/informazioni/alloggio"", ""/informazioni/garanzie"", ""/informazioni/listino-prezzi"", ""/informazioni/pagamento-flessibile"", ""/informazioni/prima-visita-gratuita"", ""/informazioni/tempi-del-trattamento"", ""/informazioni/trasporto"", ""/prestazioni-dentali"", ""/prestazioni/corone-faccette-ponti-e-protesi"", ""/prestazioni/premium-ponte-fisso-su-impianti"", ""/prestazioni/protesi-definitiva-ancorata-su-4-impianti"", ""/prestazioni/sbiancamento-dei-denti"", ""/prestazioni/sedazione-cosciente"", ""/su-di-noi/come-raggiungerci"", ""/su-di-noi/i-nostri-specialisti"", ""/su-di-noi/impianti-di-nuova-generazione"", ""/su-di-noi/laboratorio-odontotecnico"", ""/su-di-noi/materiali-e-apparecchiature"", ""/su-di-noi/tutto-in-un-unico-luogo"", ""/testimonianze""]",a-n-2,0,True,,,0,500,STYLE_SIZE,CHILDREN,"{""useEventTarget"": ""CHILDREN"", ""selector"": "".nav-dropdown-list"", ""selectorGuids"": [""e6e85a02-c3d6-08eb-5df3-a2c1c099f23a""]}",,"{""delay"": 0, ""easing"": """", ""duration"": 500, ""target"": {""useEventTarget"": ""CHILDREN"", ""selector"": "".nav-dropdown-list"", ""selectorGuids"": [""e6e85a02-c3d6-08eb-5df3-a2c1c099f23a""]}, ""heightValue"": 0, ""widthUnit"": ""PX"", ""heightUnit"": ""px"", ""locked"": false}","[{""key"": ""medium"", ""min"": 768, ""max"": 991}, {""key"": ""small"", ""min"": 480, ""max"": 767}, {""key"": ""tiny"", ""min"": 0, ""max"": 479}]","[""raw/published/resources/03c1fa8b77cf-dentvitalis33.schunk.6ecbf8a934abc739.js""]",,,
derived,e-37,Nav Dropdown Opens,MOUSE_CLICK,"[""/"", ""/chi-siamo"", ""/condizioni-di-utilizzo"", ""/contatti"", ""/domande-e-risposte"", ""/faq"", ""/informativa-sulla-privacy"", ""/informazioni-per-pazienti"", ""/informazioni/alloggio"", ""/informazioni/garanzie"", ""/informazioni/listino-prezzi"", ""/informazioni/pagamento-flessibile"", ""/informazioni/prima-visita-gratuita"", ""/informazioni/tempi-del-trattamento"", ""/informazioni/trasporto"", ""/prestazioni-dentali"", ""/prestazioni/corone-faccette-ponti-e-protesi"", ""/prestazioni/premium-ponte-fisso-su-impianti"", ""/prestazioni/protesi-definitiva-ancorata-su-4-impianti"", ""/prestazioni/sbiancamento-dei-denti"", ""/prestazioni/sedazione-cosciente"", ""/su-di-noi/come-raggiungerci"", ""/su-di-noi/i-nostri-specialisti"", ""/su-di-noi/impianti-di-nuova-generazione"", ""/su-di-noi/laboratorio-odontotecnico"", ""/su-di-noi/materiali-e-apparecchiature"", ""/su-di-noi/tutto-in-un-unico-luogo"", ""/testimonianze""]",a-n-3,1,False,0,,0,200,TRANSFORM_ROTATE,CHILDREN,"{""useEventTarget"": ""CHILDREN"", ""selector"": "".nav-dropdown-icon"", ""selectorGuids"": [""e6e85a02-c3d6-08eb-5df3-a2c1c099f20b""]}",,"{""delay"": 0, ""easing"": """", ""duration"": 200, ""target"": {""useEventTarget"": ""CHILDREN"", ""selector"": "".nav-dropdown-icon"", ""selectorGuids"": [""e6e85a02-c3d6-08eb-5df3-a2c1c099f20b""]}, ""zValue"": -180, ""xUnit"": ""DEG"", ""yUnit"": ""DEG"", ""zUnit"": ""deg""}","[{""key"": ""medium"", ""min"": 768, ""max"": 991}, {""key"": ""small"", ""min"": 480, ""max"": 767}, {""key"": ""tiny"", ""min"": 0, ""max"": 479}]","[""raw/published/resources/03c1fa8b77cf-dentvitalis33.schunk.6ecbf8a934abc739.js""]",,,
derived,e-37,Nav Dropdown Opens,MOUSE_CLICK,"[""/"", ""/chi-siamo"", ""/condizioni-di-utilizzo"", ""/contatti"", ""/domande-e-risposte"", ""/faq"", ""/informativa-sulla-privacy"", ""/informazioni-per-pazienti"", ""/informazioni/alloggio"", ""/informazioni/garanzie"", ""/informazioni/listino-prezzi"", ""/informazioni/pagamento-flessibile"", ""/informazioni/prima-visita-gratuita"", ""/informazioni/tempi-del-trattamento"", ""/informazioni/trasporto"", ""/prestazioni-dentali"", ""/prestazioni/corone-faccette-ponti-e-protesi"", ""/prestazioni/premium-ponte-fisso-su-impianti"", ""/prestazioni/protesi-definitiva-ancorata-su-4-impianti"", ""/prestazioni/sbiancamento-dei-denti"", ""/prestazioni/sedazione-cosciente"", ""/su-di-noi/come-raggiungerci"", ""/su-di-noi/i-nostri-specialisti"", ""/su-di-noi/impianti-di-nuova-generazione"", ""/su-di-noi/laboratorio-odontotecnico"", ""/su-di-noi/materiali-e-apparecchiature"", ""/su-di-noi/tutto-in-un-unico-luogo"", ""/testimonianze""]",a-n-4,1,False,0,,0,300,STYLE_SIZE,CHILDREN,"{""useEventTarget"": ""CHILDREN"", ""selector"": "".nav-dropdown-list"", ""selectorGuids"": [""e6e85a02-c3d6-08eb-5df3-a2c1c099f23a""]}",,"{""delay"": 0, ""easing"": """", ""duration"": 300, ""target"": {""useEventTarget"": ""CHILDREN"", ""selector"": "".nav-dropdown-list"", ""selectorGuids"": [""e6e85a02-c3d6-08eb-5df3-a2c1c099f23a""]}, ""widthUnit"": ""PX"", ""heightUnit"": ""AUTO"", ""locked"": false}","[{""key"": ""medium"", ""min"": 768, ""max"": 991}, {""key"": ""small"", ""min"": 480, ""max"": 767}, {""key"": ""tiny"", ""min"": 0, ""max"": 479}]","[""raw/published/resources/03c1fa8b77cf-dentvitalis33.schunk.6ecbf8a934abc739.js""]",,,
derived,e-38,Nav Dropdown Closes,MOUSE_SECOND_CLICK,"[""/"", ""/chi-siamo"", ""/condizioni-di-utilizzo"", ""/contatti"", ""/domande-e-risposte"", ""/faq"", ""/informativa-sulla-privacy"", ""/informazioni-per-pazienti"", ""/informazioni/alloggio"", ""/informazioni/garanzie"", ""/informazioni/listino-prezzi"", ""/informazioni/pagamento-flessibile"", ""/informazioni/prima-visita-gratuita"", ""/informazioni/tempi-del-trattamento"", ""/informazioni/trasporto"", ""/prestazioni-dentali"", ""/prestazioni/corone-faccette-ponti-e-protesi"", ""/prestazioni/premium-ponte-fisso-su-impianti"", ""/prestazioni/protesi-definitiva-ancorata-su-4-impianti"", ""/prestazioni/sbiancamento-dei-denti"", ""/prestazioni/sedazione-cosciente"", ""/su-di-noi/come-raggiungerci"", ""/su-di-noi/i-nostri-specialisti"", ""/su-di-noi/impianti-di-nuova-generazione"", ""/su-di-noi/laboratorio-odontotecnico"", ""/su-di-noi/materiali-e-apparecchiature"", ""/su-di-noi/tutto-in-un-unico-luogo"", ""/testimonianze""]",a-2-n,0,False,0,,0,300,STYLE_SIZE,CHILDREN,"{""useEventTarget"": ""CHILDREN"", ""selector"": "".nav-dropdown-list"", ""selectorGuids"": [""e6e85a02-c3d6-08eb-5df3-a2c1c099f23a""]}",,"{""delay"": 0, ""easing"": """", ""duration"": 300, ""target"": {""useEventTarget"": ""CHILDREN"", ""selector"": "".nav-dropdown-list"", ""selectorGuids"": [""e6e85a02-c3d6-08eb-5df3-a2c1c099f23a""]}, ""heightValue"": 0, ""widthUnit"": ""PX"", ""heightUnit"": ""px"", ""locked"": false}","[{""key"": ""medium"", ""min"": 768, ""max"": 991}, {""key"": ""small"", ""min"": 480, ""max"": 767}, {""key"": ""tiny"", ""min"": 0, ""max"": 479}]","[""raw/published/resources/03c1fa8b77cf-dentvitalis33.schunk.6ecbf8a934abc739.js""]",,,
derived,e-38,Nav Dropdown Closes,MOUSE_SECOND_CLICK,"[""/"", ""/chi-siamo"", ""/condizioni-di-utilizzo"", ""/contatti"", ""/domande-e-risposte"", ""/faq"", ""/informativa-sulla-privacy"", ""/informazioni-per-pazienti"", ""/informazioni/alloggio"", ""/informazioni/garanzie"", ""/informazioni/listino-prezzi"", ""/informazioni/pagamento-flessibile"", ""/informazioni/prima-visita-gratuita"", ""/informazioni/tempi-del-trattamento"", ""/informazioni/trasporto"", ""/prestazioni-dentali"", ""/prestazioni/corone-faccette-ponti-e-protesi"", ""/prestazioni/premium-ponte-fisso-su-impianti"", ""/prestazioni/protesi-definitiva-ancorata-su-4-impianti"", ""/prestazioni/sbiancamento-dei-denti"", ""/prestazioni/sedazione-cosciente"", ""/su-di-noi/come-raggiungerci"", ""/su-di-noi/i-nostri-specialisti"", ""/su-di-noi/impianti-di-nuova-generazione"", ""/su-di-noi/laboratorio-odontotecnico"", ""/su-di-noi/materiali-e-apparecchiature"", ""/su-di-noi/tutto-in-un-unico-luogo"", ""/testimonianze""]",a-2-n-2,0,False,0,,0,200,TRANSFORM_ROTATE,CHILDREN,"{""useEventTarget"": ""CHILDREN"", ""selector"": "".nav-dropdown-icon"", ""selectorGuids"": [""e6e85a02-c3d6-08eb-5df3-a2c1c099f20b""]}",,"{""delay"": 0, ""easing"": """", ""duration"": 200, ""target"": {""useEventTarget"": ""CHILDREN"", ""selector"": "".nav-dropdown-icon"", ""selectorGuids"": [""e6e85a02-c3d6-08eb-5df3-a2c1c099f20b""]}, ""zValue"": 0, ""xUnit"": ""DEG"", ""yUnit"": ""DEG"", ""zUnit"": ""deg""}","[{""key"": ""medium"", ""min"": 768, ""max"": 991}, {""key"": ""small"", ""min"": 480, ""max"": 767}, {""key"": ""tiny"", ""min"": 0, ""max"": 479}]","[""raw/published/resources/03c1fa8b77cf-dentvitalis33.schunk.6ecbf8a934abc739.js""]",,,
derived,e-39,Nav Dropdown Opens,MOUSE_OVER,"[""/"", ""/chi-siamo"", ""/condizioni-di-utilizzo"", ""/contatti"", ""/domande-e-risposte"", ""/faq"", ""/informativa-sulla-privacy"", ""/informazioni-per-pazienti"", ""/informazioni/alloggio"", ""/informazioni/garanzie"", ""/informazioni/listino-prezzi"", ""/informazioni/pagamento-flessibile"", ""/informazioni/prima-visita-gratuita"", ""/informazioni/tempi-del-trattamento"", ""/informazioni/trasporto"", ""/prestazioni-dentali"", ""/prestazioni/corone-faccette-ponti-e-protesi"", ""/prestazioni/premium-ponte-fisso-su-impianti"", ""/prestazioni/protesi-definitiva-ancorata-su-4-impianti"", ""/prestazioni/sbiancamento-dei-denti"", ""/prestazioni/sedazione-cosciente"", ""/su-di-noi/come-raggiungerci"", ""/su-di-noi/i-nostri-specialisti"", ""/su-di-noi/impianti-di-nuova-generazione"", ""/su-di-noi/laboratorio-odontotecnico"", ""/su-di-noi/materiali-e-apparecchiature"", ""/su-di-noi/tutto-in-un-unico-luogo"", ""/testimonianze""]",a-n,0,True,,,0,500,TRANSFORM_ROTATE,CHILDREN,"{""useEventTarget"": ""CHILDREN"", ""selector"": "".nav-dropdown-icon"", ""selectorGuids"": [""e6e85a02-c3d6-08eb-5df3-a2c1c099f20b""]}",,"{""delay"": 0, ""easing"": """", ""duration"": 500, ""target"": {""useEventTarget"": ""CHILDREN"", ""selector"": "".nav-dropdown-icon"", ""selectorGuids"": [""e6e85a02-c3d6-08eb-5df3-a2c1c099f20b""]}, ""zValue"": 0, ""xUnit"": ""DEG"", ""yUnit"": ""DEG"", ""zUnit"": ""deg""}","[{""key"": ""main"", ""min"": 992, ""max"": 10000}, {""key"": ""medium"", ""min"": 768, ""max"": 991}, {""key"": ""small"", ""min"": 480, ""max"": 767}, {""key"": ""tiny"", ""min"": 0, ""max"": 479}]","[""raw/published/resources/03c1fa8b77cf-dentvitalis33.schunk.6ecbf8a934abc739.js""]",,,
derived,e-39,Nav Dropdown Opens,MOUSE_OVER,"[""/"", ""/chi-siamo"", ""/condizioni-di-utilizzo"", ""/contatti"", ""/domande-e-risposte"", ""/faq"", ""/informativa-sulla-privacy"", ""/informazioni-per-pazienti"", ""/informazioni/alloggio"", ""/informazioni/garanzie"", ""/informazioni/listino-prezzi"", ""/informazioni/pagamento-flessibile"", ""/informazioni/prima-visita-gratuita"", ""/informazioni/tempi-del-trattamento"", ""/informazioni/trasporto"", ""/prestazioni-dentali"", ""/prestazioni/corone-faccette-ponti-e-protesi"", ""/prestazioni/premium-ponte-fisso-su-impianti"", ""/prestazioni/protesi-definitiva-ancorata-su-4-impianti"", ""/prestazioni/sbiancamento-dei-denti"", ""/prestazioni/sedazione-cosciente"", ""/su-di-noi/come-raggiungerci"", ""/su-di-noi/i-nostri-specialisti"", ""/su-di-noi/impianti-di-nuova-generazione"", ""/su-di-noi/laboratorio-odontotecnico"", ""/su-di-noi/materiali-e-apparecchiature"", ""/su-di-noi/tutto-in-un-unico-luogo"", ""/testimonianze""]",a-n-2,0,True,,,0,500,STYLE_SIZE,CHILDREN,"{""useEventTarget"": ""CHILDREN"", ""selector"": "".nav-dropdown-list"", ""selectorGuids"": [""e6e85a02-c3d6-08eb-5df3-a2c1c099f23a""]}",,"{""delay"": 0, ""easing"": """", ""duration"": 500, ""target"": {""useEventTarget"": ""CHILDREN"", ""selector"": "".nav-dropdown-list"", ""selectorGuids"": [""e6e85a02-c3d6-08eb-5df3-a2c1c099f23a""]}, ""heightValue"": 0, ""widthUnit"": ""PX"", ""heightUnit"": ""px"", ""locked"": false}","[{""key"": ""main"", ""min"": 992, ""max"": 10000}, {""key"": ""medium"", ""min"": 768, ""max"": 991}, {""key"": ""small"", ""min"": 480, ""max"": 767}, {""key"": ""tiny"", ""min"": 0, ""max"": 479}]","[""raw/published/resources/03c1fa8b77cf-dentvitalis33.schunk.6ecbf8a934abc739.js""]",,,
derived,e-39,Nav Dropdown Opens,MOUSE_OVER,"[""/"", ""/chi-siamo"", ""/condizioni-di-utilizzo"", ""/contatti"", ""/domande-e-risposte"", ""/faq"", ""/informativa-sulla-privacy"", ""/informazioni-per-pazienti"", ""/informazioni/alloggio"", ""/informazioni/garanzie"", ""/informazioni/listino-prezzi"", ""/informazioni/pagamento-flessibile"", ""/informazioni/prima-visita-gratuita"", ""/informazioni/tempi-del-trattamento"", ""/informazioni/trasporto"", ""/prestazioni-dentali"", ""/prestazioni/corone-faccette-ponti-e-protesi"", ""/prestazioni/premium-ponte-fisso-su-impianti"", ""/prestazioni/protesi-definitiva-ancorata-su-4-impianti"", ""/prestazioni/sbiancamento-dei-denti"", ""/prestazioni/sedazione-cosciente"", ""/su-di-noi/come-raggiungerci"", ""/su-di-noi/i-nostri-specialisti"", ""/su-di-noi/impianti-di-nuova-generazione"", ""/su-di-noi/laboratorio-odontotecnico"", ""/su-di-noi/materiali-e-apparecchiature"", ""/su-di-noi/tutto-in-un-unico-luogo"", ""/testimonianze""]",a-n-3,1,False,0,,0,200,TRANSFORM_ROTATE,CHILDREN,"{""useEventTarget"": ""CHILDREN"", ""selector"": "".nav-dropdown-icon"", ""selectorGuids"": [""e6e85a02-c3d6-08eb-5df3-a2c1c099f20b""]}",,"{""delay"": 0, ""easing"": """", ""duration"": 200, ""target"": {""useEventTarget"": ""CHILDREN"", ""selector"": "".nav-dropdown-icon"", ""selectorGuids"": [""e6e85a02-c3d6-08eb-5df3-a2c1c099f20b""]}, ""zValue"": -180, ""xUnit"": ""DEG"", ""yUnit"": ""DEG"", ""zUnit"": ""deg""}","[{""key"": ""main"", ""min"": 992, ""max"": 10000}, {""key"": ""medium"", ""min"": 768, ""max"": 991}, {""key"": ""small"", ""min"": 480, ""max"": 767}, {""key"": ""tiny"", ""min"": 0, ""max"": 479}]","[""raw/published/resources/03c1fa8b77cf-dentvitalis33.schunk.6ecbf8a934abc739.js""]",,,
derived,e-39,Nav Dropdown Opens,MOUSE_OVER,"[""/"", ""/chi-siamo"", ""/condizioni-di-utilizzo"", ""/contatti"", ""/domande-e-risposte"", ""/faq"", ""/informativa-sulla-privacy"", ""/informazioni-per-pazienti"", ""/informazioni/alloggio"", ""/informazioni/garanzie"", ""/informazioni/listino-prezzi"", ""/informazioni/pagamento-flessibile"", ""/informazioni/prima-visita-gratuita"", ""/informazioni/tempi-del-trattamento"", ""/informazioni/trasporto"", ""/prestazioni-dentali"", ""/prestazioni/corone-faccette-ponti-e-protesi"", ""/prestazioni/premium-ponte-fisso-su-impianti"", ""/prestazioni/protesi-definitiva-ancorata-su-4-impianti"", ""/prestazioni/sbiancamento-dei-denti"", ""/prestazioni/sedazione-cosciente"", ""/su-di-noi/come-raggiungerci"", ""/su-di-noi/i-nostri-specialisti"", ""/su-di-noi/impianti-di-nuova-generazione"", ""/su-di-noi/laboratorio-odontotecnico"", ""/su-di-noi/materiali-e-apparecchiature"", ""/su-di-noi/tutto-in-un-unico-luogo"", ""/testimonianze""]",a-n-4,1,False,0,,0,300,STYLE_SIZE,CHILDREN,"{""useEventTarget"": ""CHILDREN"", ""selector"": "".nav-dropdown-list"", ""selectorGuids"": [""e6e85a02-c3d6-08eb-5df3-a2c1c099f23a""]}",,"{""delay"": 0, ""easing"": """", ""duration"": 300, ""target"": {""useEventTarget"": ""CHILDREN"", ""selector"": "".nav-dropdown-list"", ""selectorGuids"": [""e6e85a02-c3d6-08eb-5df3-a2c1c099f23a""]}, ""widthUnit"": ""PX"", ""heightUnit"": ""AUTO"", ""locked"": false}","[{""key"": ""main"", ""min"": 992, ""max"": 10000}, {""key"": ""medium"", ""min"": 768, ""max"": 991}, {""key"": ""small"", ""min"": 480, ""max"": 767}, {""key"": ""tiny"", ""min"": 0, ""max"": 479}]","[""raw/published/resources/03c1fa8b77cf-dentvitalis33.schunk.6ecbf8a934abc739.js""]",,,
derived,e-40,Nav Dropdown Hover Out,MOUSE_OUT,"[""/"", ""/chi-siamo"", ""/condizioni-di-utilizzo"", ""/contatti"", ""/domande-e-risposte"", ""/faq"", ""/informativa-sulla-privacy"", ""/informazioni-per-pazienti"", ""/informazioni/alloggio"", ""/informazioni/garanzie"", ""/informazioni/listino-prezzi"", ""/informazioni/pagamento-flessibile"", ""/informazioni/prima-visita-gratuita"", ""/informazioni/tempi-del-trattamento"", ""/informazioni/trasporto"", ""/prestazioni-dentali"", ""/prestazioni/corone-faccette-ponti-e-protesi"", ""/prestazioni/premium-ponte-fisso-su-impianti"", ""/prestazioni/protesi-definitiva-ancorata-su-4-impianti"", ""/prestazioni/sbiancamento-dei-denti"", ""/prestazioni/sedazione-cosciente"", ""/su-di-noi/come-raggiungerci"", ""/su-di-noi/i-nostri-specialisti"", ""/su-di-noi/impianti-di-nuova-generazione"", ""/su-di-noi/laboratorio-odontotecnico"", ""/su-di-noi/materiali-e-apparecchiature"", ""/su-di-noi/tutto-in-un-unico-luogo"", ""/testimonianze""]",a-4-n,0,False,0,,0,200,TRANSFORM_ROTATE,,"{""selector"": "".nav-arrow-wrap"", ""selectorGuids"": [""e6e85a02-c3d6-08eb-5df3-a2c1c099f24a""]}",,"{""delay"": 0, ""easing"": """", ""duration"": 200, ""target"": {""selector"": "".nav-arrow-wrap"", ""selectorGuids"": [""e6e85a02-c3d6-08eb-5df3-a2c1c099f24a""]}, ""zValue"": 0, ""xUnit"": ""DEG"", ""yUnit"": ""DEG"", ""zUnit"": ""deg""}","[{""key"": ""main"", ""min"": 992, ""max"": 10000}, {""key"": ""medium"", ""min"": 768, ""max"": 991}, {""key"": ""small"", ""min"": 480, ""max"": 767}, {""key"": ""tiny"", ""min"": 0, ""max"": 479}]","[""raw/published/resources/03c1fa8b77cf-dentvitalis33.schunk.6ecbf8a934abc739.js""]",,,
derived,e-57,e-57,SCROLL_INTO_VIEW,[],e-57-derived-step-0,0,True,,200,0,0,STYLE_OPACITY,True,"{""id"": ""N/A"", ""appliesTo"": ""TRIGGER_ELEMENT"", ""useEventTarget"": true}",,"{""delay"": 0, ""duration"": 0, ""target"": {""id"": ""N/A"", ""appliesTo"": ""TRIGGER_ELEMENT"", ""useEventTarget"": true}, ""value"": 0}","[{""key"": ""main"", ""min"": 992, ""max"": 10000}, {""key"": ""medium"", ""min"": 768, ""max"": 991}, {""key"": ""small"", ""min"": 480, ""max"": 767}, {""key"": ""tiny"", ""min"": 0, ""max"": 479}]","[""raw/published/resources/03c1fa8b77cf-dentvitalis33.schunk.6ecbf8a934abc739.js""]",,,
derived,e-57,e-57,SCROLL_INTO_VIEW,[],e-57-derived-step-1,1,False,0,200,0,1000,STYLE_OPACITY,True,"{""id"": ""N/A"", ""appliesTo"": ""TRIGGER_ELEMENT"", ""useEventTarget"": true}",outQuart,"{""delay"": 0, ""easing"": ""outQuart"", ""duration"": 1000, ""target"": {""id"": ""N/A"", ""appliesTo"": ""TRIGGER_ELEMENT"", ""useEventTarget"": true}, ""value"": 1}","[{""key"": ""main"", ""min"": 992, ""max"": 10000}, {""key"": ""medium"", ""min"": 768, ""max"": 991}, {""key"": ""small"", ""min"": 480, ""max"": 767}, {""key"": ""tiny"", ""min"": 0, ""max"": 479}]","[""raw/published/resources/03c1fa8b77cf-dentvitalis33.schunk.6ecbf8a934abc739.js""]",,,
derived,e-63,e-63,SCROLL_INTO_VIEW,[],e-63-derived-step-0,0,True,,400,0,0,STYLE_OPACITY,True,"{""id"": ""N/A"", ""appliesTo"": ""TRIGGER_ELEMENT"", ""useEventTarget"": true}",,"{""delay"": 0, ""duration"": 0, ""target"": {""id"": ""N/A"", ""appliesTo"": ""TRIGGER_ELEMENT"", ""useEventTarget"": true}, ""value"": 0}","[{""key"": ""main"", ""min"": 992, ""max"": 10000}, {""key"": ""medium"", ""min"": 768, ""max"": 991}, {""key"": ""small"", ""min"": 480, ""max"": 767}, {""key"": ""tiny"", ""min"": 0, ""max"": 479}]","[""raw/published/resources/03c1fa8b77cf-dentvitalis33.schunk.6ecbf8a934abc739.js""]",,,
derived,e-63,e-63,SCROLL_INTO_VIEW,[],e-63-derived-step-1,1,False,0,400,0,1000,STYLE_OPACITY,True,"{""id"": ""N/A"", ""appliesTo"": ""TRIGGER_ELEMENT"", ""useEventTarget"": true}",outQuart,"{""delay"": 0, ""easing"": ""outQuart"", ""duration"": 1000, ""target"": {""id"": ""N/A"", ""appliesTo"": ""TRIGGER_ELEMENT"", ""useEventTarget"": true}, ""value"": 1}","[{""key"": ""main"", ""min"": 992, ""max"": 10000}, {""key"": ""medium"", ""min"": 768, ""max"": 991}, {""key"": ""small"", ""min"": 480, ""max"": 767}, {""key"": ""tiny"", ""min"": 0, ""max"": 479}]","[""raw/published/resources/03c1fa8b77cf-dentvitalis33.schunk.6ecbf8a934abc739.js""]",,,
derived,e-65,e-65,SCROLL_INTO_VIEW,"[""/""]",e-65-derived-step-0,0,True,,200,0,0,STYLE_OPACITY,True,"{""id"": ""N/A"", ""appliesTo"": ""TRIGGER_ELEMENT"", ""useEventTarget"": true}",,"{""delay"": 0, ""duration"": 0, ""target"": {""id"": ""N/A"", ""appliesTo"": ""TRIGGER_ELEMENT"", ""useEventTarget"": true}, ""value"": 0}","[{""key"": ""main"", ""min"": 992, ""max"": 10000}, {""key"": ""medium"", ""min"": 768, ""max"": 991}, {""key"": ""small"", ""min"": 480, ""max"": 767}, {""key"": ""tiny"", ""min"": 0, ""max"": 479}]","[""raw/published/resources/03c1fa8b77cf-dentvitalis33.schunk.6ecbf8a934abc739.js""]",,,
derived,e-65,e-65,SCROLL_INTO_VIEW,"[""/""]",e-65-derived-step-1,1,False,0,200,0,0,TRANSFORM_SCALE,True,"{""id"": ""N/A"", ""appliesTo"": ""TRIGGER_ELEMENT"", ""useEventTarget"": true}",,"{""delay"": 0, ""duration"": 0, ""target"": {""id"": ""N/A"", ""appliesTo"": ""TRIGGER_ELEMENT"", ""useEventTarget"": true}, ""xValue"": 0.7500000000000001, ""yValue"": 0.7500000000000001}","[{""key"": ""main"", ""min"": 992, ""max"": 10000}, {""key"": ""medium"", ""min"": 768, ""max"": 991}, {""key"": ""small"", ""min"": 480, ""max"": 767}, {""key"": ""tiny"", ""min"": 0, ""max"": 479}]","[""raw/published/resources/03c1fa8b77cf-dentvitalis33.schunk.6ecbf8a934abc739.js""]",,,
derived,e-65,e-65,SCROLL_INTO_VIEW,"[""/""]",e-65-derived-step-2,2,False,0,200,0,1000,TRANSFORM_SCALE,True,"{""id"": ""N/A"", ""appliesTo"": ""TRIGGER_ELEMENT"", ""useEventTarget"": true}",outQuart,"{""delay"": 0, ""easing"": ""outQuart"", ""duration"": 1000, ""target"": {""id"": ""N/A"", ""appliesTo"": ""TRIGGER_ELEMENT"", ""useEventTarget"": true}, ""xValue"": 1, ""yValue"": 1}","[{""key"": ""main"", ""min"": 992, ""max"": 10000}, {""key"": ""medium"", ""min"": 768, ""max"": 991}, {""key"": ""small"", ""min"": 480, ""max"": 767}, {""key"": ""tiny"", ""min"": 0, ""max"": 479}]","[""raw/published/resources/03c1fa8b77cf-dentvitalis33.schunk.6ecbf8a934abc739.js""]",,,
derived,e-65,e-65,SCROLL_INTO_VIEW,"[""/""]",e-65-derived-step-3,2,False,0,200,0,1000,STYLE_OPACITY,True,"{""id"": ""N/A"", ""appliesTo"": ""TRIGGER_ELEMENT"", ""useEventTarget"": true}",outQuart,"{""delay"": 0, ""easing"": ""outQuart"", ""duration"": 1000, ""target"": {""id"": ""N/A"", ""appliesTo"": ""TRIGGER_ELEMENT"", ""useEventTarget"": true}, ""value"": 1}","[{""key"": ""main"", ""min"": 992, ""max"": 10000}, {""key"": ""medium"", ""min"": 768, ""max"": 991}, {""key"": ""small"", ""min"": 480, ""max"": 767}, {""key"": ""tiny"", ""min"": 0, ""max"": 479}]","[""raw/published/resources/03c1fa8b77cf-dentvitalis33.schunk.6ecbf8a934abc739.js""]",,,
derived,e-71,e-71,SCROLL_INTO_VIEW,"[""/"", ""/prestazioni/corone-faccette-ponti-e-protesi"", ""/prestazioni/premium-ponte-fisso-su-impianti"", ""/prestazioni/protesi-definitiva-ancorata-su-4-impianti"", ""/prestazioni/sbiancamento-dei-denti""]",e-71-derived-step-0,0,True,,200,0,0,STYLE_OPACITY,True,"{""id"": ""N/A"", ""appliesTo"": ""TRIGGER_ELEMENT"", ""useEventTarget"": true}",,"{""delay"": 0, ""duration"": 0, ""target"": {""id"": ""N/A"", ""appliesTo"": ""TRIGGER_ELEMENT"", ""useEventTarget"": true}, ""value"": 0}","[{""key"": ""main"", ""min"": 992, ""max"": 10000}, {""key"": ""medium"", ""min"": 768, ""max"": 991}, {""key"": ""small"", ""min"": 480, ""max"": 767}, {""key"": ""tiny"", ""min"": 0, ""max"": 479}]","[""raw/published/resources/03c1fa8b77cf-dentvitalis33.schunk.6ecbf8a934abc739.js""]",,,
derived,e-71,e-71,SCROLL_INTO_VIEW,"[""/"", ""/prestazioni/corone-faccette-ponti-e-protesi"", ""/prestazioni/premium-ponte-fisso-su-impianti"", ""/prestazioni/protesi-definitiva-ancorata-su-4-impianti"", ""/prestazioni/sbiancamento-dei-denti""]",e-71-derived-step-1,1,False,0,200,0,0,TRANSFORM_MOVE,True,"{""id"": ""N/A"", ""appliesTo"": ""TRIGGER_ELEMENT"", ""useEventTarget"": true}",,"{""delay"": 0, ""duration"": 0, ""target"": {""id"": ""N/A"", ""appliesTo"": ""TRIGGER_ELEMENT"", ""useEventTarget"": true}, ""xValue"": 0, ""yValue"": 100, ""xUnit"": ""PX"", ""yUnit"": ""PX"", ""zUnit"": ""PX""}","[{""key"": ""main"", ""min"": 992, ""max"": 10000}, {""key"": ""medium"", ""min"": 768, ""max"": 991}, {""key"": ""small"", ""min"": 480, ""max"": 767}, {""key"": ""tiny"", ""min"": 0, ""max"": 479}]","[""raw/published/resources/03c1fa8b77cf-dentvitalis33.schunk.6ecbf8a934abc739.js""]",,,
derived,e-71,e-71,SCROLL_INTO_VIEW,"[""/"", ""/prestazioni/corone-faccette-ponti-e-protesi"", ""/prestazioni/premium-ponte-fisso-su-impianti"", ""/prestazioni/protesi-definitiva-ancorata-su-4-impianti"", ""/prestazioni/sbiancamento-dei-denti""]",e-71-derived-step-2,2,False,0,200,0,1000,TRANSFORM_MOVE,True,"{""id"": ""N/A"", ""appliesTo"": ""TRIGGER_ELEMENT"", ""useEventTarget"": true}",outQuart,"{""delay"": 0, ""easing"": ""outQuart"", ""duration"": 1000, ""target"": {""id"": ""N/A"", ""appliesTo"": ""TRIGGER_ELEMENT"", ""useEventTarget"": true}, ""xValue"": 0, ""yValue"": 0, ""xUnit"": ""PX"", ""yUnit"": ""PX"", ""zUnit"": ""PX""}","[{""key"": ""main"", ""min"": 992, ""max"": 10000}, {""key"": ""medium"", ""min"": 768, ""max"": 991}, {""key"": ""small"", ""min"": 480, ""max"": 767}, {""key"": ""tiny"", ""min"": 0, ""max"": 479}]","[""raw/published/resources/03c1fa8b77cf-dentvitalis33.schunk.6ecbf8a934abc739.js""]",,,
derived,e-71,e-71,SCROLL_INTO_VIEW,"[""/"", ""/prestazioni/corone-faccette-ponti-e-protesi"", ""/prestazioni/premium-ponte-fisso-su-impianti"", ""/prestazioni/protesi-definitiva-ancorata-su-4-impianti"", ""/prestazioni/sbiancamento-dei-denti""]",e-71-derived-step-3,2,False,0,200,0,1000,STYLE_OPACITY,True,"{""id"": ""N/A"", ""appliesTo"": ""TRIGGER_ELEMENT"", ""useEventTarget"": true}",outQuart,"{""delay"": 0, ""easing"": ""outQuart"", ""duration"": 1000, ""target"": {""id"": ""N/A"", ""appliesTo"": ""TRIGGER_ELEMENT"", ""useEventTarget"": true}, ""value"": 1}","[{""key"": ""main"", ""min"": 992, ""max"": 10000}, {""key"": ""medium"", ""min"": 768, ""max"": 991}, {""key"": ""small"", ""min"": 480, ""max"": 767}, {""key"": ""tiny"", ""min"": 0, ""max"": 479}]","[""raw/published/resources/03c1fa8b77cf-dentvitalis33.schunk.6ecbf8a934abc739.js""]",,,
derived,e-90,e-90,SCROLL_INTO_VIEW,"[""/""]",e-90-derived-step-0,0,True,,200,0,0,STYLE_OPACITY,True,"{""id"": ""N/A"", ""appliesTo"": ""TRIGGER_ELEMENT"", ""useEventTarget"": true}",,"{""delay"": 0, ""duration"": 0, ""target"": {""id"": ""N/A"", ""appliesTo"": ""TRIGGER_ELEMENT"", ""useEventTarget"": true}, ""value"": 0}","[{""key"": ""main"", ""min"": 992, ""max"": 10000}, {""key"": ""medium"", ""min"": 768, ""max"": 991}, {""key"": ""small"", ""min"": 480, ""max"": 767}, {""key"": ""tiny"", ""min"": 0, ""max"": 479}]","[""raw/published/resources/03c1fa8b77cf-dentvitalis33.schunk.6ecbf8a934abc739.js""]",,,
derived,e-90,e-90,SCROLL_INTO_VIEW,"[""/""]",e-90-derived-step-1,1,False,0,200,0,0,TRANSFORM_MOVE,True,"{""id"": ""N/A"", ""appliesTo"": ""TRIGGER_ELEMENT"", ""useEventTarget"": true}",,"{""delay"": 0, ""duration"": 0, ""target"": {""id"": ""N/A"", ""appliesTo"": ""TRIGGER_ELEMENT"", ""useEventTarget"": true}, ""xValue"": 0, ""yValue"": 100, ""xUnit"": ""PX"", ""yUnit"": ""PX"", ""zUnit"": ""PX""}","[{""key"": ""main"", ""min"": 992, ""max"": 10000}, {""key"": ""medium"", ""min"": 768, ""max"": 991}, {""key"": ""small"", ""min"": 480, ""max"": 767}, {""key"": ""tiny"", ""min"": 0, ""max"": 479}]","[""raw/published/resources/03c1fa8b77cf-dentvitalis33.schunk.6ecbf8a934abc739.js""]",,,
derived,e-90,e-90,SCROLL_INTO_VIEW,"[""/""]",e-90-derived-step-2,2,False,0,200,0,1000,TRANSFORM_MOVE,True,"{""id"": ""N/A"", ""appliesTo"": ""TRIGGER_ELEMENT"", ""useEventTarget"": true}",outQuart,"{""delay"": 0, ""easing"": ""outQuart"", ""duration"": 1000, ""target"": {""id"": ""N/A"", ""appliesTo"": ""TRIGGER_ELEMENT"", ""useEventTarget"": true}, ""xValue"": 0, ""yValue"": 0, ""xUnit"": ""PX"", ""yUnit"": ""PX"", ""zUnit"": ""PX""}","[{""key"": ""main"", ""min"": 992, ""max"": 10000}, {""key"": ""medium"", ""min"": 768, ""max"": 991}, {""key"": ""small"", ""min"": 480, ""max"": 767}, {""key"": ""tiny"", ""min"": 0, ""max"": 479}]","[""raw/published/resources/03c1fa8b77cf-dentvitalis33.schunk.6ecbf8a934abc739.js""]",,,
derived,e-90,e-90,SCROLL_INTO_VIEW,"[""/""]",e-90-derived-step-3,2,False,0,200,0,1000,STYLE_OPACITY,True,"{""id"": ""N/A"", ""appliesTo"": ""TRIGGER_ELEMENT"", ""useEventTarget"": true}",outQuart,"{""delay"": 0, ""easing"": ""outQuart"", ""duration"": 1000, ""target"": {""id"": ""N/A"", ""appliesTo"": ""TRIGGER_ELEMENT"", ""useEventTarget"": true}, ""value"": 1}","[{""key"": ""main"", ""min"": 992, ""max"": 10000}, {""key"": ""medium"", ""min"": 768, ""max"": 991}, {""key"": ""small"", ""min"": 480, ""max"": 767}, {""key"": ""tiny"", ""min"": 0, ""max"": 479}]","[""raw/published/resources/03c1fa8b77cf-dentvitalis33.schunk.6ecbf8a934abc739.js""]",,,
derived,e-91,e-91,SCROLL_INTO_VIEW,"[""/""]",e-91-derived-step-0,0,True,,400,0,0,STYLE_OPACITY,True,"{""id"": ""N/A"", ""appliesTo"": ""TRIGGER_ELEMENT"", ""useEventTarget"": true}",,"{""delay"": 0, ""duration"": 0, ""target"": {""id"": ""N/A"", ""appliesTo"": ""TRIGGER_ELEMENT"", ""useEventTarget"": true}, ""value"": 0}","[{""key"": ""main"", ""min"": 992, ""max"": 10000}, {""key"": ""medium"", ""min"": 768, ""max"": 991}, {""key"": ""small"", ""min"": 480, ""max"": 767}, {""key"": ""tiny"", ""min"": 0, ""max"": 479}]","[""raw/published/resources/03c1fa8b77cf-dentvitalis33.schunk.6ecbf8a934abc739.js""]",,,
derived,e-91,e-91,SCROLL_INTO_VIEW,"[""/""]",e-91-derived-step-1,1,False,0,400,0,0,TRANSFORM_SCALE,True,"{""id"": ""N/A"", ""appliesTo"": ""TRIGGER_ELEMENT"", ""useEventTarget"": true}",,"{""delay"": 0, ""duration"": 0, ""target"": {""id"": ""N/A"", ""appliesTo"": ""TRIGGER_ELEMENT"", ""useEventTarget"": true}, ""xValue"": 0.7500000000000001, ""yValue"": 0.7500000000000001}","[{""key"": ""main"", ""min"": 992, ""max"": 10000}, {""key"": ""medium"", ""min"": 768, ""max"": 991}, {""key"": ""small"", ""min"": 480, ""max"": 767}, {""key"": ""tiny"", ""min"": 0, ""max"": 479}]","[""raw/published/resources/03c1fa8b77cf-dentvitalis33.schunk.6ecbf8a934abc739.js""]",,,
derived,e-91,e-91,SCROLL_INTO_VIEW,"[""/""]",e-91-derived-step-2,2,False,0,400,0,1000,TRANSFORM_SCALE,True,"{""id"": ""N/A"", ""appliesTo"": ""TRIGGER_ELEMENT"", ""useEventTarget"": true}",outQuart,"{""delay"": 0, ""easing"": ""outQuart"", ""duration"": 1000, ""target"": {""id"": ""N/A"", ""appliesTo"": ""TRIGGER_ELEMENT"", ""useEventTarget"": true}, ""xValue"": 1, ""yValue"": 1}","[{""key"": ""main"", ""min"": 992, ""max"": 10000}, {""key"": ""medium"", ""min"": 768, ""max"": 991}, {""key"": ""small"", ""min"": 480, ""max"": 767}, {""key"": ""tiny"", ""min"": 0, ""max"": 479}]","[""raw/published/resources/03c1fa8b77cf-dentvitalis33.schunk.6ecbf8a934abc739.js""]",,,
derived,e-91,e-91,SCROLL_INTO_VIEW,"[""/""]",e-91-derived-step-3,2,False,0,400,0,1000,STYLE_OPACITY,True,"{""id"": ""N/A"", ""appliesTo"": ""TRIGGER_ELEMENT"", ""useEventTarget"": true}",outQuart,"{""delay"": 0, ""easing"": ""outQuart"", ""duration"": 1000, ""target"": {""id"": ""N/A"", ""appliesTo"": ""TRIGGER_ELEMENT"", ""useEventTarget"": true}, ""value"": 1}","[{""key"": ""main"", ""min"": 992, ""max"": 10000}, {""key"": ""medium"", ""min"": 768, ""max"": 991}, {""key"": ""small"", ""min"": 480, ""max"": 767}, {""key"": ""tiny"", ""min"": 0, ""max"": 479}]","[""raw/published/resources/03c1fa8b77cf-dentvitalis33.schunk.6ecbf8a934abc739.js""]",,,
derived,e-98,e-98,SCROLL_INTO_VIEW,"[""/""]",e-98-derived-step-0,0,True,,200,0,0,STYLE_OPACITY,True,"{""id"": ""N/A"", ""appliesTo"": ""TRIGGER_ELEMENT"", ""useEventTarget"": true}",,"{""delay"": 0, ""duration"": 0, ""target"": {""id"": ""N/A"", ""appliesTo"": ""TRIGGER_ELEMENT"", ""useEventTarget"": true}, ""value"": 0}","[{""key"": ""main"", ""min"": 992, ""max"": 10000}, {""key"": ""medium"", ""min"": 768, ""max"": 991}, {""key"": ""small"", ""min"": 480, ""max"": 767}, {""key"": ""tiny"", ""min"": 0, ""max"": 479}]","[""raw/published/resources/03c1fa8b77cf-dentvitalis33.schunk.6ecbf8a934abc739.js""]",,,
derived,e-98,e-98,SCROLL_INTO_VIEW,"[""/""]",e-98-derived-step-1,1,False,0,200,0,0,TRANSFORM_MOVE,True,"{""id"": ""N/A"", ""appliesTo"": ""TRIGGER_ELEMENT"", ""useEventTarget"": true}",,"{""delay"": 0, ""duration"": 0, ""target"": {""id"": ""N/A"", ""appliesTo"": ""TRIGGER_ELEMENT"", ""useEventTarget"": true}, ""xValue"": 0, ""yValue"": 100, ""xUnit"": ""PX"", ""yUnit"": ""PX"", ""zUnit"": ""PX""}","[{""key"": ""main"", ""min"": 992, ""max"": 10000}, {""key"": ""medium"", ""min"": 768, ""max"": 991}, {""key"": ""small"", ""min"": 480, ""max"": 767}, {""key"": ""tiny"", ""min"": 0, ""max"": 479}]","[""raw/published/resources/03c1fa8b77cf-dentvitalis33.schunk.6ecbf8a934abc739.js""]",,,
derived,e-98,e-98,SCROLL_INTO_VIEW,"[""/""]",e-98-derived-step-2,2,False,0,200,0,1000,TRANSFORM_MOVE,True,"{""id"": ""N/A"", ""appliesTo"": ""TRIGGER_ELEMENT"", ""useEventTarget"": true}",outQuart,"{""delay"": 0, ""easing"": ""outQuart"", ""duration"": 1000, ""target"": {""id"": ""N/A"", ""appliesTo"": ""TRIGGER_ELEMENT"", ""useEventTarget"": true}, ""xValue"": 0, ""yValue"": 0, ""xUnit"": ""PX"", ""yUnit"": ""PX"", ""zUnit"": ""PX""}","[{""key"": ""main"", ""min"": 992, ""max"": 10000}, {""key"": ""medium"", ""min"": 768, ""max"": 991}, {""key"": ""small"", ""min"": 480, ""max"": 767}, {""key"": ""tiny"", ""min"": 0, ""max"": 479}]","[""raw/published/resources/03c1fa8b77cf-dentvitalis33.schunk.6ecbf8a934abc739.js""]",,,
derived,e-98,e-98,SCROLL_INTO_VIEW,"[""/""]",e-98-derived-step-3,2,False,0,200,0,1000,STYLE_OPACITY,True,"{""id"": ""N/A"", ""appliesTo"": ""TRIGGER_ELEMENT"", ""useEventTarget"": true}",outQuart,"{""delay"": 0, ""easing"": ""outQuart"", ""duration"": 1000, ""target"": {""id"": ""N/A"", ""appliesTo"": ""TRIGGER_ELEMENT"", ""useEventTarget"": true}, ""value"": 1}","[{""key"": ""main"", ""min"": 992, ""max"": 10000}, {""key"": ""medium"", ""min"": 768, ""max"": 991}, {""key"": ""small"", ""min"": 480, ""max"": 767}, {""key"": ""tiny"", ""min"": 0, ""max"": 479}]","[""raw/published/resources/03c1fa8b77cf-dentvitalis33.schunk.6ecbf8a934abc739.js""]",,,
derived,e-111,e-111,SCROLL_INTO_VIEW,[],e-111-derived-step-0,0,True,,800,0,0,STYLE_OPACITY,True,"{""id"": ""N/A"", ""appliesTo"": ""TRIGGER_ELEMENT"", ""useEventTarget"": true}",,"{""delay"": 0, ""duration"": 0, ""target"": {""id"": ""N/A"", ""appliesTo"": ""TRIGGER_ELEMENT"", ""useEventTarget"": true}, ""value"": 0}","[{""key"": ""main"", ""min"": 992, ""max"": 10000}, {""key"": ""medium"", ""min"": 768, ""max"": 991}, {""key"": ""small"", ""min"": 480, ""max"": 767}, {""key"": ""tiny"", ""min"": 0, ""max"": 479}]","[""raw/published/resources/03c1fa8b77cf-dentvitalis33.schunk.6ecbf8a934abc739.js""]",,,
derived,e-111,e-111,SCROLL_INTO_VIEW,[],e-111-derived-step-1,1,False,0,800,0,1000,STYLE_OPACITY,True,"{""id"": ""N/A"", ""appliesTo"": ""TRIGGER_ELEMENT"", ""useEventTarget"": true}",outQuart,"{""delay"": 0, ""easing"": ""outQuart"", ""duration"": 1000, ""target"": {""id"": ""N/A"", ""appliesTo"": ""TRIGGER_ELEMENT"", ""useEventTarget"": true}, ""value"": 1}","[{""key"": ""main"", ""min"": 992, ""max"": 10000}, {""key"": ""medium"", ""min"": 768, ""max"": 991}, {""key"": ""small"", ""min"": 480, ""max"": 767}, {""key"": ""tiny"", ""min"": 0, ""max"": 479}]","[""raw/published/resources/03c1fa8b77cf-dentvitalis33.schunk.6ecbf8a934abc739.js""]",,,
derived,e-113,e-113,SCROLL_INTO_VIEW,[],e-113-derived-step-0,0,True,,1000,0,0,STYLE_OPACITY,True,"{""id"": ""N/A"", ""appliesTo"": ""TRIGGER_ELEMENT"", ""useEventTarget"": true}",,"{""delay"": 0, ""duration"": 0, ""target"": {""id"": ""N/A"", ""appliesTo"": ""TRIGGER_ELEMENT"", ""useEventTarget"": true}, ""value"": 0}","[{""key"": ""main"", ""min"": 992, ""max"": 10000}, {""key"": ""medium"", ""min"": 768, ""max"": 991}, {""key"": ""small"", ""min"": 480, ""max"": 767}, {""key"": ""tiny"", ""min"": 0, ""max"": 479}]","[""raw/published/resources/03c1fa8b77cf-dentvitalis33.schunk.6ecbf8a934abc739.js""]",,,
derived,e-113,e-113,SCROLL_INTO_VIEW,[],e-113-derived-step-1,1,False,0,1000,0,1000,STYLE_OPACITY,True,"{""id"": ""N/A"", ""appliesTo"": ""TRIGGER_ELEMENT"", ""useEventTarget"": true}",outQuart,"{""delay"": 0, ""easing"": ""outQuart"", ""duration"": 1000, ""target"": {""id"": ""N/A"", ""appliesTo"": ""TRIGGER_ELEMENT"", ""useEventTarget"": true}, ""value"": 1}","[{""key"": ""main"", ""min"": 992, ""max"": 10000}, {""key"": ""medium"", ""min"": 768, ""max"": 991}, {""key"": ""small"", ""min"": 480, ""max"": 767}, {""key"": ""tiny"", ""min"": 0, ""max"": 479}]","[""raw/published/resources/03c1fa8b77cf-dentvitalis33.schunk.6ecbf8a934abc739.js""]",,,
derived,e-115,e-115,SCROLL_INTO_VIEW,[],e-115-derived-step-0,0,True,,1200,0,0,STYLE_OPACITY,True,"{""id"": ""N/A"", ""appliesTo"": ""TRIGGER_ELEMENT"", ""useEventTarget"": true}",,"{""delay"": 0, ""duration"": 0, ""target"": {""id"": ""N/A"", ""appliesTo"": ""TRIGGER_ELEMENT"", ""useEventTarget"": true}, ""value"": 0}","[{""key"": ""main"", ""min"": 992, ""max"": 10000}, {""key"": ""medium"", ""min"": 768, ""max"": 991}, {""key"": ""small"", ""min"": 480, ""max"": 767}, {""key"": ""tiny"", ""min"": 0, ""max"": 479}]","[""raw/published/resources/03c1fa8b77cf-dentvitalis33.schunk.6ecbf8a934abc739.js""]",,,
derived,e-115,e-115,SCROLL_INTO_VIEW,[],e-115-derived-step-1,1,False,0,1200,0,1000,STYLE_OPACITY,True,"{""id"": ""N/A"", ""appliesTo"": ""TRIGGER_ELEMENT"", ""useEventTarget"": true}",outQuart,"{""delay"": 0, ""easing"": ""outQuart"", ""duration"": 1000, ""target"": {""id"": ""N/A"", ""appliesTo"": ""TRIGGER_ELEMENT"", ""useEventTarget"": true}, ""value"": 1}","[{""key"": ""main"", ""min"": 992, ""max"": 10000}, {""key"": ""medium"", ""min"": 768, ""max"": 991}, {""key"": ""small"", ""min"": 480, ""max"": 767}, {""key"": ""tiny"", ""min"": 0, ""max"": 479}]","[""raw/published/resources/03c1fa8b77cf-dentvitalis33.schunk.6ecbf8a934abc739.js""]",,,
derived,e-117,Whatsapp-open,MOUSE_CLICK,"[""/"", ""/chi-siamo"", ""/condizioni-di-utilizzo"", ""/contatti"", ""/domande-e-risposte"", ""/faq"", ""/informativa-sulla-privacy"", ""/informazioni-per-pazienti"", ""/informazioni/alloggio"", ""/informazioni/garanzie"", ""/informazioni/listino-prezzi"", ""/informazioni/pagamento-flessibile"", ""/informazioni/prima-visita-gratuita"", ""/informazioni/tempi-del-trattamento"", ""/informazioni/trasporto"", ""/prestazioni-dentali"", ""/prestazioni/corone-faccette-ponti-e-protesi"", ""/prestazioni/premium-ponte-fisso-su-impianti"", ""/prestazioni/protesi-definitiva-ancorata-su-4-impianti"", ""/prestazioni/sbiancamento-dei-denti"", ""/prestazioni/sedazione-cosciente"", ""/su-di-noi/come-raggiungerci"", ""/su-di-noi/i-nostri-specialisti"", ""/su-di-noi/impianti-di-nuova-generazione"", ""/su-di-noi/laboratorio-odontotecnico"", ""/su-di-noi/materiali-e-apparecchiature"", ""/su-di-noi/tutto-in-un-unico-luogo"", ""/testimonianze""]",a-8-n,0,True,,,0,500,STYLE_OPACITY,SIBLINGS,"{""useEventTarget"": ""SIBLINGS"", ""selector"": "".whatsapp-chat"", ""selectorGuids"": [""83f2cc56-3a29-3903-e59c-0711f389e2d9""]}",,"{""delay"": 0, ""easing"": """", ""duration"": 500, ""target"": {""useEventTarget"": ""SIBLINGS"", ""selector"": "".whatsapp-chat"", ""selectorGuids"": [""83f2cc56-3a29-3903-e59c-0711f389e2d9""]}, ""value"": 0, ""unit"": """"}","[{""key"": ""main"", ""min"": 992, ""max"": 10000}, {""key"": ""medium"", ""min"": 768, ""max"": 991}, {""key"": ""small"", ""min"": 480, ""max"": 767}, {""key"": ""tiny"", ""min"": 0, ""max"": 479}]","[""raw/published/resources/03c1fa8b77cf-dentvitalis33.schunk.6ecbf8a934abc739.js""]",,,
derived,e-117,Whatsapp-open,MOUSE_CLICK,"[""/"", ""/chi-siamo"", ""/condizioni-di-utilizzo"", ""/contatti"", ""/domande-e-risposte"", ""/faq"", ""/informativa-sulla-privacy"", ""/informazioni-per-pazienti"", ""/informazioni/alloggio"", ""/informazioni/garanzie"", ""/informazioni/listino-prezzi"", ""/informazioni/pagamento-flessibile"", ""/informazioni/prima-visita-gratuita"", ""/informazioni/tempi-del-trattamento"", ""/informazioni/trasporto"", ""/prestazioni-dentali"", ""/prestazioni/corone-faccette-ponti-e-protesi"", ""/prestazioni/premium-ponte-fisso-su-impianti"", ""/prestazioni/protesi-definitiva-ancorata-su-4-impianti"", ""/prestazioni/sbiancamento-dei-denti"", ""/prestazioni/sedazione-cosciente"", ""/su-di-noi/come-raggiungerci"", ""/su-di-noi/i-nostri-specialisti"", ""/su-di-noi/impianti-di-nuova-generazione"", ""/su-di-noi/laboratorio-odontotecnico"", ""/su-di-noi/materiali-e-apparecchiature"", ""/su-di-noi/tutto-in-un-unico-luogo"", ""/testimonianze""]",a-8-n-2,0,True,,,0,500,TRANSFORM_MOVE,SIBLINGS,"{""useEventTarget"": ""SIBLINGS"", ""selector"": "".whatsapp-chat"", ""selectorGuids"": [""83f2cc56-3a29-3903-e59c-0711f389e2d9""]}",,"{""delay"": 0, ""easing"": """", ""duration"": 500, ""target"": {""useEventTarget"": ""SIBLINGS"", ""selector"": "".whatsapp-chat"", ""selectorGuids"": [""83f2cc56-3a29-3903-e59c-0711f389e2d9""]}, ""yValue"": 20, ""xUnit"": ""PX"", ""yUnit"": ""px"", ""zUnit"": ""PX""}","[{""key"": ""main"", ""min"": 992, ""max"": 10000}, {""key"": ""medium"", ""min"": 768, ""max"": 991}, {""key"": ""small"", ""min"": 480, ""max"": 767}, {""key"": ""tiny"", ""min"": 0, ""max"": 479}]","[""raw/published/resources/03c1fa8b77cf-dentvitalis33.schunk.6ecbf8a934abc739.js""]",,,
derived,e-117,Whatsapp-open,MOUSE_CLICK,"[""/"", ""/chi-siamo"", ""/condizioni-di-utilizzo"", ""/contatti"", ""/domande-e-risposte"", ""/faq"", ""/informativa-sulla-privacy"", ""/informazioni-per-pazienti"", ""/informazioni/alloggio"", ""/informazioni/garanzie"", ""/informazioni/listino-prezzi"", ""/informazioni/pagamento-flessibile"", ""/informazioni/prima-visita-gratuita"", ""/informazioni/tempi-del-trattamento"", ""/informazioni/trasporto"", ""/prestazioni-dentali"", ""/prestazioni/corone-faccette-ponti-e-protesi"", ""/prestazioni/premium-ponte-fisso-su-impianti"", ""/prestazioni/protesi-definitiva-ancorata-su-4-impianti"", ""/prestazioni/sbiancamento-dei-denti"", ""/prestazioni/sedazione-cosciente"", ""/su-di-noi/come-raggiungerci"", ""/su-di-noi/i-nostri-specialisti"", ""/su-di-noi/impianti-di-nuova-generazione"", ""/su-di-noi/laboratorio-odontotecnico"", ""/su-di-noi/materiali-e-apparecchiature"", ""/su-di-noi/tutto-in-un-unico-luogo"", ""/testimonianze""]",a-8-n-3,0,True,,,0,500,STYLE_OPACITY,,"{""selector"": "".chat-block"", ""selectorGuids"": [""83f2cc56-3a29-3903-e59c-0711f389e2ca""]}",,"{""delay"": 0, ""easing"": """", ""duration"": 500, ""target"": {""selector"": "".chat-block"", ""selectorGuids"": [""83f2cc56-3a29-3903-e59c-0711f389e2ca""]}, ""value"": 0, ""unit"": """"}","[{""key"": ""main"", ""min"": 992, ""max"": 10000}, {""key"": ""medium"", ""min"": 768, ""max"": 991}, {""key"": ""small"", ""min"": 480, ""max"": 767}, {""key"": ""tiny"", ""min"": 0, ""max"": 479}]","[""raw/published/resources/03c1fa8b77cf-dentvitalis33.schunk.6ecbf8a934abc739.js""]",,,
derived,e-117,Whatsapp-open,MOUSE_CLICK,"[""/"", ""/chi-siamo"", ""/condizioni-di-utilizzo"", ""/contatti"", ""/domande-e-risposte"", ""/faq"", ""/informativa-sulla-privacy"", ""/informazioni-per-pazienti"", ""/informazioni/alloggio"", ""/informazioni/garanzie"", ""/informazioni/listino-prezzi"", ""/informazioni/pagamento-flessibile"", ""/informazioni/prima-visita-gratuita"", ""/informazioni/tempi-del-trattamento"", ""/informazioni/trasporto"", ""/prestazioni-dentali"", ""/prestazioni/corone-faccette-ponti-e-protesi"", ""/prestazioni/premium-ponte-fisso-su-impianti"", ""/prestazioni/protesi-definitiva-ancorata-su-4-impianti"", ""/prestazioni/sbiancamento-dei-denti"", ""/prestazioni/sedazione-cosciente"", ""/su-di-noi/come-raggiungerci"", ""/su-di-noi/i-nostri-specialisti"", ""/su-di-noi/impianti-di-nuova-generazione"", ""/su-di-noi/laboratorio-odontotecnico"", ""/su-di-noi/materiali-e-apparecchiature"", ""/su-di-noi/tutto-in-un-unico-luogo"", ""/testimonianze""]",a-8-n-4,0,True,,,0,500,TRANSFORM_MOVE,,"{""selector"": "".chat-block"", ""selectorGuids"": [""83f2cc56-3a29-3903-e59c-0711f389e2ca""]}",,"{""delay"": 0, ""easing"": """", ""duration"": 500, ""target"": {""selector"": "".chat-block"", ""selectorGuids"": [""83f2cc56-3a29-3903-e59c-0711f389e2ca""]}, ""xValue"": 20, ""xUnit"": ""px"", ""yUnit"": ""PX"", ""zUnit"": ""PX""}","[{""key"": ""main"", ""min"": 992, ""max"": 10000}, {""key"": ""medium"", ""min"": 768, ""max"": 991}, {""key"": ""small"", ""min"": 480, ""max"": 767}, {""key"": ""tiny"", ""min"": 0, ""max"": 479}]","[""raw/published/resources/03c1fa8b77cf-dentvitalis33.schunk.6ecbf8a934abc739.js""]",,,
derived,e-117,Whatsapp-open,MOUSE_CLICK,"[""/"", ""/chi-siamo"", ""/condizioni-di-utilizzo"", ""/contatti"", ""/domande-e-risposte"", ""/faq"", ""/informativa-sulla-privacy"", ""/informazioni-per-pazienti"", ""/informazioni/alloggio"", ""/informazioni/garanzie"", ""/informazioni/listino-prezzi"", ""/informazioni/pagamento-flessibile"", ""/informazioni/prima-visita-gratuita"", ""/informazioni/tempi-del-trattamento"", ""/informazioni/trasporto"", ""/prestazioni-dentali"", ""/prestazioni/corone-faccette-ponti-e-protesi"", ""/prestazioni/premium-ponte-fisso-su-impianti"", ""/prestazioni/protesi-definitiva-ancorata-su-4-impianti"", ""/prestazioni/sbiancamento-dei-denti"", ""/prestazioni/sedazione-cosciente"", ""/su-di-noi/come-raggiungerci"", ""/su-di-noi/i-nostri-specialisti"", ""/su-di-noi/impianti-di-nuova-generazione"", ""/su-di-noi/laboratorio-odontotecnico"", ""/su-di-noi/materiali-e-apparecchiature"", ""/su-di-noi/tutto-in-un-unico-luogo"", ""/testimonianze""]",a-8-n-5,1,False,0,,0,0,GENERAL_DISPLAY,SIBLINGS,"{""useEventTarget"": ""SIBLINGS"", ""selector"": "".whatsapp-chat"", ""selectorGuids"": [""83f2cc56-3a29-3903-e59c-0711f389e2d9""]}",,"{""delay"": 0, ""easing"": """", ""duration"": 0, ""target"": {""useEventTarget"": ""SIBLINGS"", ""selector"": "".whatsapp-chat"", ""selectorGuids"": [""83f2cc56-3a29-3903-e59c-0711f389e2d9""]}, ""value"": ""flex""}","[{""key"": ""main"", ""min"": 992, ""max"": 10000}, {""key"": ""medium"", ""min"": 768, ""max"": 991}, {""key"": ""small"", ""min"": 480, ""max"": 767}, {""key"": ""tiny"", ""min"": 0, ""max"": 479}]","[""raw/published/resources/03c1fa8b77cf-dentvitalis33.schunk.6ecbf8a934abc739.js""]",,,
derived,e-117,Whatsapp-open,MOUSE_CLICK,"[""/"", ""/chi-siamo"", ""/condizioni-di-utilizzo"", ""/contatti"", ""/domande-e-risposte"", ""/faq"", ""/informativa-sulla-privacy"", ""/informazioni-per-pazienti"", ""/informazioni/alloggio"", ""/informazioni/garanzie"", ""/informazioni/listino-prezzi"", ""/informazioni/pagamento-flessibile"", ""/informazioni/prima-visita-gratuita"", ""/informazioni/tempi-del-trattamento"", ""/informazioni/trasporto"", ""/prestazioni-dentali"", ""/prestazioni/corone-faccette-ponti-e-protesi"", ""/prestazioni/premium-ponte-fisso-su-impianti"", ""/prestazioni/protesi-definitiva-ancorata-su-4-impianti"", ""/prestazioni/sbiancamento-dei-denti"", ""/prestazioni/sedazione-cosciente"", ""/su-di-noi/come-raggiungerci"", ""/su-di-noi/i-nostri-specialisti"", ""/su-di-noi/impianti-di-nuova-generazione"", ""/su-di-noi/laboratorio-odontotecnico"", ""/su-di-noi/materiali-e-apparecchiature"", ""/su-di-noi/tutto-in-un-unico-luogo"", ""/testimonianze""]",a-8-n-6,1,False,0,,0,800,STYLE_OPACITY,SIBLINGS,"{""useEventTarget"": ""SIBLINGS"", ""selector"": "".whatsapp-chat"", ""selectorGuids"": [""83f2cc56-3a29-3903-e59c-0711f389e2d9""]}",outQuart,"{""delay"": 0, ""easing"": ""outQuart"", ""duration"": 800, ""target"": {""useEventTarget"": ""SIBLINGS"", ""selector"": "".whatsapp-chat"", ""selectorGuids"": [""83f2cc56-3a29-3903-e59c-0711f389e2d9""]}, ""value"": 1, ""unit"": """"}","[{""key"": ""main"", ""min"": 992, ""max"": 10000}, {""key"": ""medium"", ""min"": 768, ""max"": 991}, {""key"": ""small"", ""min"": 480, ""max"": 767}, {""key"": ""tiny"", ""min"": 0, ""max"": 479}]","[""raw/published/resources/03c1fa8b77cf-dentvitalis33.schunk.6ecbf8a934abc739.js""]",,,
derived,e-117,Whatsapp-open,MOUSE_CLICK,"[""/"", ""/chi-siamo"", ""/condizioni-di-utilizzo"", ""/contatti"", ""/domande-e-risposte"", ""/faq"", ""/informativa-sulla-privacy"", ""/informazioni-per-pazienti"", ""/informazioni/alloggio"", ""/informazioni/garanzie"", ""/informazioni/listino-prezzi"", ""/informazioni/pagamento-flessibile"", ""/informazioni/prima-visita-gratuita"", ""/informazioni/tempi-del-trattamento"", ""/informazioni/trasporto"", ""/prestazioni-dentali"", ""/prestazioni/corone-faccette-ponti-e-protesi"", ""/prestazioni/premium-ponte-fisso-su-impianti"", ""/prestazioni/protesi-definitiva-ancorata-su-4-impianti"", ""/prestazioni/sbiancamento-dei-denti"", ""/prestazioni/sedazione-cosciente"", ""/su-di-noi/come-raggiungerci"", ""/su-di-noi/i-nostri-specialisti"", ""/su-di-noi/impianti-di-nuova-generazione"", ""/su-di-noi/laboratorio-odontotecnico"", ""/su-di-noi/materiali-e-apparecchiature"", ""/su-di-noi/tutto-in-un-unico-luogo"", ""/testimonianze""]",a-8-n-7,1,False,0,,0,500,TRANSFORM_MOVE,SIBLINGS,"{""useEventTarget"": ""SIBLINGS"", ""selector"": "".whatsapp-chat"", ""selectorGuids"": [""83f2cc56-3a29-3903-e59c-0711f389e2d9""]}",inOutQuart,"{""delay"": 0, ""easing"": ""inOutQuart"", ""duration"": 500, ""target"": {""useEventTarget"": ""SIBLINGS"", ""selector"": "".whatsapp-chat"", ""selectorGuids"": [""83f2cc56-3a29-3903-e59c-0711f389e2d9""]}, ""yValue"": 0, ""xUnit"": ""PX"", ""yUnit"": ""px"", ""zUnit"": ""PX""}","[{""key"": ""main"", ""min"": 992, ""max"": 10000}, {""key"": ""medium"", ""min"": 768, ""max"": 991}, {""key"": ""small"", ""min"": 480, ""max"": 767}, {""key"": ""tiny"", ""min"": 0, ""max"": 479}]","[""raw/published/resources/03c1fa8b77cf-dentvitalis33.schunk.6ecbf8a934abc739.js""]",,,
derived,e-117,Whatsapp-open,MOUSE_CLICK,"[""/"", ""/chi-siamo"", ""/condizioni-di-utilizzo"", ""/contatti"", ""/domande-e-risposte"", ""/faq"", ""/informativa-sulla-privacy"", ""/informazioni-per-pazienti"", ""/informazioni/alloggio"", ""/informazioni/garanzie"", ""/informazioni/listino-prezzi"", ""/informazioni/pagamento-flessibile"", ""/informazioni/prima-visita-gratuita"", ""/informazioni/tempi-del-trattamento"", ""/informazioni/trasporto"", ""/prestazioni-dentali"", ""/prestazioni/corone-faccette-ponti-e-protesi"", ""/prestazioni/premium-ponte-fisso-su-impianti"", ""/prestazioni/protesi-definitiva-ancorata-su-4-impianti"", ""/prestazioni/sbiancamento-dei-denti"", ""/prestazioni/sedazione-cosciente"", ""/su-di-noi/come-raggiungerci"", ""/su-di-noi/i-nostri-specialisti"", ""/su-di-noi/impianti-di-nuova-generazione"", ""/su-di-noi/laboratorio-odontotecnico"", ""/su-di-noi/materiali-e-apparecchiature"", ""/su-di-noi/tutto-in-un-unico-luogo"", ""/testimonianze""]",a-8-n-8,1,False,800,,800,500,STYLE_OPACITY,,"{""selector"": "".chat-block"", ""selectorGuids"": [""83f2cc56-3a29-3903-e59c-0711f389e2ca""]}",inOutQuart,"{""delay"": 800, ""easing"": ""inOutQuart"", ""duration"": 500, ""target"": {""selector"": "".chat-block"", ""selectorGuids"": [""83f2cc56-3a29-3903-e59c-0711f389e2ca""]}, ""value"": 1, ""unit"": """"}","[{""key"": ""main"", ""min"": 992, ""max"": 10000}, {""key"": ""medium"", ""min"": 768, ""max"": 991}, {""key"": ""small"", ""min"": 480, ""max"": 767}, {""key"": ""tiny"", ""min"": 0, ""max"": 479}]","[""raw/published/resources/03c1fa8b77cf-dentvitalis33.schunk.6ecbf8a934abc739.js""]",,,
derived,e-117,Whatsapp-open,MOUSE_CLICK,"[""/"", ""/chi-siamo"", ""/condizioni-di-utilizzo"", ""/contatti"", ""/domande-e-risposte"", ""/faq"", ""/informativa-sulla-privacy"", ""/informazioni-per-pazienti"", ""/informazioni/alloggio"", ""/informazioni/garanzie"", ""/informazioni/listino-prezzi"", ""/informazioni/pagamento-flessibile"", ""/informazioni/prima-visita-gratuita"", ""/informazioni/tempi-del-trattamento"", ""/informazioni/trasporto"", ""/prestazioni-dentali"", ""/prestazioni/corone-faccette-ponti-e-protesi"", ""/prestazioni/premium-ponte-fisso-su-impianti"", ""/prestazioni/protesi-definitiva-ancorata-su-4-impianti"", ""/prestazioni/sbiancamento-dei-denti"", ""/prestazioni/sedazione-cosciente"", ""/su-di-noi/come-raggiungerci"", ""/su-di-noi/i-nostri-specialisti"", ""/su-di-noi/impianti-di-nuova-generazione"", ""/su-di-noi/laboratorio-odontotecnico"", ""/su-di-noi/materiali-e-apparecchiature"", ""/su-di-noi/tutto-in-un-unico-luogo"", ""/testimonianze""]",a-8-n-9,1,False,800,,800,500,TRANSFORM_MOVE,,"{""selector"": "".chat-block"", ""selectorGuids"": [""83f2cc56-3a29-3903-e59c-0711f389e2ca""]}",inOutQuart,"{""delay"": 800, ""easing"": ""inOutQuart"", ""duration"": 500, ""target"": {""selector"": "".chat-block"", ""selectorGuids"": [""83f2cc56-3a29-3903-e59c-0711f389e2ca""]}, ""xValue"": 0, ""xUnit"": ""px"", ""yUnit"": ""PX"", ""zUnit"": ""PX""}","[{""key"": ""main"", ""min"": 992, ""max"": 10000}, {""key"": ""medium"", ""min"": 768, ""max"": 991}, {""key"": ""small"", ""min"": 480, ""max"": 767}, {""key"": ""tiny"", ""min"": 0, ""max"": 479}]","[""raw/published/resources/03c1fa8b77cf-dentvitalis33.schunk.6ecbf8a934abc739.js""]",,,
derived,e-118,Whatsapp-Close,MOUSE_SECOND_CLICK,"[""/"", ""/chi-siamo"", ""/condizioni-di-utilizzo"", ""/contatti"", ""/domande-e-risposte"", ""/faq"", ""/informativa-sulla-privacy"", ""/informazioni-per-pazienti"", ""/informazioni/alloggio"", ""/informazioni/garanzie"", ""/informazioni/listino-prezzi"", ""/informazioni/pagamento-flessibile"", ""/informazioni/prima-visita-gratuita"", ""/informazioni/tempi-del-trattamento"", ""/informazioni/trasporto"", ""/prestazioni-dentali"", ""/prestazioni/corone-faccette-ponti-e-protesi"", ""/prestazioni/premium-ponte-fisso-su-impianti"", ""/prestazioni/protesi-definitiva-ancorata-su-4-impianti"", ""/prestazioni/sbiancamento-dei-denti"", ""/prestazioni/sedazione-cosciente"", ""/su-di-noi/come-raggiungerci"", ""/su-di-noi/i-nostri-specialisti"", ""/su-di-noi/impianti-di-nuova-generazione"", ""/su-di-noi/laboratorio-odontotecnico"", ""/su-di-noi/materiali-e-apparecchiature"", ""/su-di-noi/tutto-in-un-unico-luogo"", ""/testimonianze""]",a-9-n,0,False,0,,0,500,TRANSFORM_MOVE,,"{""selector"": "".chat-block"", ""selectorGuids"": [""83f2cc56-3a29-3903-e59c-0711f389e2ca""]}",,"{""delay"": 0, ""easing"": """", ""duration"": 500, ""target"": {""selector"": "".chat-block"", ""selectorGuids"": [""83f2cc56-3a29-3903-e59c-0711f389e2ca""]}, ""xValue"": 20, ""xUnit"": ""px"", ""yUnit"": ""PX"", ""zUnit"": ""PX""}","[{""key"": ""main"", ""min"": 992, ""max"": 10000}, {""key"": ""medium"", ""min"": 768, ""max"": 991}, {""key"": ""small"", ""min"": 480, ""max"": 767}, {""key"": ""tiny"", ""min"": 0, ""max"": 479}]","[""raw/published/resources/03c1fa8b77cf-dentvitalis33.schunk.6ecbf8a934abc739.js""]",,,
derived,e-118,Whatsapp-Close,MOUSE_SECOND_CLICK,"[""/"", ""/chi-siamo"", ""/condizioni-di-utilizzo"", ""/contatti"", ""/domande-e-risposte"", ""/faq"", ""/informativa-sulla-privacy"", ""/informazioni-per-pazienti"", ""/informazioni/alloggio"", ""/informazioni/garanzie"", ""/informazioni/listino-prezzi"", ""/informazioni/pagamento-flessibile"", ""/informazioni/prima-visita-gratuita"", ""/informazioni/tempi-del-trattamento"", ""/informazioni/trasporto"", ""/prestazioni-dentali"", ""/prestazioni/corone-faccette-ponti-e-protesi"", ""/prestazioni/premium-ponte-fisso-su-impianti"", ""/prestazioni/protesi-definitiva-ancorata-su-4-impianti"", ""/prestazioni/sbiancamento-dei-denti"", ""/prestazioni/sedazione-cosciente"", ""/su-di-noi/come-raggiungerci"", ""/su-di-noi/i-nostri-specialisti"", ""/su-di-noi/impianti-di-nuova-generazione"", ""/su-di-noi/laboratorio-odontotecnico"", ""/su-di-noi/materiali-e-apparecchiature"", ""/su-di-noi/tutto-in-un-unico-luogo"", ""/testimonianze""]",a-9-n-2,0,False,0,,0,500,TRANSFORM_MOVE,SIBLINGS,"{""useEventTarget"": ""SIBLINGS"", ""selector"": "".whatsapp-chat"", ""selectorGuids"": [""83f2cc56-3a29-3903-e59c-0711f389e2d9""]}",,"{""delay"": 0, ""easing"": """", ""duration"": 500, ""target"": {""useEventTarget"": ""SIBLINGS"", ""selector"": "".whatsapp-chat"", ""selectorGuids"": [""83f2cc56-3a29-3903-e59c-0711f389e2d9""]}, ""yValue"": 20, ""xUnit"": ""PX"", ""yUnit"": ""px"", ""zUnit"": ""PX""}","[{""key"": ""main"", ""min"": 992, ""max"": 10000}, {""key"": ""medium"", ""min"": 768, ""max"": 991}, {""key"": ""small"", ""min"": 480, ""max"": 767}, {""key"": ""tiny"", ""min"": 0, ""max"": 479}]","[""raw/published/resources/03c1fa8b77cf-dentvitalis33.schunk.6ecbf8a934abc739.js""]",,,
derived,e-118,Whatsapp-Close,MOUSE_SECOND_CLICK,"[""/"", ""/chi-siamo"", ""/condizioni-di-utilizzo"", ""/contatti"", ""/domande-e-risposte"", ""/faq"", ""/informativa-sulla-privacy"", ""/informazioni-per-pazienti"", ""/informazioni/alloggio"", ""/informazioni/garanzie"", ""/informazioni/listino-prezzi"", ""/informazioni/pagamento-flessibile"", ""/informazioni/prima-visita-gratuita"", ""/informazioni/tempi-del-trattamento"", ""/informazioni/trasporto"", ""/prestazioni-dentali"", ""/prestazioni/corone-faccette-ponti-e-protesi"", ""/prestazioni/premium-ponte-fisso-su-impianti"", ""/prestazioni/protesi-definitiva-ancorata-su-4-impianti"", ""/prestazioni/sbiancamento-dei-denti"", ""/prestazioni/sedazione-cosciente"", ""/su-di-noi/come-raggiungerci"", ""/su-di-noi/i-nostri-specialisti"", ""/su-di-noi/impianti-di-nuova-generazione"", ""/su-di-noi/laboratorio-odontotecnico"", ""/su-di-noi/materiali-e-apparecchiature"", ""/su-di-noi/tutto-in-un-unico-luogo"", ""/testimonianze""]",a-9-n-3,0,False,0,,0,800,STYLE_OPACITY,SIBLINGS,"{""useEventTarget"": ""SIBLINGS"", ""selector"": "".whatsapp-chat"", ""selectorGuids"": [""83f2cc56-3a29-3903-e59c-0711f389e2d9""]}",inOutQuart,"{""delay"": 0, ""easing"": ""inOutQuart"", ""duration"": 800, ""target"": {""useEventTarget"": ""SIBLINGS"", ""selector"": "".whatsapp-chat"", ""selectorGuids"": [""83f2cc56-3a29-3903-e59c-0711f389e2d9""]}, ""value"": 0, ""unit"": """"}","[{""key"": ""main"", ""min"": 992, ""max"": 10000}, {""key"": ""medium"", ""min"": 768, ""max"": 991}, {""key"": ""small"", ""min"": 480, ""max"": 767}, {""key"": ""tiny"", ""min"": 0, ""max"": 479}]","[""raw/published/resources/03c1fa8b77cf-dentvitalis33.schunk.6ecbf8a934abc739.js""]",,,
derived,e-118,Whatsapp-Close,MOUSE_SECOND_CLICK,"[""/"", ""/chi-siamo"", ""/condizioni-di-utilizzo"", ""/contatti"", ""/domande-e-risposte"", ""/faq"", ""/informativa-sulla-privacy"", ""/informazioni-per-pazienti"", ""/informazioni/alloggio"", ""/informazioni/garanzie"", ""/informazioni/listino-prezzi"", ""/informazioni/pagamento-flessibile"", ""/informazioni/prima-visita-gratuita"", ""/informazioni/tempi-del-trattamento"", ""/informazioni/trasporto"", ""/prestazioni-dentali"", ""/prestazioni/corone-faccette-ponti-e-protesi"", ""/prestazioni/premium-ponte-fisso-su-impianti"", ""/prestazioni/protesi-definitiva-ancorata-su-4-impianti"", ""/prestazioni/sbiancamento-dei-denti"", ""/prestazioni/sedazione-cosciente"", ""/su-di-noi/come-raggiungerci"", ""/su-di-noi/i-nostri-specialisti"", ""/su-di-noi/impianti-di-nuova-generazione"", ""/su-di-noi/laboratorio-odontotecnico"", ""/su-di-noi/materiali-e-apparecchiature"", ""/su-di-noi/tutto-in-un-unico-luogo"", ""/testimonianze""]",a-9-n-4,0,False,0,,0,800,STYLE_OPACITY,,"{""selector"": "".chat-block"", ""selectorGuids"": [""83f2cc56-3a29-3903-e59c-0711f389e2ca""]}",inOutQuart,"{""delay"": 0, ""easing"": ""inOutQuart"", ""duration"": 800, ""target"": {""selector"": "".chat-block"", ""selectorGuids"": [""83f2cc56-3a29-3903-e59c-0711f389e2ca""]}, ""value"": 0, ""unit"": """"}","[{""key"": ""main"", ""min"": 992, ""max"": 10000}, {""key"": ""medium"", ""min"": 768, ""max"": 991}, {""key"": ""small"", ""min"": 480, ""max"": 767}, {""key"": ""tiny"", ""min"": 0, ""max"": 479}]","[""raw/published/resources/03c1fa8b77cf-dentvitalis33.schunk.6ecbf8a934abc739.js""]",,,
derived,e-118,Whatsapp-Close,MOUSE_SECOND_CLICK,"[""/"", ""/chi-siamo"", ""/condizioni-di-utilizzo"", ""/contatti"", ""/domande-e-risposte"", ""/faq"", ""/informativa-sulla-privacy"", ""/informazioni-per-pazienti"", ""/informazioni/alloggio"", ""/informazioni/garanzie"", ""/informazioni/listino-prezzi"", ""/informazioni/pagamento-flessibile"", ""/informazioni/prima-visita-gratuita"", ""/informazioni/tempi-del-trattamento"", ""/informazioni/trasporto"", ""/prestazioni-dentali"", ""/prestazioni/corone-faccette-ponti-e-protesi"", ""/prestazioni/premium-ponte-fisso-su-impianti"", ""/prestazioni/protesi-definitiva-ancorata-su-4-impianti"", ""/prestazioni/sbiancamento-dei-denti"", ""/prestazioni/sedazione-cosciente"", ""/su-di-noi/come-raggiungerci"", ""/su-di-noi/i-nostri-specialisti"", ""/su-di-noi/impianti-di-nuova-generazione"", ""/su-di-noi/laboratorio-odontotecnico"", ""/su-di-noi/materiali-e-apparecchiature"", ""/su-di-noi/tutto-in-un-unico-luogo"", ""/testimonianze""]",a-9-n-5,0,False,0,,0,0,GENERAL_DISPLAY,SIBLINGS,"{""useEventTarget"": ""SIBLINGS"", ""selector"": "".whatsapp-chat"", ""selectorGuids"": [""83f2cc56-3a29-3903-e59c-0711f389e2d9""]}",,"{""delay"": 0, ""easing"": """", ""duration"": 0, ""target"": {""useEventTarget"": ""SIBLINGS"", ""selector"": "".whatsapp-chat"", ""selectorGuids"": [""83f2cc56-3a29-3903-e59c-0711f389e2d9""]}, ""value"": ""none""}","[{""key"": ""main"", ""min"": 992, ""max"": 10000}, {""key"": ""medium"", ""min"": 768, ""max"": 991}, {""key"": ""small"", ""min"": 480, ""max"": 767}, {""key"": ""tiny"", ""min"": 0, ""max"": 479}]","[""raw/published/resources/03c1fa8b77cf-dentvitalis33.schunk.6ecbf8a934abc739.js""]",,,
derived,e-119,Whatsapp-Close,MOUSE_CLICK,"[""/"", ""/chi-siamo"", ""/condizioni-di-utilizzo"", ""/contatti"", ""/domande-e-risposte"", ""/faq"", ""/informativa-sulla-privacy"", ""/informazioni-per-pazienti"", ""/informazioni/alloggio"", ""/informazioni/garanzie"", ""/informazioni/listino-prezzi"", ""/informazioni/pagamento-flessibile"", ""/informazioni/prima-visita-gratuita"", ""/informazioni/tempi-del-trattamento"", ""/informazioni/trasporto"", ""/prestazioni-dentali"", ""/prestazioni/corone-faccette-ponti-e-protesi"", ""/prestazioni/premium-ponte-fisso-su-impianti"", ""/prestazioni/protesi-definitiva-ancorata-su-4-impianti"", ""/prestazioni/sbiancamento-dei-denti"", ""/prestazioni/sedazione-cosciente"", ""/su-di-noi/come-raggiungerci"", ""/su-di-noi/i-nostri-specialisti"", ""/su-di-noi/impianti-di-nuova-generazione"", ""/su-di-noi/laboratorio-odontotecnico"", ""/su-di-noi/materiali-e-apparecchiature"", ""/su-di-noi/tutto-in-un-unico-luogo"", ""/testimonianze""]",a-9-n,0,False,0,,0,500,TRANSFORM_MOVE,,"{""selector"": "".chat-block"", ""selectorGuids"": [""83f2cc56-3a29-3903-e59c-0711f389e2ca""]}",,"{""delay"": 0, ""easing"": """", ""duration"": 500, ""target"": {""selector"": "".chat-block"", ""selectorGuids"": [""83f2cc56-3a29-3903-e59c-0711f389e2ca""]}, ""xValue"": 20, ""xUnit"": ""px"", ""yUnit"": ""PX"", ""zUnit"": ""PX""}","[{""key"": ""main"", ""min"": 992, ""max"": 10000}, {""key"": ""medium"", ""min"": 768, ""max"": 991}, {""key"": ""small"", ""min"": 480, ""max"": 767}, {""key"": ""tiny"", ""min"": 0, ""max"": 479}]","[""raw/published/resources/03c1fa8b77cf-dentvitalis33.schunk.6ecbf8a934abc739.js""]",,,
derived,e-119,Whatsapp-Close,MOUSE_CLICK,"[""/"", ""/chi-siamo"", ""/condizioni-di-utilizzo"", ""/contatti"", ""/domande-e-risposte"", ""/faq"", ""/informativa-sulla-privacy"", ""/informazioni-per-pazienti"", ""/informazioni/alloggio"", ""/informazioni/garanzie"", ""/informazioni/listino-prezzi"", ""/informazioni/pagamento-flessibile"", ""/informazioni/prima-visita-gratuita"", ""/informazioni/tempi-del-trattamento"", ""/informazioni/trasporto"", ""/prestazioni-dentali"", ""/prestazioni/corone-faccette-ponti-e-protesi"", ""/prestazioni/premium-ponte-fisso-su-impianti"", ""/prestazioni/protesi-definitiva-ancorata-su-4-impianti"", ""/prestazioni/sbiancamento-dei-denti"", ""/prestazioni/sedazione-cosciente"", ""/su-di-noi/come-raggiungerci"", ""/su-di-noi/i-nostri-specialisti"", ""/su-di-noi/impianti-di-nuova-generazione"", ""/su-di-noi/laboratorio-odontotecnico"", ""/su-di-noi/materiali-e-apparecchiature"", ""/su-di-noi/tutto-in-un-unico-luogo"", ""/testimonianze""]",a-9-n-2,0,False,0,,0,500,TRANSFORM_MOVE,SIBLINGS,"{""useEventTarget"": ""SIBLINGS"", ""selector"": "".whatsapp-chat"", ""selectorGuids"": [""83f2cc56-3a29-3903-e59c-0711f389e2d9""]}",,"{""delay"": 0, ""easing"": """", ""duration"": 500, ""target"": {""useEventTarget"": ""SIBLINGS"", ""selector"": "".whatsapp-chat"", ""selectorGuids"": [""83f2cc56-3a29-3903-e59c-0711f389e2d9""]}, ""yValue"": 20, ""xUnit"": ""PX"", ""yUnit"": ""px"", ""zUnit"": ""PX""}","[{""key"": ""main"", ""min"": 992, ""max"": 10000}, {""key"": ""medium"", ""min"": 768, ""max"": 991}, {""key"": ""small"", ""min"": 480, ""max"": 767}, {""key"": ""tiny"", ""min"": 0, ""max"": 479}]","[""raw/published/resources/03c1fa8b77cf-dentvitalis33.schunk.6ecbf8a934abc739.js""]",,,
derived,e-119,Whatsapp-Close,MOUSE_CLICK,"[""/"", ""/chi-siamo"", ""/condizioni-di-utilizzo"", ""/contatti"", ""/domande-e-risposte"", ""/faq"", ""/informativa-sulla-privacy"", ""/informazioni-per-pazienti"", ""/informazioni/alloggio"", ""/informazioni/garanzie"", ""/informazioni/listino-prezzi"", ""/informazioni/pagamento-flessibile"", ""/informazioni/prima-visita-gratuita"", ""/informazioni/tempi-del-trattamento"", ""/informazioni/trasporto"", ""/prestazioni-dentali"", ""/prestazioni/corone-faccette-ponti-e-protesi"", ""/prestazioni/premium-ponte-fisso-su-impianti"", ""/prestazioni/protesi-definitiva-ancorata-su-4-impianti"", ""/prestazioni/sbiancamento-dei-denti"", ""/prestazioni/sedazione-cosciente"", ""/su-di-noi/come-raggiungerci"", ""/su-di-noi/i-nostri-specialisti"", ""/su-di-noi/impianti-di-nuova-generazione"", ""/su-di-noi/laboratorio-odontotecnico"", ""/su-di-noi/materiali-e-apparecchiature"", ""/su-di-noi/tutto-in-un-unico-luogo"", ""/testimonianze""]",a-9-n-3,0,False,0,,0,800,STYLE_OPACITY,SIBLINGS,"{""useEventTarget"": ""SIBLINGS"", ""selector"": "".whatsapp-chat"", ""selectorGuids"": [""83f2cc56-3a29-3903-e59c-0711f389e2d9""]}",inOutQuart,"{""delay"": 0, ""easing"": ""inOutQuart"", ""duration"": 800, ""target"": {""useEventTarget"": ""SIBLINGS"", ""selector"": "".whatsapp-chat"", ""selectorGuids"": [""83f2cc56-3a29-3903-e59c-0711f389e2d9""]}, ""value"": 0, ""unit"": """"}","[{""key"": ""main"", ""min"": 992, ""max"": 10000}, {""key"": ""medium"", ""min"": 768, ""max"": 991}, {""key"": ""small"", ""min"": 480, ""max"": 767}, {""key"": ""tiny"", ""min"": 0, ""max"": 479}]","[""raw/published/resources/03c1fa8b77cf-dentvitalis33.schunk.6ecbf8a934abc739.js""]",,,
derived,e-119,Whatsapp-Close,MOUSE_CLICK,"[""/"", ""/chi-siamo"", ""/condizioni-di-utilizzo"", ""/contatti"", ""/domande-e-risposte"", ""/faq"", ""/informativa-sulla-privacy"", ""/informazioni-per-pazienti"", ""/informazioni/alloggio"", ""/informazioni/garanzie"", ""/informazioni/listino-prezzi"", ""/informazioni/pagamento-flessibile"", ""/informazioni/prima-visita-gratuita"", ""/informazioni/tempi-del-trattamento"", ""/informazioni/trasporto"", ""/prestazioni-dentali"", ""/prestazioni/corone-faccette-ponti-e-protesi"", ""/prestazioni/premium-ponte-fisso-su-impianti"", ""/prestazioni/protesi-definitiva-ancorata-su-4-impianti"", ""/prestazioni/sbiancamento-dei-denti"", ""/prestazioni/sedazione-cosciente"", ""/su-di-noi/come-raggiungerci"", ""/su-di-noi/i-nostri-specialisti"", ""/su-di-noi/impianti-di-nuova-generazione"", ""/su-di-noi/laboratorio-odontotecnico"", ""/su-di-noi/materiali-e-apparecchiature"", ""/su-di-noi/tutto-in-un-unico-luogo"", ""/testimonianze""]",a-9-n-4,0,False,0,,0,800,STYLE_OPACITY,,"{""selector"": "".chat-block"", ""selectorGuids"": [""83f2cc56-3a29-3903-e59c-0711f389e2ca""]}",inOutQuart,"{""delay"": 0, ""easing"": ""inOutQuart"", ""duration"": 800, ""target"": {""selector"": "".chat-block"", ""selectorGuids"": [""83f2cc56-3a29-3903-e59c-0711f389e2ca""]}, ""value"": 0, ""unit"": """"}","[{""key"": ""main"", ""min"": 992, ""max"": 10000}, {""key"": ""medium"", ""min"": 768, ""max"": 991}, {""key"": ""small"", ""min"": 480, ""max"": 767}, {""key"": ""tiny"", ""min"": 0, ""max"": 479}]","[""raw/published/resources/03c1fa8b77cf-dentvitalis33.schunk.6ecbf8a934abc739.js""]",,,
derived,e-119,Whatsapp-Close,MOUSE_CLICK,"[""/"", ""/chi-siamo"", ""/condizioni-di-utilizzo"", ""/contatti"", ""/domande-e-risposte"", ""/faq"", ""/informativa-sulla-privacy"", ""/informazioni-per-pazienti"", ""/informazioni/alloggio"", ""/informazioni/garanzie"", ""/informazioni/listino-prezzi"", ""/informazioni/pagamento-flessibile"", ""/informazioni/prima-visita-gratuita"", ""/informazioni/tempi-del-trattamento"", ""/informazioni/trasporto"", ""/prestazioni-dentali"", ""/prestazioni/corone-faccette-ponti-e-protesi"", ""/prestazioni/premium-ponte-fisso-su-impianti"", ""/prestazioni/protesi-definitiva-ancorata-su-4-impianti"", ""/prestazioni/sbiancamento-dei-denti"", ""/prestazioni/sedazione-cosciente"", ""/su-di-noi/come-raggiungerci"", ""/su-di-noi/i-nostri-specialisti"", ""/su-di-noi/impianti-di-nuova-generazione"", ""/su-di-noi/laboratorio-odontotecnico"", ""/su-di-noi/materiali-e-apparecchiature"", ""/su-di-noi/tutto-in-un-unico-luogo"", ""/testimonianze""]",a-9-n-5,0,False,0,,0,0,GENERAL_DISPLAY,SIBLINGS,"{""useEventTarget"": ""SIBLINGS"", ""selector"": "".whatsapp-chat"", ""selectorGuids"": [""83f2cc56-3a29-3903-e59c-0711f389e2d9""]}",,"{""delay"": 0, ""easing"": """", ""duration"": 0, ""target"": {""useEventTarget"": ""SIBLINGS"", ""selector"": "".whatsapp-chat"", ""selectorGuids"": [""83f2cc56-3a29-3903-e59c-0711f389e2d9""]}, ""value"": ""none""}","[{""key"": ""main"", ""min"": 992, ""max"": 10000}, {""key"": ""medium"", ""min"": 768, ""max"": 991}, {""key"": ""small"", ""min"": 480, ""max"": 767}, {""key"": ""tiny"", ""min"": 0, ""max"": 479}]","[""raw/published/resources/03c1fa8b77cf-dentvitalis33.schunk.6ecbf8a934abc739.js""]",,,
derived,e-121,e-121,SCROLL_INTO_VIEW,"[""/"", ""/chi-siamo"", ""/condizioni-di-utilizzo"", ""/contatti"", ""/domande-e-risposte"", ""/faq"", ""/informativa-sulla-privacy"", ""/informazioni-per-pazienti"", ""/informazioni/alloggio"", ""/informazioni/garanzie"", ""/informazioni/listino-prezzi"", ""/informazioni/pagamento-flessibile"", ""/informazioni/prima-visita-gratuita"", ""/informazioni/tempi-del-trattamento"", ""/informazioni/trasporto"", ""/prestazioni-dentali"", ""/prestazioni/corone-faccette-ponti-e-protesi"", ""/prestazioni/premium-ponte-fisso-su-impianti"", ""/prestazioni/protesi-definitiva-ancorata-su-4-impianti"", ""/prestazioni/sbiancamento-dei-denti"", ""/prestazioni/sedazione-cosciente"", ""/su-di-noi/come-raggiungerci"", ""/su-di-noi/i-nostri-specialisti"", ""/su-di-noi/impianti-di-nuova-generazione"", ""/su-di-noi/laboratorio-odontotecnico"", ""/su-di-noi/materiali-e-apparecchiature"", ""/su-di-noi/tutto-in-un-unico-luogo"", ""/testimonianze""]",e-121-derived-step-0,0,True,,200,0,0,STYLE_OPACITY,True,"{""id"": ""N/A"", ""appliesTo"": ""TRIGGER_ELEMENT"", ""useEventTarget"": true}",,"{""delay"": 0, ""duration"": 0, ""target"": {""id"": ""N/A"", ""appliesTo"": ""TRIGGER_ELEMENT"", ""useEventTarget"": true}, ""value"": 0}","[{""key"": ""main"", ""min"": 992, ""max"": 10000}, {""key"": ""medium"", ""min"": 768, ""max"": 991}, {""key"": ""small"", ""min"": 480, ""max"": 767}, {""key"": ""tiny"", ""min"": 0, ""max"": 479}]","[""raw/published/resources/03c1fa8b77cf-dentvitalis33.schunk.6ecbf8a934abc739.js""]",,,
derived,e-121,e-121,SCROLL_INTO_VIEW,"[""/"", ""/chi-siamo"", ""/condizioni-di-utilizzo"", ""/contatti"", ""/domande-e-risposte"", ""/faq"", ""/informativa-sulla-privacy"", ""/informazioni-per-pazienti"", ""/informazioni/alloggio"", ""/informazioni/garanzie"", ""/informazioni/listino-prezzi"", ""/informazioni/pagamento-flessibile"", ""/informazioni/prima-visita-gratuita"", ""/informazioni/tempi-del-trattamento"", ""/informazioni/trasporto"", ""/prestazioni-dentali"", ""/prestazioni/corone-faccette-ponti-e-protesi"", ""/prestazioni/premium-ponte-fisso-su-impianti"", ""/prestazioni/protesi-definitiva-ancorata-su-4-impianti"", ""/prestazioni/sbiancamento-dei-denti"", ""/prestazioni/sedazione-cosciente"", ""/su-di-noi/come-raggiungerci"", ""/su-di-noi/i-nostri-specialisti"", ""/su-di-noi/impianti-di-nuova-generazione"", ""/su-di-noi/laboratorio-odontotecnico"", ""/su-di-noi/materiali-e-apparecchiature"", ""/su-di-noi/tutto-in-un-unico-luogo"", ""/testimonianze""]",e-121-derived-step-1,1,False,0,200,0,0,TRANSFORM_SCALE,True,"{""id"": ""N/A"", ""appliesTo"": ""TRIGGER_ELEMENT"", ""useEventTarget"": true}",,"{""delay"": 0, ""duration"": 0, ""target"": {""id"": ""N/A"", ""appliesTo"": ""TRIGGER_ELEMENT"", ""useEventTarget"": true}, ""xValue"": 0.7500000000000001, ""yValue"": 0.7500000000000001}","[{""key"": ""main"", ""min"": 992, ""max"": 10000}, {""key"": ""medium"", ""min"": 768, ""max"": 991}, {""key"": ""small"", ""min"": 480, ""max"": 767}, {""key"": ""tiny"", ""min"": 0, ""max"": 479}]","[""raw/published/resources/03c1fa8b77cf-dentvitalis33.schunk.6ecbf8a934abc739.js""]",,,
derived,e-121,e-121,SCROLL_INTO_VIEW,"[""/"", ""/chi-siamo"", ""/condizioni-di-utilizzo"", ""/contatti"", ""/domande-e-risposte"", ""/faq"", ""/informativa-sulla-privacy"", ""/informazioni-per-pazienti"", ""/informazioni/alloggio"", ""/informazioni/garanzie"", ""/informazioni/listino-prezzi"", ""/informazioni/pagamento-flessibile"", ""/informazioni/prima-visita-gratuita"", ""/informazioni/tempi-del-trattamento"", ""/informazioni/trasporto"", ""/prestazioni-dentali"", ""/prestazioni/corone-faccette-ponti-e-protesi"", ""/prestazioni/premium-ponte-fisso-su-impianti"", ""/prestazioni/protesi-definitiva-ancorata-su-4-impianti"", ""/prestazioni/sbiancamento-dei-denti"", ""/prestazioni/sedazione-cosciente"", ""/su-di-noi/come-raggiungerci"", ""/su-di-noi/i-nostri-specialisti"", ""/su-di-noi/impianti-di-nuova-generazione"", ""/su-di-noi/laboratorio-odontotecnico"", ""/su-di-noi/materiali-e-apparecchiature"", ""/su-di-noi/tutto-in-un-unico-luogo"", ""/testimonianze""]",e-121-derived-step-2,2,False,0,200,0,1000,TRANSFORM_SCALE,True,"{""id"": ""N/A"", ""appliesTo"": ""TRIGGER_ELEMENT"", ""useEventTarget"": true}",outQuart,"{""delay"": 0, ""easing"": ""outQuart"", ""duration"": 1000, ""target"": {""id"": ""N/A"", ""appliesTo"": ""TRIGGER_ELEMENT"", ""useEventTarget"": true}, ""xValue"": 1, ""yValue"": 1}","[{""key"": ""main"", ""min"": 992, ""max"": 10000}, {""key"": ""medium"", ""min"": 768, ""max"": 991}, {""key"": ""small"", ""min"": 480, ""max"": 767}, {""key"": ""tiny"", ""min"": 0, ""max"": 479}]","[""raw/published/resources/03c1fa8b77cf-dentvitalis33.schunk.6ecbf8a934abc739.js""]",,,
derived,e-121,e-121,SCROLL_INTO_VIEW,"[""/"", ""/chi-siamo"", ""/condizioni-di-utilizzo"", ""/contatti"", ""/domande-e-risposte"", ""/faq"", ""/informativa-sulla-privacy"", ""/informazioni-per-pazienti"", ""/informazioni/alloggio"", ""/informazioni/garanzie"", ""/informazioni/listino-prezzi"", ""/informazioni/pagamento-flessibile"", ""/informazioni/prima-visita-gratuita"", ""/informazioni/tempi-del-trattamento"", ""/informazioni/trasporto"", ""/prestazioni-dentali"", ""/prestazioni/corone-faccette-ponti-e-protesi"", ""/prestazioni/premium-ponte-fisso-su-impianti"", ""/prestazioni/protesi-definitiva-ancorata-su-4-impianti"", ""/prestazioni/sbiancamento-dei-denti"", ""/prestazioni/sedazione-cosciente"", ""/su-di-noi/come-raggiungerci"", ""/su-di-noi/i-nostri-specialisti"", ""/su-di-noi/impianti-di-nuova-generazione"", ""/su-di-noi/laboratorio-odontotecnico"", ""/su-di-noi/materiali-e-apparecchiature"", ""/su-di-noi/tutto-in-un-unico-luogo"", ""/testimonianze""]",e-121-derived-step-3,2,False,0,200,0,1000,STYLE_OPACITY,True,"{""id"": ""N/A"", ""appliesTo"": ""TRIGGER_ELEMENT"", ""useEventTarget"": true}",outQuart,"{""delay"": 0, ""easing"": ""outQuart"", ""duration"": 1000, ""target"": {""id"": ""N/A"", ""appliesTo"": ""TRIGGER_ELEMENT"", ""useEventTarget"": true}, ""value"": 1}","[{""key"": ""main"", ""min"": 992, ""max"": 10000}, {""key"": ""medium"", ""min"": 768, ""max"": 991}, {""key"": ""small"", ""min"": 480, ""max"": 767}, {""key"": ""tiny"", ""min"": 0, ""max"": 479}]","[""raw/published/resources/03c1fa8b77cf-dentvitalis33.schunk.6ecbf8a934abc739.js""]",,,
derived,e-123,e-123,SCROLL_INTO_VIEW,"[""/""]",e-123-derived-step-0,0,True,,200,0,0,STYLE_OPACITY,True,"{""id"": ""N/A"", ""appliesTo"": ""TRIGGER_ELEMENT"", ""useEventTarget"": true}",,"{""delay"": 0, ""duration"": 0, ""target"": {""id"": ""N/A"", ""appliesTo"": ""TRIGGER_ELEMENT"", ""useEventTarget"": true}, ""value"": 0}","[{""key"": ""main"", ""min"": 992, ""max"": 10000}, {""key"": ""medium"", ""min"": 768, ""max"": 991}, {""key"": ""small"", ""min"": 480, ""max"": 767}, {""key"": ""tiny"", ""min"": 0, ""max"": 479}]","[""raw/published/resources/03c1fa8b77cf-dentvitalis33.schunk.6ecbf8a934abc739.js""]",,,
derived,e-123,e-123,SCROLL_INTO_VIEW,"[""/""]",e-123-derived-step-1,1,False,0,200,0,0,TRANSFORM_MOVE,True,"{""id"": ""N/A"", ""appliesTo"": ""TRIGGER_ELEMENT"", ""useEventTarget"": true}",,"{""delay"": 0, ""duration"": 0, ""target"": {""id"": ""N/A"", ""appliesTo"": ""TRIGGER_ELEMENT"", ""useEventTarget"": true}, ""xValue"": 0, ""yValue"": 100, ""xUnit"": ""PX"", ""yUnit"": ""PX"", ""zUnit"": ""PX""}","[{""key"": ""main"", ""min"": 992, ""max"": 10000}, {""key"": ""medium"", ""min"": 768, ""max"": 991}, {""key"": ""small"", ""min"": 480, ""max"": 767}, {""key"": ""tiny"", ""min"": 0, ""max"": 479}]","[""raw/published/resources/03c1fa8b77cf-dentvitalis33.schunk.6ecbf8a934abc739.js""]",,,
derived,e-123,e-123,SCROLL_INTO_VIEW,"[""/""]",e-123-derived-step-2,2,False,0,200,0,1000,TRANSFORM_MOVE,True,"{""id"": ""N/A"", ""appliesTo"": ""TRIGGER_ELEMENT"", ""useEventTarget"": true}",outQuart,"{""delay"": 0, ""easing"": ""outQuart"", ""duration"": 1000, ""target"": {""id"": ""N/A"", ""appliesTo"": ""TRIGGER_ELEMENT"", ""useEventTarget"": true}, ""xValue"": 0, ""yValue"": 0, ""xUnit"": ""PX"", ""yUnit"": ""PX"", ""zUnit"": ""PX""}","[{""key"": ""main"", ""min"": 992, ""max"": 10000}, {""key"": ""medium"", ""min"": 768, ""max"": 991}, {""key"": ""small"", ""min"": 480, ""max"": 767}, {""key"": ""tiny"", ""min"": 0, ""max"": 479}]","[""raw/published/resources/03c1fa8b77cf-dentvitalis33.schunk.6ecbf8a934abc739.js""]",,,
derived,e-123,e-123,SCROLL_INTO_VIEW,"[""/""]",e-123-derived-step-3,2,False,0,200,0,1000,STYLE_OPACITY,True,"{""id"": ""N/A"", ""appliesTo"": ""TRIGGER_ELEMENT"", ""useEventTarget"": true}",outQuart,"{""delay"": 0, ""easing"": ""outQuart"", ""duration"": 1000, ""target"": {""id"": ""N/A"", ""appliesTo"": ""TRIGGER_ELEMENT"", ""useEventTarget"": true}, ""value"": 1}","[{""key"": ""main"", ""min"": 992, ""max"": 10000}, {""key"": ""medium"", ""min"": 768, ""max"": 991}, {""key"": ""small"", ""min"": 480, ""max"": 767}, {""key"": ""tiny"", ""min"": 0, ""max"": 479}]","[""raw/published/resources/03c1fa8b77cf-dentvitalis33.schunk.6ecbf8a934abc739.js""]",,,
derived,e-129,Popup Open - kalendar,MOUSE_CLICK,[],a-10-n,0,True,,,0,500,STYLE_OPACITY,,{},,"{""delay"": 0, ""easing"": """", ""duration"": 500, ""target"": {}, ""value"": 0, ""unit"": """"}","[{""key"": ""main"", ""min"": 992, ""max"": 10000}, {""key"": ""medium"", ""min"": 768, ""max"": 991}, {""key"": ""small"", ""min"": 480, ""max"": 767}, {""key"": ""tiny"", ""min"": 0, ""max"": 479}]","[""raw/published/resources/03c1fa8b77cf-dentvitalis33.schunk.6ecbf8a934abc739.js""]",,,
derived,e-129,Popup Open - kalendar,MOUSE_CLICK,[],a-10-n-2,0,True,,,0,0,GENERAL_DISPLAY,,{},,"{""delay"": 0, ""easing"": """", ""duration"": 0, ""target"": {}, ""value"": ""none""}","[{""key"": ""main"", ""min"": 992, ""max"": 10000}, {""key"": ""medium"", ""min"": 768, ""max"": 991}, {""key"": ""small"", ""min"": 480, ""max"": 767}, {""key"": ""tiny"", ""min"": 0, ""max"": 479}]","[""raw/published/resources/03c1fa8b77cf-dentvitalis33.schunk.6ecbf8a934abc739.js""]",,,
derived,e-129,Popup Open - kalendar,MOUSE_CLICK,[],a-10-n-3,1,False,0,,0,0,GENERAL_DISPLAY,,{},,"{""delay"": 0, ""easing"": """", ""duration"": 0, ""target"": {}, ""value"": ""flex""}","[{""key"": ""main"", ""min"": 992, ""max"": 10000}, {""key"": ""medium"", ""min"": 768, ""max"": 991}, {""key"": ""small"", ""min"": 480, ""max"": 767}, {""key"": ""tiny"", ""min"": 0, ""max"": 479}]","[""raw/published/resources/03c1fa8b77cf-dentvitalis33.schunk.6ecbf8a934abc739.js""]",,,
derived,e-129,Popup Open - kalendar,MOUSE_CLICK,[],a-10-n-4,1,False,0,,0,600,STYLE_OPACITY,,{},ease,"{""delay"": 0, ""easing"": ""ease"", ""duration"": 600, ""target"": {}, ""value"": 1, ""unit"": """"}","[{""key"": ""main"", ""min"": 992, ""max"": 10000}, {""key"": ""medium"", ""min"": 768, ""max"": 991}, {""key"": ""small"", ""min"": 480, ""max"": 767}, {""key"": ""tiny"", ""min"": 0, ""max"": 479}]","[""raw/published/resources/03c1fa8b77cf-dentvitalis33.schunk.6ecbf8a934abc739.js""]",,,
derived,e-131,Popup Open 2,MOUSE_CLICK,"[""/"", ""/chi-siamo"", ""/condizioni-di-utilizzo"", ""/contatti"", ""/domande-e-risposte"", ""/faq"", ""/informativa-sulla-privacy"", ""/informazioni-per-pazienti"", ""/informazioni/alloggio"", ""/informazioni/garanzie"", ""/informazioni/listino-prezzi"", ""/informazioni/pagamento-flessibile"", ""/informazioni/prima-visita-gratuita"", ""/informazioni/tempi-del-trattamento"", ""/informazioni/trasporto"", ""/prestazioni-dentali"", ""/prestazioni/corone-faccette-ponti-e-protesi"", ""/prestazioni/premium-ponte-fisso-su-impianti"", ""/prestazioni/protesi-definitiva-ancorata-su-4-impianti"", ""/prestazioni/sbiancamento-dei-denti"", ""/prestazioni/sedazione-cosciente"", ""/su-di-noi/come-raggiungerci"", ""/su-di-noi/i-nostri-specialisti"", ""/su-di-noi/impianti-di-nuova-generazione"", ""/su-di-noi/laboratorio-odontotecnico"", ""/su-di-noi/materiali-e-apparecchiature"", ""/su-di-noi/tutto-in-un-unico-luogo"", ""/testimonianze""]",a-11-n,0,True,,,0,500,STYLE_OPACITY,,{},,"{""delay"": 0, ""easing"": """", ""duration"": 500, ""target"": {}, ""value"": 0, ""unit"": """"}","[{""key"": ""main"", ""min"": 992, ""max"": 10000}, {""key"": ""medium"", ""min"": 768, ""max"": 991}, {""key"": ""small"", ""min"": 480, ""max"": 767}, {""key"": ""tiny"", ""min"": 0, ""max"": 479}]","[""raw/published/resources/03c1fa8b77cf-dentvitalis33.schunk.6ecbf8a934abc739.js""]",,,
derived,e-131,Popup Open 2,MOUSE_CLICK,"[""/"", ""/chi-siamo"", ""/condizioni-di-utilizzo"", ""/contatti"", ""/domande-e-risposte"", ""/faq"", ""/informativa-sulla-privacy"", ""/informazioni-per-pazienti"", ""/informazioni/alloggio"", ""/informazioni/garanzie"", ""/informazioni/listino-prezzi"", ""/informazioni/pagamento-flessibile"", ""/informazioni/prima-visita-gratuita"", ""/informazioni/tempi-del-trattamento"", ""/informazioni/trasporto"", ""/prestazioni-dentali"", ""/prestazioni/corone-faccette-ponti-e-protesi"", ""/prestazioni/premium-ponte-fisso-su-impianti"", ""/prestazioni/protesi-definitiva-ancorata-su-4-impianti"", ""/prestazioni/sbiancamento-dei-denti"", ""/prestazioni/sedazione-cosciente"", ""/su-di-noi/come-raggiungerci"", ""/su-di-noi/i-nostri-specialisti"", ""/su-di-noi/impianti-di-nuova-generazione"", ""/su-di-noi/laboratorio-odontotecnico"", ""/su-di-noi/materiali-e-apparecchiature"", ""/su-di-noi/tutto-in-un-unico-luogo"", ""/testimonianze""]",a-11-n-2,0,True,,,0,0,GENERAL_DISPLAY,,{},,"{""delay"": 0, ""easing"": """", ""duration"": 0, ""target"": {}, ""value"": ""none""}","[{""key"": ""main"", ""min"": 992, ""max"": 10000}, {""key"": ""medium"", ""min"": 768, ""max"": 991}, {""key"": ""small"", ""min"": 480, ""max"": 767}, {""key"": ""tiny"", ""min"": 0, ""max"": 479}]","[""raw/published/resources/03c1fa8b77cf-dentvitalis33.schunk.6ecbf8a934abc739.js""]",,,
derived,e-131,Popup Open 2,MOUSE_CLICK,"[""/"", ""/chi-siamo"", ""/condizioni-di-utilizzo"", ""/contatti"", ""/domande-e-risposte"", ""/faq"", ""/informativa-sulla-privacy"", ""/informazioni-per-pazienti"", ""/informazioni/alloggio"", ""/informazioni/garanzie"", ""/informazioni/listino-prezzi"", ""/informazioni/pagamento-flessibile"", ""/informazioni/prima-visita-gratuita"", ""/informazioni/tempi-del-trattamento"", ""/informazioni/trasporto"", ""/prestazioni-dentali"", ""/prestazioni/corone-faccette-ponti-e-protesi"", ""/prestazioni/premium-ponte-fisso-su-impianti"", ""/prestazioni/protesi-definitiva-ancorata-su-4-impianti"", ""/prestazioni/sbiancamento-dei-denti"", ""/prestazioni/sedazione-cosciente"", ""/su-di-noi/come-raggiungerci"", ""/su-di-noi/i-nostri-specialisti"", ""/su-di-noi/impianti-di-nuova-generazione"", ""/su-di-noi/laboratorio-odontotecnico"", ""/su-di-noi/materiali-e-apparecchiature"", ""/su-di-noi/tutto-in-un-unico-luogo"", ""/testimonianze""]",a-11-n-3,1,False,0,,0,0,GENERAL_DISPLAY,,{},,"{""delay"": 0, ""easing"": """", ""duration"": 0, ""target"": {}, ""value"": ""flex""}","[{""key"": ""main"", ""min"": 992, ""max"": 10000}, {""key"": ""medium"", ""min"": 768, ""max"": 991}, {""key"": ""small"", ""min"": 480, ""max"": 767}, {""key"": ""tiny"", ""min"": 0, ""max"": 479}]","[""raw/published/resources/03c1fa8b77cf-dentvitalis33.schunk.6ecbf8a934abc739.js""]",,,
derived,e-131,Popup Open 2,MOUSE_CLICK,"[""/"", ""/chi-siamo"", ""/condizioni-di-utilizzo"", ""/contatti"", ""/domande-e-risposte"", ""/faq"", ""/informativa-sulla-privacy"", ""/informazioni-per-pazienti"", ""/informazioni/alloggio"", ""/informazioni/garanzie"", ""/informazioni/listino-prezzi"", ""/informazioni/pagamento-flessibile"", ""/informazioni/prima-visita-gratuita"", ""/informazioni/tempi-del-trattamento"", ""/informazioni/trasporto"", ""/prestazioni-dentali"", ""/prestazioni/corone-faccette-ponti-e-protesi"", ""/prestazioni/premium-ponte-fisso-su-impianti"", ""/prestazioni/protesi-definitiva-ancorata-su-4-impianti"", ""/prestazioni/sbiancamento-dei-denti"", ""/prestazioni/sedazione-cosciente"", ""/su-di-noi/come-raggiungerci"", ""/su-di-noi/i-nostri-specialisti"", ""/su-di-noi/impianti-di-nuova-generazione"", ""/su-di-noi/laboratorio-odontotecnico"", ""/su-di-noi/materiali-e-apparecchiature"", ""/su-di-noi/tutto-in-un-unico-luogo"", ""/testimonianze""]",a-11-n-4,1,False,0,,0,600,STYLE_OPACITY,,{},ease,"{""delay"": 0, ""easing"": ""ease"", ""duration"": 600, ""target"": {}, ""value"": 1, ""unit"": """"}","[{""key"": ""main"", ""min"": 992, ""max"": 10000}, {""key"": ""medium"", ""min"": 768, ""max"": 991}, {""key"": ""small"", ""min"": 480, ""max"": 767}, {""key"": ""tiny"", ""min"": 0, ""max"": 479}]","[""raw/published/resources/03c1fa8b77cf-dentvitalis33.schunk.6ecbf8a934abc739.js""]",,,
derived,e-137,Popup Open 2,MOUSE_CLICK,"[""/"", ""/chi-siamo"", ""/condizioni-di-utilizzo"", ""/contatti"", ""/domande-e-risposte"", ""/faq"", ""/informativa-sulla-privacy"", ""/informazioni-per-pazienti"", ""/informazioni/alloggio"", ""/informazioni/garanzie"", ""/informazioni/listino-prezzi"", ""/informazioni/pagamento-flessibile"", ""/informazioni/prima-visita-gratuita"", ""/informazioni/tempi-del-trattamento"", ""/informazioni/trasporto"", ""/prestazioni-dentali"", ""/prestazioni/corone-faccette-ponti-e-protesi"", ""/prestazioni/premium-ponte-fisso-su-impianti"", ""/prestazioni/protesi-definitiva-ancorata-su-4-impianti"", ""/prestazioni/sbiancamento-dei-denti"", ""/prestazioni/sedazione-cosciente"", ""/su-di-noi/come-raggiungerci"", ""/su-di-noi/i-nostri-specialisti"", ""/su-di-noi/impianti-di-nuova-generazione"", ""/su-di-noi/laboratorio-odontotecnico"", ""/su-di-noi/materiali-e-apparecchiature"", ""/su-di-noi/tutto-in-un-unico-luogo"", ""/testimonianze""]",a-11-n,0,True,,,0,500,STYLE_OPACITY,,{},,"{""delay"": 0, ""easing"": """", ""duration"": 500, ""target"": {}, ""value"": 0, ""unit"": """"}","[{""key"": ""main"", ""min"": 992, ""max"": 10000}, {""key"": ""medium"", ""min"": 768, ""max"": 991}, {""key"": ""small"", ""min"": 480, ""max"": 767}, {""key"": ""tiny"", ""min"": 0, ""max"": 479}]","[""raw/published/resources/03c1fa8b77cf-dentvitalis33.schunk.6ecbf8a934abc739.js""]",,,
derived,e-137,Popup Open 2,MOUSE_CLICK,"[""/"", ""/chi-siamo"", ""/condizioni-di-utilizzo"", ""/contatti"", ""/domande-e-risposte"", ""/faq"", ""/informativa-sulla-privacy"", ""/informazioni-per-pazienti"", ""/informazioni/alloggio"", ""/informazioni/garanzie"", ""/informazioni/listino-prezzi"", ""/informazioni/pagamento-flessibile"", ""/informazioni/prima-visita-gratuita"", ""/informazioni/tempi-del-trattamento"", ""/informazioni/trasporto"", ""/prestazioni-dentali"", ""/prestazioni/corone-faccette-ponti-e-protesi"", ""/prestazioni/premium-ponte-fisso-su-impianti"", ""/prestazioni/protesi-definitiva-ancorata-su-4-impianti"", ""/prestazioni/sbiancamento-dei-denti"", ""/prestazioni/sedazione-cosciente"", ""/su-di-noi/come-raggiungerci"", ""/su-di-noi/i-nostri-specialisti"", ""/su-di-noi/impianti-di-nuova-generazione"", ""/su-di-noi/laboratorio-odontotecnico"", ""/su-di-noi/materiali-e-apparecchiature"", ""/su-di-noi/tutto-in-un-unico-luogo"", ""/testimonianze""]",a-11-n-2,0,True,,,0,0,GENERAL_DISPLAY,,{},,"{""delay"": 0, ""easing"": """", ""duration"": 0, ""target"": {}, ""value"": ""none""}","[{""key"": ""main"", ""min"": 992, ""max"": 10000}, {""key"": ""medium"", ""min"": 768, ""max"": 991}, {""key"": ""small"", ""min"": 480, ""max"": 767}, {""key"": ""tiny"", ""min"": 0, ""max"": 479}]","[""raw/published/resources/03c1fa8b77cf-dentvitalis33.schunk.6ecbf8a934abc739.js""]",,,
derived,e-137,Popup Open 2,MOUSE_CLICK,"[""/"", ""/chi-siamo"", ""/condizioni-di-utilizzo"", ""/contatti"", ""/domande-e-risposte"", ""/faq"", ""/informativa-sulla-privacy"", ""/informazioni-per-pazienti"", ""/informazioni/alloggio"", ""/informazioni/garanzie"", ""/informazioni/listino-prezzi"", ""/informazioni/pagamento-flessibile"", ""/informazioni/prima-visita-gratuita"", ""/informazioni/tempi-del-trattamento"", ""/informazioni/trasporto"", ""/prestazioni-dentali"", ""/prestazioni/corone-faccette-ponti-e-protesi"", ""/prestazioni/premium-ponte-fisso-su-impianti"", ""/prestazioni/protesi-definitiva-ancorata-su-4-impianti"", ""/prestazioni/sbiancamento-dei-denti"", ""/prestazioni/sedazione-cosciente"", ""/su-di-noi/come-raggiungerci"", ""/su-di-noi/i-nostri-specialisti"", ""/su-di-noi/impianti-di-nuova-generazione"", ""/su-di-noi/laboratorio-odontotecnico"", ""/su-di-noi/materiali-e-apparecchiature"", ""/su-di-noi/tutto-in-un-unico-luogo"", ""/testimonianze""]",a-11-n-3,1,False,0,,0,0,GENERAL_DISPLAY,,{},,"{""delay"": 0, ""easing"": """", ""duration"": 0, ""target"": {}, ""value"": ""flex""}","[{""key"": ""main"", ""min"": 992, ""max"": 10000}, {""key"": ""medium"", ""min"": 768, ""max"": 991}, {""key"": ""small"", ""min"": 480, ""max"": 767}, {""key"": ""tiny"", ""min"": 0, ""max"": 479}]","[""raw/published/resources/03c1fa8b77cf-dentvitalis33.schunk.6ecbf8a934abc739.js""]",,,
derived,e-137,Popup Open 2,MOUSE_CLICK,"[""/"", ""/chi-siamo"", ""/condizioni-di-utilizzo"", ""/contatti"", ""/domande-e-risposte"", ""/faq"", ""/informativa-sulla-privacy"", ""/informazioni-per-pazienti"", ""/informazioni/alloggio"", ""/informazioni/garanzie"", ""/informazioni/listino-prezzi"", ""/informazioni/pagamento-flessibile"", ""/informazioni/prima-visita-gratuita"", ""/informazioni/tempi-del-trattamento"", ""/informazioni/trasporto"", ""/prestazioni-dentali"", ""/prestazioni/corone-faccette-ponti-e-protesi"", ""/prestazioni/premium-ponte-fisso-su-impianti"", ""/prestazioni/protesi-definitiva-ancorata-su-4-impianti"", ""/prestazioni/sbiancamento-dei-denti"", ""/prestazioni/sedazione-cosciente"", ""/su-di-noi/come-raggiungerci"", ""/su-di-noi/i-nostri-specialisti"", ""/su-di-noi/impianti-di-nuova-generazione"", ""/su-di-noi/laboratorio-odontotecnico"", ""/su-di-noi/materiali-e-apparecchiature"", ""/su-di-noi/tutto-in-un-unico-luogo"", ""/testimonianze""]",a-11-n-4,1,False,0,,0,600,STYLE_OPACITY,,{},ease,"{""delay"": 0, ""easing"": ""ease"", ""duration"": 600, ""target"": {}, ""value"": 1, ""unit"": """"}","[{""key"": ""main"", ""min"": 992, ""max"": 10000}, {""key"": ""medium"", ""min"": 768, ""max"": 991}, {""key"": ""small"", ""min"": 480, ""max"": 767}, {""key"": ""tiny"", ""min"": 0, ""max"": 479}]","[""raw/published/resources/03c1fa8b77cf-dentvitalis33.schunk.6ecbf8a934abc739.js""]",,,
derived,e-143,e-143,SCROLL_INTO_VIEW,"[""/""]",e-143-derived-step-0,0,True,,200,0,0,STYLE_OPACITY,True,"{""id"": ""N/A"", ""appliesTo"": ""TRIGGER_ELEMENT"", ""useEventTarget"": true}",,"{""delay"": 0, ""duration"": 0, ""target"": {""id"": ""N/A"", ""appliesTo"": ""TRIGGER_ELEMENT"", ""useEventTarget"": true}, ""value"": 0}","[{""key"": ""main"", ""min"": 992, ""max"": 10000}, {""key"": ""medium"", ""min"": 768, ""max"": 991}, {""key"": ""small"", ""min"": 480, ""max"": 767}, {""key"": ""tiny"", ""min"": 0, ""max"": 479}]","[""raw/published/resources/03c1fa8b77cf-dentvitalis33.schunk.6ecbf8a934abc739.js""]",,,
derived,e-143,e-143,SCROLL_INTO_VIEW,"[""/""]",e-143-derived-step-1,1,False,0,200,0,0,TRANSFORM_MOVE,True,"{""id"": ""N/A"", ""appliesTo"": ""TRIGGER_ELEMENT"", ""useEventTarget"": true}",,"{""delay"": 0, ""duration"": 0, ""target"": {""id"": ""N/A"", ""appliesTo"": ""TRIGGER_ELEMENT"", ""useEventTarget"": true}, ""xValue"": 0, ""yValue"": 100, ""xUnit"": ""PX"", ""yUnit"": ""PX"", ""zUnit"": ""PX""}","[{""key"": ""main"", ""min"": 992, ""max"": 10000}, {""key"": ""medium"", ""min"": 768, ""max"": 991}, {""key"": ""small"", ""min"": 480, ""max"": 767}, {""key"": ""tiny"", ""min"": 0, ""max"": 479}]","[""raw/published/resources/03c1fa8b77cf-dentvitalis33.schunk.6ecbf8a934abc739.js""]",,,
derived,e-143,e-143,SCROLL_INTO_VIEW,"[""/""]",e-143-derived-step-2,2,False,0,200,0,1000,TRANSFORM_MOVE,True,"{""id"": ""N/A"", ""appliesTo"": ""TRIGGER_ELEMENT"", ""useEventTarget"": true}",outQuart,"{""delay"": 0, ""easing"": ""outQuart"", ""duration"": 1000, ""target"": {""id"": ""N/A"", ""appliesTo"": ""TRIGGER_ELEMENT"", ""useEventTarget"": true}, ""xValue"": 0, ""yValue"": 0, ""xUnit"": ""PX"", ""yUnit"": ""PX"", ""zUnit"": ""PX""}","[{""key"": ""main"", ""min"": 992, ""max"": 10000}, {""key"": ""medium"", ""min"": 768, ""max"": 991}, {""key"": ""small"", ""min"": 480, ""max"": 767}, {""key"": ""tiny"", ""min"": 0, ""max"": 479}]","[""raw/published/resources/03c1fa8b77cf-dentvitalis33.schunk.6ecbf8a934abc739.js""]",,,
derived,e-143,e-143,SCROLL_INTO_VIEW,"[""/""]",e-143-derived-step-3,2,False,0,200,0,1000,STYLE_OPACITY,True,"{""id"": ""N/A"", ""appliesTo"": ""TRIGGER_ELEMENT"", ""useEventTarget"": true}",outQuart,"{""delay"": 0, ""easing"": ""outQuart"", ""duration"": 1000, ""target"": {""id"": ""N/A"", ""appliesTo"": ""TRIGGER_ELEMENT"", ""useEventTarget"": true}, ""value"": 1}","[{""key"": ""main"", ""min"": 992, ""max"": 10000}, {""key"": ""medium"", ""min"": 768, ""max"": 991}, {""key"": ""small"", ""min"": 480, ""max"": 767}, {""key"": ""tiny"", ""min"": 0, ""max"": 479}]","[""raw/published/resources/03c1fa8b77cf-dentvitalis33.schunk.6ecbf8a934abc739.js""]",,,
derived,e-145,e-145,SCROLL_INTO_VIEW,"[""/""]",e-145-derived-step-0,0,True,,200,0,0,STYLE_OPACITY,True,"{""id"": ""N/A"", ""appliesTo"": ""TRIGGER_ELEMENT"", ""useEventTarget"": true}",,"{""delay"": 0, ""duration"": 0, ""target"": {""id"": ""N/A"", ""appliesTo"": ""TRIGGER_ELEMENT"", ""useEventTarget"": true}, ""value"": 0}","[{""key"": ""main"", ""min"": 992, ""max"": 10000}, {""key"": ""medium"", ""min"": 768, ""max"": 991}, {""key"": ""small"", ""min"": 480, ""max"": 767}, {""key"": ""tiny"", ""min"": 0, ""max"": 479}]","[""raw/published/resources/03c1fa8b77cf-dentvitalis33.schunk.6ecbf8a934abc739.js""]",,,
derived,e-145,e-145,SCROLL_INTO_VIEW,"[""/""]",e-145-derived-step-1,1,False,0,200,0,0,TRANSFORM_MOVE,True,"{""id"": ""N/A"", ""appliesTo"": ""TRIGGER_ELEMENT"", ""useEventTarget"": true}",,"{""delay"": 0, ""duration"": 0, ""target"": {""id"": ""N/A"", ""appliesTo"": ""TRIGGER_ELEMENT"", ""useEventTarget"": true}, ""xValue"": 0, ""yValue"": 100, ""xUnit"": ""PX"", ""yUnit"": ""PX"", ""zUnit"": ""PX""}","[{""key"": ""main"", ""min"": 992, ""max"": 10000}, {""key"": ""medium"", ""min"": 768, ""max"": 991}, {""key"": ""small"", ""min"": 480, ""max"": 767}, {""key"": ""tiny"", ""min"": 0, ""max"": 479}]","[""raw/published/resources/03c1fa8b77cf-dentvitalis33.schunk.6ecbf8a934abc739.js""]",,,
derived,e-145,e-145,SCROLL_INTO_VIEW,"[""/""]",e-145-derived-step-2,2,False,0,200,0,1000,TRANSFORM_MOVE,True,"{""id"": ""N/A"", ""appliesTo"": ""TRIGGER_ELEMENT"", ""useEventTarget"": true}",outQuart,"{""delay"": 0, ""easing"": ""outQuart"", ""duration"": 1000, ""target"": {""id"": ""N/A"", ""appliesTo"": ""TRIGGER_ELEMENT"", ""useEventTarget"": true}, ""xValue"": 0, ""yValue"": 0, ""xUnit"": ""PX"", ""yUnit"": ""PX"", ""zUnit"": ""PX""}","[{""key"": ""main"", ""min"": 992, ""max"": 10000}, {""key"": ""medium"", ""min"": 768, ""max"": 991}, {""key"": ""small"", ""min"": 480, ""max"": 767}, {""key"": ""tiny"", ""min"": 0, ""max"": 479}]","[""raw/published/resources/03c1fa8b77cf-dentvitalis33.schunk.6ecbf8a934abc739.js""]",,,
derived,e-145,e-145,SCROLL_INTO_VIEW,"[""/""]",e-145-derived-step-3,2,False,0,200,0,1000,STYLE_OPACITY,True,"{""id"": ""N/A"", ""appliesTo"": ""TRIGGER_ELEMENT"", ""useEventTarget"": true}",outQuart,"{""delay"": 0, ""easing"": ""outQuart"", ""duration"": 1000, ""target"": {""id"": ""N/A"", ""appliesTo"": ""TRIGGER_ELEMENT"", ""useEventTarget"": true}, ""value"": 1}","[{""key"": ""main"", ""min"": 992, ""max"": 10000}, {""key"": ""medium"", ""min"": 768, ""max"": 991}, {""key"": ""small"", ""min"": 480, ""max"": 767}, {""key"": ""tiny"", ""min"": 0, ""max"": 479}]","[""raw/published/resources/03c1fa8b77cf-dentvitalis33.schunk.6ecbf8a934abc739.js""]",,,
derived,e-150,e-150,SCROLL_INTO_VIEW,[],e-150-derived-step-0,0,True,,400,0,0,STYLE_OPACITY,True,"{""id"": ""N/A"", ""appliesTo"": ""TRIGGER_ELEMENT"", ""useEventTarget"": true}",,"{""delay"": 0, ""duration"": 0, ""target"": {""id"": ""N/A"", ""appliesTo"": ""TRIGGER_ELEMENT"", ""useEventTarget"": true}, ""value"": 0}","[{""key"": ""main"", ""min"": 992, ""max"": 10000}, {""key"": ""medium"", ""min"": 768, ""max"": 991}, {""key"": ""small"", ""min"": 480, ""max"": 767}, {""key"": ""tiny"", ""min"": 0, ""max"": 479}]","[""raw/published/resources/03c1fa8b77cf-dentvitalis33.schunk.6ecbf8a934abc739.js""]",,,
derived,e-150,e-150,SCROLL_INTO_VIEW,[],e-150-derived-step-1,1,False,0,400,0,0,TRANSFORM_SCALE,True,"{""id"": ""N/A"", ""appliesTo"": ""TRIGGER_ELEMENT"", ""useEventTarget"": true}",,"{""delay"": 0, ""duration"": 0, ""target"": {""id"": ""N/A"", ""appliesTo"": ""TRIGGER_ELEMENT"", ""useEventTarget"": true}, ""xValue"": 0.7500000000000001, ""yValue"": 0.7500000000000001}","[{""key"": ""main"", ""min"": 992, ""max"": 10000}, {""key"": ""medium"", ""min"": 768, ""max"": 991}, {""key"": ""small"", ""min"": 480, ""max"": 767}, {""key"": ""tiny"", ""min"": 0, ""max"": 479}]","[""raw/published/resources/03c1fa8b77cf-dentvitalis33.schunk.6ecbf8a934abc739.js""]",,,
derived,e-150,e-150,SCROLL_INTO_VIEW,[],e-150-derived-step-2,2,False,0,400,0,1000,TRANSFORM_SCALE,True,"{""id"": ""N/A"", ""appliesTo"": ""TRIGGER_ELEMENT"", ""useEventTarget"": true}",outQuart,"{""delay"": 0, ""easing"": ""outQuart"", ""duration"": 1000, ""target"": {""id"": ""N/A"", ""appliesTo"": ""TRIGGER_ELEMENT"", ""useEventTarget"": true}, ""xValue"": 1, ""yValue"": 1}","[{""key"": ""main"", ""min"": 992, ""max"": 10000}, {""key"": ""medium"", ""min"": 768, ""max"": 991}, {""key"": ""small"", ""min"": 480, ""max"": 767}, {""key"": ""tiny"", ""min"": 0, ""max"": 479}]","[""raw/published/resources/03c1fa8b77cf-dentvitalis33.schunk.6ecbf8a934abc739.js""]",,,
derived,e-150,e-150,SCROLL_INTO_VIEW,[],e-150-derived-step-3,2,False,0,400,0,1000,STYLE_OPACITY,True,"{""id"": ""N/A"", ""appliesTo"": ""TRIGGER_ELEMENT"", ""useEventTarget"": true}",outQuart,"{""delay"": 0, ""easing"": ""outQuart"", ""duration"": 1000, ""target"": {""id"": ""N/A"", ""appliesTo"": ""TRIGGER_ELEMENT"", ""useEventTarget"": true}, ""value"": 1}","[{""key"": ""main"", ""min"": 992, ""max"": 10000}, {""key"": ""medium"", ""min"": 768, ""max"": 991}, {""key"": ""small"", ""min"": 480, ""max"": 767}, {""key"": ""tiny"", ""min"": 0, ""max"": 479}]","[""raw/published/resources/03c1fa8b77cf-dentvitalis33.schunk.6ecbf8a934abc739.js""]",,,
derived,e-152,e-152,SCROLL_INTO_VIEW,[],e-152-derived-step-0,0,True,,600,0,0,STYLE_OPACITY,True,"{""id"": ""N/A"", ""appliesTo"": ""TRIGGER_ELEMENT"", ""useEventTarget"": true}",,"{""delay"": 0, ""duration"": 0, ""target"": {""id"": ""N/A"", ""appliesTo"": ""TRIGGER_ELEMENT"", ""useEventTarget"": true}, ""value"": 0}","[{""key"": ""main"", ""min"": 992, ""max"": 10000}, {""key"": ""medium"", ""min"": 768, ""max"": 991}, {""key"": ""small"", ""min"": 480, ""max"": 767}, {""key"": ""tiny"", ""min"": 0, ""max"": 479}]","[""raw/published/resources/03c1fa8b77cf-dentvitalis33.schunk.6ecbf8a934abc739.js""]",,,
derived,e-152,e-152,SCROLL_INTO_VIEW,[],e-152-derived-step-1,1,False,0,600,0,0,TRANSFORM_SCALE,True,"{""id"": ""N/A"", ""appliesTo"": ""TRIGGER_ELEMENT"", ""useEventTarget"": true}",,"{""delay"": 0, ""duration"": 0, ""target"": {""id"": ""N/A"", ""appliesTo"": ""TRIGGER_ELEMENT"", ""useEventTarget"": true}, ""xValue"": 0.7500000000000001, ""yValue"": 0.7500000000000001}","[{""key"": ""main"", ""min"": 992, ""max"": 10000}, {""key"": ""medium"", ""min"": 768, ""max"": 991}, {""key"": ""small"", ""min"": 480, ""max"": 767}, {""key"": ""tiny"", ""min"": 0, ""max"": 479}]","[""raw/published/resources/03c1fa8b77cf-dentvitalis33.schunk.6ecbf8a934abc739.js""]",,,
derived,e-152,e-152,SCROLL_INTO_VIEW,[],e-152-derived-step-2,2,False,0,600,0,1000,TRANSFORM_SCALE,True,"{""id"": ""N/A"", ""appliesTo"": ""TRIGGER_ELEMENT"", ""useEventTarget"": true}",outQuart,"{""delay"": 0, ""easing"": ""outQuart"", ""duration"": 1000, ""target"": {""id"": ""N/A"", ""appliesTo"": ""TRIGGER_ELEMENT"", ""useEventTarget"": true}, ""xValue"": 1, ""yValue"": 1}","[{""key"": ""main"", ""min"": 992, ""max"": 10000}, {""key"": ""medium"", ""min"": 768, ""max"": 991}, {""key"": ""small"", ""min"": 480, ""max"": 767}, {""key"": ""tiny"", ""min"": 0, ""max"": 479}]","[""raw/published/resources/03c1fa8b77cf-dentvitalis33.schunk.6ecbf8a934abc739.js""]",,,
derived,e-152,e-152,SCROLL_INTO_VIEW,[],e-152-derived-step-3,2,False,0,600,0,1000,STYLE_OPACITY,True,"{""id"": ""N/A"", ""appliesTo"": ""TRIGGER_ELEMENT"", ""useEventTarget"": true}",outQuart,"{""delay"": 0, ""easing"": ""outQuart"", ""duration"": 1000, ""target"": {""id"": ""N/A"", ""appliesTo"": ""TRIGGER_ELEMENT"", ""useEventTarget"": true}, ""value"": 1}","[{""key"": ""main"", ""min"": 992, ""max"": 10000}, {""key"": ""medium"", ""min"": 768, ""max"": 991}, {""key"": ""small"", ""min"": 480, ""max"": 767}, {""key"": ""tiny"", ""min"": 0, ""max"": 479}]","[""raw/published/resources/03c1fa8b77cf-dentvitalis33.schunk.6ecbf8a934abc739.js""]",,,
derived,e-154,e-154,SCROLL_INTO_VIEW,[],e-154-derived-step-0,0,True,,200,0,0,STYLE_OPACITY,True,"{""id"": ""N/A"", ""appliesTo"": ""TRIGGER_ELEMENT"", ""useEventTarget"": true}",,"{""delay"": 0, ""duration"": 0, ""target"": {""id"": ""N/A"", ""appliesTo"": ""TRIGGER_ELEMENT"", ""useEventTarget"": true}, ""value"": 0}","[{""key"": ""main"", ""min"": 992, ""max"": 10000}, {""key"": ""medium"", ""min"": 768, ""max"": 991}, {""key"": ""small"", ""min"": 480, ""max"": 767}, {""key"": ""tiny"", ""min"": 0, ""max"": 479}]","[""raw/published/resources/03c1fa8b77cf-dentvitalis33.schunk.6ecbf8a934abc739.js""]",,,
derived,e-154,e-154,SCROLL_INTO_VIEW,[],e-154-derived-step-1,1,False,0,200,0,1000,STYLE_OPACITY,True,"{""id"": ""N/A"", ""appliesTo"": ""TRIGGER_ELEMENT"", ""useEventTarget"": true}",outQuart,"{""delay"": 0, ""easing"": ""outQuart"", ""duration"": 1000, ""target"": {""id"": ""N/A"", ""appliesTo"": ""TRIGGER_ELEMENT"", ""useEventTarget"": true}, ""value"": 1}","[{""key"": ""main"", ""min"": 992, ""max"": 10000}, {""key"": ""medium"", ""min"": 768, ""max"": 991}, {""key"": ""small"", ""min"": 480, ""max"": 767}, {""key"": ""tiny"", ""min"": 0, ""max"": 479}]","[""raw/published/resources/03c1fa8b77cf-dentvitalis33.schunk.6ecbf8a934abc739.js""]",,,
derived,e-158,e-158,SCROLL_INTO_VIEW,[],e-158-derived-step-0,0,True,,200,0,0,STYLE_OPACITY,True,"{""id"": ""N/A"", ""appliesTo"": ""TRIGGER_ELEMENT"", ""useEventTarget"": true}",,"{""delay"": 0, ""duration"": 0, ""target"": {""id"": ""N/A"", ""appliesTo"": ""TRIGGER_ELEMENT"", ""useEventTarget"": true}, ""value"": 0}","[{""key"": ""main"", ""min"": 992, ""max"": 10000}]","[""raw/published/resources/03c1fa8b77cf-dentvitalis33.schunk.6ecbf8a934abc739.js""]",,,
derived,e-158,e-158,SCROLL_INTO_VIEW,[],e-158-derived-step-1,1,False,0,200,0,0,TRANSFORM_MOVE,True,"{""id"": ""N/A"", ""appliesTo"": ""TRIGGER_ELEMENT"", ""useEventTarget"": true}",,"{""delay"": 0, ""duration"": 0, ""target"": {""id"": ""N/A"", ""appliesTo"": ""TRIGGER_ELEMENT"", ""useEventTarget"": true}, ""xValue"": 0, ""yValue"": 100, ""xUnit"": ""PX"", ""yUnit"": ""PX"", ""zUnit"": ""PX""}","[{""key"": ""main"", ""min"": 992, ""max"": 10000}]","[""raw/published/resources/03c1fa8b77cf-dentvitalis33.schunk.6ecbf8a934abc739.js""]",,,
derived,e-158,e-158,SCROLL_INTO_VIEW,[],e-158-derived-step-2,2,False,0,200,0,1000,TRANSFORM_MOVE,True,"{""id"": ""N/A"", ""appliesTo"": ""TRIGGER_ELEMENT"", ""useEventTarget"": true}",outQuart,"{""delay"": 0, ""easing"": ""outQuart"", ""duration"": 1000, ""target"": {""id"": ""N/A"", ""appliesTo"": ""TRIGGER_ELEMENT"", ""useEventTarget"": true}, ""xValue"": 0, ""yValue"": 0, ""xUnit"": ""PX"", ""yUnit"": ""PX"", ""zUnit"": ""PX""}","[{""key"": ""main"", ""min"": 992, ""max"": 10000}]","[""raw/published/resources/03c1fa8b77cf-dentvitalis33.schunk.6ecbf8a934abc739.js""]",,,
derived,e-158,e-158,SCROLL_INTO_VIEW,[],e-158-derived-step-3,2,False,0,200,0,1000,STYLE_OPACITY,True,"{""id"": ""N/A"", ""appliesTo"": ""TRIGGER_ELEMENT"", ""useEventTarget"": true}",outQuart,"{""delay"": 0, ""easing"": ""outQuart"", ""duration"": 1000, ""target"": {""id"": ""N/A"", ""appliesTo"": ""TRIGGER_ELEMENT"", ""useEventTarget"": true}, ""value"": 1}","[{""key"": ""main"", ""min"": 992, ""max"": 10000}]","[""raw/published/resources/03c1fa8b77cf-dentvitalis33.schunk.6ecbf8a934abc739.js""]",,,
derived,e-160,e-160,SCROLL_INTO_VIEW,"[""/""]",e-160-derived-step-0,0,True,,200,0,0,STYLE_OPACITY,True,"{""id"": ""N/A"", ""appliesTo"": ""TRIGGER_ELEMENT"", ""useEventTarget"": true}",,"{""delay"": 0, ""duration"": 0, ""target"": {""id"": ""N/A"", ""appliesTo"": ""TRIGGER_ELEMENT"", ""useEventTarget"": true}, ""value"": 0}","[{""key"": ""main"", ""min"": 992, ""max"": 10000}, {""key"": ""medium"", ""min"": 768, ""max"": 991}, {""key"": ""small"", ""min"": 480, ""max"": 767}, {""key"": ""tiny"", ""min"": 0, ""max"": 479}]","[""raw/published/resources/03c1fa8b77cf-dentvitalis33.schunk.6ecbf8a934abc739.js""]",,,
derived,e-160,e-160,SCROLL_INTO_VIEW,"[""/""]",e-160-derived-step-1,1,False,0,200,0,0,TRANSFORM_MOVE,True,"{""id"": ""N/A"", ""appliesTo"": ""TRIGGER_ELEMENT"", ""useEventTarget"": true}",,"{""delay"": 0, ""duration"": 0, ""target"": {""id"": ""N/A"", ""appliesTo"": ""TRIGGER_ELEMENT"", ""useEventTarget"": true}, ""xValue"": 0, ""yValue"": 100, ""xUnit"": ""PX"", ""yUnit"": ""PX"", ""zUnit"": ""PX""}","[{""key"": ""main"", ""min"": 992, ""max"": 10000}, {""key"": ""medium"", ""min"": 768, ""max"": 991}, {""key"": ""small"", ""min"": 480, ""max"": 767}, {""key"": ""tiny"", ""min"": 0, ""max"": 479}]","[""raw/published/resources/03c1fa8b77cf-dentvitalis33.schunk.6ecbf8a934abc739.js""]",,,
derived,e-160,e-160,SCROLL_INTO_VIEW,"[""/""]",e-160-derived-step-2,2,False,0,200,0,1000,TRANSFORM_MOVE,True,"{""id"": ""N/A"", ""appliesTo"": ""TRIGGER_ELEMENT"", ""useEventTarget"": true}",outQuart,"{""delay"": 0, ""easing"": ""outQuart"", ""duration"": 1000, ""target"": {""id"": ""N/A"", ""appliesTo"": ""TRIGGER_ELEMENT"", ""useEventTarget"": true}, ""xValue"": 0, ""yValue"": 0, ""xUnit"": ""PX"", ""yUnit"": ""PX"", ""zUnit"": ""PX""}","[{""key"": ""main"", ""min"": 992, ""max"": 10000}, {""key"": ""medium"", ""min"": 768, ""max"": 991}, {""key"": ""small"", ""min"": 480, ""max"": 767}, {""key"": ""tiny"", ""min"": 0, ""max"": 479}]","[""raw/published/resources/03c1fa8b77cf-dentvitalis33.schunk.6ecbf8a934abc739.js""]",,,
derived,e-160,e-160,SCROLL_INTO_VIEW,"[""/""]",e-160-derived-step-3,2,False,0,200,0,1000,STYLE_OPACITY,True,"{""id"": ""N/A"", ""appliesTo"": ""TRIGGER_ELEMENT"", ""useEventTarget"": true}",outQuart,"{""delay"": 0, ""easing"": ""outQuart"", ""duration"": 1000, ""target"": {""id"": ""N/A"", ""appliesTo"": ""TRIGGER_ELEMENT"", ""useEventTarget"": true}, ""value"": 1}","[{""key"": ""main"", ""min"": 992, ""max"": 10000}, {""key"": ""medium"", ""min"": 768, ""max"": 991}, {""key"": ""small"", ""min"": 480, ""max"": 767}, {""key"": ""tiny"", ""min"": 0, ""max"": 479}]","[""raw/published/resources/03c1fa8b77cf-dentvitalis33.schunk.6ecbf8a934abc739.js""]",,,
derived,e-162,e-162,SCROLL_INTO_VIEW,"[""/""]",e-162-derived-step-0,0,True,,400,0,0,STYLE_OPACITY,True,"{""id"": ""N/A"", ""appliesTo"": ""TRIGGER_ELEMENT"", ""useEventTarget"": true}",,"{""delay"": 0, ""duration"": 0, ""target"": {""id"": ""N/A"", ""appliesTo"": ""TRIGGER_ELEMENT"", ""useEventTarget"": true}, ""value"": 0}","[{""key"": ""main"", ""min"": 992, ""max"": 10000}, {""key"": ""medium"", ""min"": 768, ""max"": 991}, {""key"": ""small"", ""min"": 480, ""max"": 767}, {""key"": ""tiny"", ""min"": 0, ""max"": 479}]","[""raw/published/resources/03c1fa8b77cf-dentvitalis33.schunk.6ecbf8a934abc739.js""]",,,
derived,e-162,e-162,SCROLL_INTO_VIEW,"[""/""]",e-162-derived-step-1,1,False,0,400,0,0,TRANSFORM_SCALE,True,"{""id"": ""N/A"", ""appliesTo"": ""TRIGGER_ELEMENT"", ""useEventTarget"": true}",,"{""delay"": 0, ""duration"": 0, ""target"": {""id"": ""N/A"", ""appliesTo"": ""TRIGGER_ELEMENT"", ""useEventTarget"": true}, ""xValue"": 0.7500000000000001, ""yValue"": 0.7500000000000001}","[{""key"": ""main"", ""min"": 992, ""max"": 10000}, {""key"": ""medium"", ""min"": 768, ""max"": 991}, {""key"": ""small"", ""min"": 480, ""max"": 767}, {""key"": ""tiny"", ""min"": 0, ""max"": 479}]","[""raw/published/resources/03c1fa8b77cf-dentvitalis33.schunk.6ecbf8a934abc739.js""]",,,
derived,e-162,e-162,SCROLL_INTO_VIEW,"[""/""]",e-162-derived-step-2,2,False,0,400,0,1000,TRANSFORM_SCALE,True,"{""id"": ""N/A"", ""appliesTo"": ""TRIGGER_ELEMENT"", ""useEventTarget"": true}",outQuart,"{""delay"": 0, ""easing"": ""outQuart"", ""duration"": 1000, ""target"": {""id"": ""N/A"", ""appliesTo"": ""TRIGGER_ELEMENT"", ""useEventTarget"": true}, ""xValue"": 1, ""yValue"": 1}","[{""key"": ""main"", ""min"": 992, ""max"": 10000}, {""key"": ""medium"", ""min"": 768, ""max"": 991}, {""key"": ""small"", ""min"": 480, ""max"": 767}, {""key"": ""tiny"", ""min"": 0, ""max"": 479}]","[""raw/published/resources/03c1fa8b77cf-dentvitalis33.schunk.6ecbf8a934abc739.js""]",,,
derived,e-162,e-162,SCROLL_INTO_VIEW,"[""/""]",e-162-derived-step-3,2,False,0,400,0,1000,STYLE_OPACITY,True,"{""id"": ""N/A"", ""appliesTo"": ""TRIGGER_ELEMENT"", ""useEventTarget"": true}",outQuart,"{""delay"": 0, ""easing"": ""outQuart"", ""duration"": 1000, ""target"": {""id"": ""N/A"", ""appliesTo"": ""TRIGGER_ELEMENT"", ""useEventTarget"": true}, ""value"": 1}","[{""key"": ""main"", ""min"": 992, ""max"": 10000}, {""key"": ""medium"", ""min"": 768, ""max"": 991}, {""key"": ""small"", ""min"": 480, ""max"": 767}, {""key"": ""tiny"", ""min"": 0, ""max"": 479}]","[""raw/published/resources/03c1fa8b77cf-dentvitalis33.schunk.6ecbf8a934abc739.js""]",,,
derived,e-164,e-164,SCROLL_INTO_VIEW,"[""/""]",e-164-derived-step-0,0,True,,200,0,0,STYLE_OPACITY,True,"{""id"": ""N/A"", ""appliesTo"": ""TRIGGER_ELEMENT"", ""useEventTarget"": true}",,"{""delay"": 0, ""duration"": 0, ""target"": {""id"": ""N/A"", ""appliesTo"": ""TRIGGER_ELEMENT"", ""useEventTarget"": true}, ""value"": 0}","[{""key"": ""main"", ""min"": 992, ""max"": 10000}, {""key"": ""medium"", ""min"": 768, ""max"": 991}, {""key"": ""small"", ""min"": 480, ""max"": 767}, {""key"": ""tiny"", ""min"": 0, ""max"": 479}]","[""raw/published/resources/03c1fa8b77cf-dentvitalis33.schunk.6ecbf8a934abc739.js""]",,,
derived,e-164,e-164,SCROLL_INTO_VIEW,"[""/""]",e-164-derived-step-1,1,False,0,200,0,0,TRANSFORM_MOVE,True,"{""id"": ""N/A"", ""appliesTo"": ""TRIGGER_ELEMENT"", ""useEventTarget"": true}",,"{""delay"": 0, ""duration"": 0, ""target"": {""id"": ""N/A"", ""appliesTo"": ""TRIGGER_ELEMENT"", ""useEventTarget"": true}, ""xValue"": 0, ""yValue"": 100, ""xUnit"": ""PX"", ""yUnit"": ""PX"", ""zUnit"": ""PX""}","[{""key"": ""main"", ""min"": 992, ""max"": 10000}, {""key"": ""medium"", ""min"": 768, ""max"": 991}, {""key"": ""small"", ""min"": 480, ""max"": 767}, {""key"": ""tiny"", ""min"": 0, ""max"": 479}]","[""raw/published/resources/03c1fa8b77cf-dentvitalis33.schunk.6ecbf8a934abc739.js""]",,,
derived,e-164,e-164,SCROLL_INTO_VIEW,"[""/""]",e-164-derived-step-2,2,False,0,200,0,1000,TRANSFORM_MOVE,True,"{""id"": ""N/A"", ""appliesTo"": ""TRIGGER_ELEMENT"", ""useEventTarget"": true}",outQuart,"{""delay"": 0, ""easing"": ""outQuart"", ""duration"": 1000, ""target"": {""id"": ""N/A"", ""appliesTo"": ""TRIGGER_ELEMENT"", ""useEventTarget"": true}, ""xValue"": 0, ""yValue"": 0, ""xUnit"": ""PX"", ""yUnit"": ""PX"", ""zUnit"": ""PX""}","[{""key"": ""main"", ""min"": 992, ""max"": 10000}, {""key"": ""medium"", ""min"": 768, ""max"": 991}, {""key"": ""small"", ""min"": 480, ""max"": 767}, {""key"": ""tiny"", ""min"": 0, ""max"": 479}]","[""raw/published/resources/03c1fa8b77cf-dentvitalis33.schunk.6ecbf8a934abc739.js""]",,,
derived,e-164,e-164,SCROLL_INTO_VIEW,"[""/""]",e-164-derived-step-3,2,False,0,200,0,1000,STYLE_OPACITY,True,"{""id"": ""N/A"", ""appliesTo"": ""TRIGGER_ELEMENT"", ""useEventTarget"": true}",outQuart,"{""delay"": 0, ""easing"": ""outQuart"", ""duration"": 1000, ""target"": {""id"": ""N/A"", ""appliesTo"": ""TRIGGER_ELEMENT"", ""useEventTarget"": true}, ""value"": 1}","[{""key"": ""main"", ""min"": 992, ""max"": 10000}, {""key"": ""medium"", ""min"": 768, ""max"": 991}, {""key"": ""small"", ""min"": 480, ""max"": 767}, {""key"": ""tiny"", ""min"": 0, ""max"": 479}]","[""raw/published/resources/03c1fa8b77cf-dentvitalis33.schunk.6ecbf8a934abc739.js""]",,,
derived,e-166,e-166,SCROLL_INTO_VIEW,"[""/""]",e-166-derived-step-0,0,True,,400,0,0,STYLE_OPACITY,True,"{""id"": ""N/A"", ""appliesTo"": ""TRIGGER_ELEMENT"", ""useEventTarget"": true}",,"{""delay"": 0, ""duration"": 0, ""target"": {""id"": ""N/A"", ""appliesTo"": ""TRIGGER_ELEMENT"", ""useEventTarget"": true}, ""value"": 0}","[{""key"": ""main"", ""min"": 992, ""max"": 10000}, {""key"": ""medium"", ""min"": 768, ""max"": 991}, {""key"": ""small"", ""min"": 480, ""max"": 767}, {""key"": ""tiny"", ""min"": 0, ""max"": 479}]","[""raw/published/resources/03c1fa8b77cf-dentvitalis33.schunk.6ecbf8a934abc739.js""]",,,
derived,e-166,e-166,SCROLL_INTO_VIEW,"[""/""]",e-166-derived-step-1,1,False,0,400,0,0,TRANSFORM_MOVE,True,"{""id"": ""N/A"", ""appliesTo"": ""TRIGGER_ELEMENT"", ""useEventTarget"": true}",,"{""delay"": 0, ""duration"": 0, ""target"": {""id"": ""N/A"", ""appliesTo"": ""TRIGGER_ELEMENT"", ""useEventTarget"": true}, ""xValue"": 0, ""yValue"": 100, ""xUnit"": ""PX"", ""yUnit"": ""PX"", ""zUnit"": ""PX""}","[{""key"": ""main"", ""min"": 992, ""max"": 10000}, {""key"": ""medium"", ""min"": 768, ""max"": 991}, {""key"": ""small"", ""min"": 480, ""max"": 767}, {""key"": ""tiny"", ""min"": 0, ""max"": 479}]","[""raw/published/resources/03c1fa8b77cf-dentvitalis33.schunk.6ecbf8a934abc739.js""]",,,
derived,e-166,e-166,SCROLL_INTO_VIEW,"[""/""]",e-166-derived-step-2,2,False,0,400,0,1000,TRANSFORM_MOVE,True,"{""id"": ""N/A"", ""appliesTo"": ""TRIGGER_ELEMENT"", ""useEventTarget"": true}",outQuart,"{""delay"": 0, ""easing"": ""outQuart"", ""duration"": 1000, ""target"": {""id"": ""N/A"", ""appliesTo"": ""TRIGGER_ELEMENT"", ""useEventTarget"": true}, ""xValue"": 0, ""yValue"": 0, ""xUnit"": ""PX"", ""yUnit"": ""PX"", ""zUnit"": ""PX""}","[{""key"": ""main"", ""min"": 992, ""max"": 10000}, {""key"": ""medium"", ""min"": 768, ""max"": 991}, {""key"": ""small"", ""min"": 480, ""max"": 767}, {""key"": ""tiny"", ""min"": 0, ""max"": 479}]","[""raw/published/resources/03c1fa8b77cf-dentvitalis33.schunk.6ecbf8a934abc739.js""]",,,
derived,e-166,e-166,SCROLL_INTO_VIEW,"[""/""]",e-166-derived-step-3,2,False,0,400,0,1000,STYLE_OPACITY,True,"{""id"": ""N/A"", ""appliesTo"": ""TRIGGER_ELEMENT"", ""useEventTarget"": true}",outQuart,"{""delay"": 0, ""easing"": ""outQuart"", ""duration"": 1000, ""target"": {""id"": ""N/A"", ""appliesTo"": ""TRIGGER_ELEMENT"", ""useEventTarget"": true}, ""value"": 1}","[{""key"": ""main"", ""min"": 992, ""max"": 10000}, {""key"": ""medium"", ""min"": 768, ""max"": 991}, {""key"": ""small"", ""min"": 480, ""max"": 767}, {""key"": ""tiny"", ""min"": 0, ""max"": 479}]","[""raw/published/resources/03c1fa8b77cf-dentvitalis33.schunk.6ecbf8a934abc739.js""]",,,
derived,e-178,e-178,SCROLL_INTO_VIEW,"[""/"", ""/faq""]",e-178-derived-step-0,0,True,,300,0,0,STYLE_OPACITY,True,"{""id"": ""N/A"", ""appliesTo"": ""TRIGGER_ELEMENT"", ""useEventTarget"": true}",,"{""delay"": 0, ""duration"": 0, ""target"": {""id"": ""N/A"", ""appliesTo"": ""TRIGGER_ELEMENT"", ""useEventTarget"": true}, ""value"": 0}","[{""key"": ""main"", ""min"": 992, ""max"": 10000}, {""key"": ""medium"", ""min"": 768, ""max"": 991}, {""key"": ""small"", ""min"": 480, ""max"": 767}, {""key"": ""tiny"", ""min"": 0, ""max"": 479}]","[""raw/published/resources/03c1fa8b77cf-dentvitalis33.schunk.6ecbf8a934abc739.js""]",,,
derived,e-178,e-178,SCROLL_INTO_VIEW,"[""/"", ""/faq""]",e-178-derived-step-1,1,False,0,300,0,0,TRANSFORM_SCALE,True,"{""id"": ""N/A"", ""appliesTo"": ""TRIGGER_ELEMENT"", ""useEventTarget"": true}",,"{""delay"": 0, ""duration"": 0, ""target"": {""id"": ""N/A"", ""appliesTo"": ""TRIGGER_ELEMENT"", ""useEventTarget"": true}, ""xValue"": 0.7500000000000001, ""yValue"": 0.7500000000000001}","[{""key"": ""main"", ""min"": 992, ""max"": 10000}, {""key"": ""medium"", ""min"": 768, ""max"": 991}, {""key"": ""small"", ""min"": 480, ""max"": 767}, {""key"": ""tiny"", ""min"": 0, ""max"": 479}]","[""raw/published/resources/03c1fa8b77cf-dentvitalis33.schunk.6ecbf8a934abc739.js""]",,,
derived,e-178,e-178,SCROLL_INTO_VIEW,"[""/"", ""/faq""]",e-178-derived-step-2,2,False,0,300,0,1000,TRANSFORM_SCALE,True,"{""id"": ""N/A"", ""appliesTo"": ""TRIGGER_ELEMENT"", ""useEventTarget"": true}",outQuart,"{""delay"": 0, ""easing"": ""outQuart"", ""duration"": 1000, ""target"": {""id"": ""N/A"", ""appliesTo"": ""TRIGGER_ELEMENT"", ""useEventTarget"": true}, ""xValue"": 1, ""yValue"": 1}","[{""key"": ""main"", ""min"": 992, ""max"": 10000}, {""key"": ""medium"", ""min"": 768, ""max"": 991}, {""key"": ""small"", ""min"": 480, ""max"": 767}, {""key"": ""tiny"", ""min"": 0, ""max"": 479}]","[""raw/published/resources/03c1fa8b77cf-dentvitalis33.schunk.6ecbf8a934abc739.js""]",,,
derived,e-178,e-178,SCROLL_INTO_VIEW,"[""/"", ""/faq""]",e-178-derived-step-3,2,False,0,300,0,1000,STYLE_OPACITY,True,"{""id"": ""N/A"", ""appliesTo"": ""TRIGGER_ELEMENT"", ""useEventTarget"": true}",outQuart,"{""delay"": 0, ""easing"": ""outQuart"", ""duration"": 1000, ""target"": {""id"": ""N/A"", ""appliesTo"": ""TRIGGER_ELEMENT"", ""useEventTarget"": true}, ""value"": 1}","[{""key"": ""main"", ""min"": 992, ""max"": 10000}, {""key"": ""medium"", ""min"": 768, ""max"": 991}, {""key"": ""small"", ""min"": 480, ""max"": 767}, {""key"": ""tiny"", ""min"": 0, ""max"": 479}]","[""raw/published/resources/03c1fa8b77cf-dentvitalis33.schunk.6ecbf8a934abc739.js""]",,,
derived,e-194,e-194,SCROLL_INTO_VIEW,"[""/"", ""/chi-siamo"", ""/condizioni-di-utilizzo"", ""/contatti"", ""/domande-e-risposte"", ""/faq"", ""/informativa-sulla-privacy"", ""/informazioni-per-pazienti"", ""/informazioni/alloggio"", ""/informazioni/garanzie"", ""/informazioni/listino-prezzi"", ""/informazioni/pagamento-flessibile"", ""/informazioni/prima-visita-gratuita"", ""/informazioni/tempi-del-trattamento"", ""/informazioni/trasporto"", ""/prestazioni-dentali"", ""/prestazioni/corone-faccette-ponti-e-protesi"", ""/prestazioni/premium-ponte-fisso-su-impianti"", ""/prestazioni/protesi-definitiva-ancorata-su-4-impianti"", ""/prestazioni/sbiancamento-dei-denti"", ""/prestazioni/sedazione-cosciente"", ""/su-di-noi/come-raggiungerci"", ""/su-di-noi/i-nostri-specialisti"", ""/su-di-noi/impianti-di-nuova-generazione"", ""/su-di-noi/laboratorio-odontotecnico"", ""/su-di-noi/materiali-e-apparecchiature"", ""/su-di-noi/tutto-in-un-unico-luogo"", ""/testimonianze""]",e-194-derived-step-0,0,True,,400,0,0,STYLE_OPACITY,True,"{""id"": ""N/A"", ""appliesTo"": ""TRIGGER_ELEMENT"", ""useEventTarget"": true}",,"{""delay"": 0, ""duration"": 0, ""target"": {""id"": ""N/A"", ""appliesTo"": ""TRIGGER_ELEMENT"", ""useEventTarget"": true}, ""value"": 0}","[{""key"": ""main"", ""min"": 992, ""max"": 10000}, {""key"": ""medium"", ""min"": 768, ""max"": 991}, {""key"": ""small"", ""min"": 480, ""max"": 767}, {""key"": ""tiny"", ""min"": 0, ""max"": 479}]","[""raw/published/resources/03c1fa8b77cf-dentvitalis33.schunk.6ecbf8a934abc739.js""]",,,
derived,e-194,e-194,SCROLL_INTO_VIEW,"[""/"", ""/chi-siamo"", ""/condizioni-di-utilizzo"", ""/contatti"", ""/domande-e-risposte"", ""/faq"", ""/informativa-sulla-privacy"", ""/informazioni-per-pazienti"", ""/informazioni/alloggio"", ""/informazioni/garanzie"", ""/informazioni/listino-prezzi"", ""/informazioni/pagamento-flessibile"", ""/informazioni/prima-visita-gratuita"", ""/informazioni/tempi-del-trattamento"", ""/informazioni/trasporto"", ""/prestazioni-dentali"", ""/prestazioni/corone-faccette-ponti-e-protesi"", ""/prestazioni/premium-ponte-fisso-su-impianti"", ""/prestazioni/protesi-definitiva-ancorata-su-4-impianti"", ""/prestazioni/sbiancamento-dei-denti"", ""/prestazioni/sedazione-cosciente"", ""/su-di-noi/come-raggiungerci"", ""/su-di-noi/i-nostri-specialisti"", ""/su-di-noi/impianti-di-nuova-generazione"", ""/su-di-noi/laboratorio-odontotecnico"", ""/su-di-noi/materiali-e-apparecchiature"", ""/su-di-noi/tutto-in-un-unico-luogo"", ""/testimonianze""]",e-194-derived-step-1,1,False,0,400,0,0,TRANSFORM_MOVE,True,"{""id"": ""N/A"", ""appliesTo"": ""TRIGGER_ELEMENT"", ""useEventTarget"": true}",,"{""delay"": 0, ""duration"": 0, ""target"": {""id"": ""N/A"", ""appliesTo"": ""TRIGGER_ELEMENT"", ""useEventTarget"": true}, ""xValue"": 0, ""yValue"": 100, ""xUnit"": ""PX"", ""yUnit"": ""PX"", ""zUnit"": ""PX""}","[{""key"": ""main"", ""min"": 992, ""max"": 10000}, {""key"": ""medium"", ""min"": 768, ""max"": 991}, {""key"": ""small"", ""min"": 480, ""max"": 767}, {""key"": ""tiny"", ""min"": 0, ""max"": 479}]","[""raw/published/resources/03c1fa8b77cf-dentvitalis33.schunk.6ecbf8a934abc739.js""]",,,
derived,e-194,e-194,SCROLL_INTO_VIEW,"[""/"", ""/chi-siamo"", ""/condizioni-di-utilizzo"", ""/contatti"", ""/domande-e-risposte"", ""/faq"", ""/informativa-sulla-privacy"", ""/informazioni-per-pazienti"", ""/informazioni/alloggio"", ""/informazioni/garanzie"", ""/informazioni/listino-prezzi"", ""/informazioni/pagamento-flessibile"", ""/informazioni/prima-visita-gratuita"", ""/informazioni/tempi-del-trattamento"", ""/informazioni/trasporto"", ""/prestazioni-dentali"", ""/prestazioni/corone-faccette-ponti-e-protesi"", ""/prestazioni/premium-ponte-fisso-su-impianti"", ""/prestazioni/protesi-definitiva-ancorata-su-4-impianti"", ""/prestazioni/sbiancamento-dei-denti"", ""/prestazioni/sedazione-cosciente"", ""/su-di-noi/come-raggiungerci"", ""/su-di-noi/i-nostri-specialisti"", ""/su-di-noi/impianti-di-nuova-generazione"", ""/su-di-noi/laboratorio-odontotecnico"", ""/su-di-noi/materiali-e-apparecchiature"", ""/su-di-noi/tutto-in-un-unico-luogo"", ""/testimonianze""]",e-194-derived-step-2,2,False,0,400,0,1000,TRANSFORM_MOVE,True,"{""id"": ""N/A"", ""appliesTo"": ""TRIGGER_ELEMENT"", ""useEventTarget"": true}",outQuart,"{""delay"": 0, ""easing"": ""outQuart"", ""duration"": 1000, ""target"": {""id"": ""N/A"", ""appliesTo"": ""TRIGGER_ELEMENT"", ""useEventTarget"": true}, ""xValue"": 0, ""yValue"": 0, ""xUnit"": ""PX"", ""yUnit"": ""PX"", ""zUnit"": ""PX""}","[{""key"": ""main"", ""min"": 992, ""max"": 10000}, {""key"": ""medium"", ""min"": 768, ""max"": 991}, {""key"": ""small"", ""min"": 480, ""max"": 767}, {""key"": ""tiny"", ""min"": 0, ""max"": 479}]","[""raw/published/resources/03c1fa8b77cf-dentvitalis33.schunk.6ecbf8a934abc739.js""]",,,
derived,e-194,e-194,SCROLL_INTO_VIEW,"[""/"", ""/chi-siamo"", ""/condizioni-di-utilizzo"", ""/contatti"", ""/domande-e-risposte"", ""/faq"", ""/informativa-sulla-privacy"", ""/informazioni-per-pazienti"", ""/informazioni/alloggio"", ""/informazioni/garanzie"", ""/informazioni/listino-prezzi"", ""/informazioni/pagamento-flessibile"", ""/informazioni/prima-visita-gratuita"", ""/informazioni/tempi-del-trattamento"", ""/informazioni/trasporto"", ""/prestazioni-dentali"", ""/prestazioni/corone-faccette-ponti-e-protesi"", ""/prestazioni/premium-ponte-fisso-su-impianti"", ""/prestazioni/protesi-definitiva-ancorata-su-4-impianti"", ""/prestazioni/sbiancamento-dei-denti"", ""/prestazioni/sedazione-cosciente"", ""/su-di-noi/come-raggiungerci"", ""/su-di-noi/i-nostri-specialisti"", ""/su-di-noi/impianti-di-nuova-generazione"", ""/su-di-noi/laboratorio-odontotecnico"", ""/su-di-noi/materiali-e-apparecchiature"", ""/su-di-noi/tutto-in-un-unico-luogo"", ""/testimonianze""]",e-194-derived-step-3,2,False,0,400,0,1000,STYLE_OPACITY,True,"{""id"": ""N/A"", ""appliesTo"": ""TRIGGER_ELEMENT"", ""useEventTarget"": true}",outQuart,"{""delay"": 0, ""easing"": ""outQuart"", ""duration"": 1000, ""target"": {""id"": ""N/A"", ""appliesTo"": ""TRIGGER_ELEMENT"", ""useEventTarget"": true}, ""value"": 1}","[{""key"": ""main"", ""min"": 992, ""max"": 10000}, {""key"": ""medium"", ""min"": 768, ""max"": 991}, {""key"": ""small"", ""min"": 480, ""max"": 767}, {""key"": ""tiny"", ""min"": 0, ""max"": 479}]","[""raw/published/resources/03c1fa8b77cf-dentvitalis33.schunk.6ecbf8a934abc739.js""]",,,
derived,e-196,e-196,SCROLL_INTO_VIEW,"[""/"", ""/chi-siamo"", ""/condizioni-di-utilizzo"", ""/contatti"", ""/domande-e-risposte"", ""/faq"", ""/informativa-sulla-privacy"", ""/informazioni-per-pazienti"", ""/informazioni/alloggio"", ""/informazioni/garanzie"", ""/informazioni/listino-prezzi"", ""/informazioni/pagamento-flessibile"", ""/informazioni/prima-visita-gratuita"", ""/informazioni/tempi-del-trattamento"", ""/informazioni/trasporto"", ""/prestazioni-dentali"", ""/prestazioni/corone-faccette-ponti-e-protesi"", ""/prestazioni/premium-ponte-fisso-su-impianti"", ""/prestazioni/protesi-definitiva-ancorata-su-4-impianti"", ""/prestazioni/sbiancamento-dei-denti"", ""/prestazioni/sedazione-cosciente"", ""/su-di-noi/come-raggiungerci"", ""/su-di-noi/i-nostri-specialisti"", ""/su-di-noi/impianti-di-nuova-generazione"", ""/su-di-noi/laboratorio-odontotecnico"", ""/su-di-noi/materiali-e-apparecchiature"", ""/su-di-noi/tutto-in-un-unico-luogo"", ""/testimonianze""]",e-196-derived-step-0,0,True,,200,0,0,STYLE_OPACITY,True,"{""id"": ""N/A"", ""appliesTo"": ""TRIGGER_ELEMENT"", ""useEventTarget"": true}",,"{""delay"": 0, ""duration"": 0, ""target"": {""id"": ""N/A"", ""appliesTo"": ""TRIGGER_ELEMENT"", ""useEventTarget"": true}, ""value"": 0}","[{""key"": ""main"", ""min"": 992, ""max"": 10000}, {""key"": ""medium"", ""min"": 768, ""max"": 991}, {""key"": ""small"", ""min"": 480, ""max"": 767}, {""key"": ""tiny"", ""min"": 0, ""max"": 479}]","[""raw/published/resources/03c1fa8b77cf-dentvitalis33.schunk.6ecbf8a934abc739.js""]",,,
derived,e-196,e-196,SCROLL_INTO_VIEW,"[""/"", ""/chi-siamo"", ""/condizioni-di-utilizzo"", ""/contatti"", ""/domande-e-risposte"", ""/faq"", ""/informativa-sulla-privacy"", ""/informazioni-per-pazienti"", ""/informazioni/alloggio"", ""/informazioni/garanzie"", ""/informazioni/listino-prezzi"", ""/informazioni/pagamento-flessibile"", ""/informazioni/prima-visita-gratuita"", ""/informazioni/tempi-del-trattamento"", ""/informazioni/trasporto"", ""/prestazioni-dentali"", ""/prestazioni/corone-faccette-ponti-e-protesi"", ""/prestazioni/premium-ponte-fisso-su-impianti"", ""/prestazioni/protesi-definitiva-ancorata-su-4-impianti"", ""/prestazioni/sbiancamento-dei-denti"", ""/prestazioni/sedazione-cosciente"", ""/su-di-noi/come-raggiungerci"", ""/su-di-noi/i-nostri-specialisti"", ""/su-di-noi/impianti-di-nuova-generazione"", ""/su-di-noi/laboratorio-odontotecnico"", ""/su-di-noi/materiali-e-apparecchiature"", ""/su-di-noi/tutto-in-un-unico-luogo"", ""/testimonianze""]",e-196-derived-step-1,1,False,0,200,0,0,TRANSFORM_MOVE,True,"{""id"": ""N/A"", ""appliesTo"": ""TRIGGER_ELEMENT"", ""useEventTarget"": true}",,"{""delay"": 0, ""duration"": 0, ""target"": {""id"": ""N/A"", ""appliesTo"": ""TRIGGER_ELEMENT"", ""useEventTarget"": true}, ""xValue"": 0, ""yValue"": 100, ""xUnit"": ""PX"", ""yUnit"": ""PX"", ""zUnit"": ""PX""}","[{""key"": ""main"", ""min"": 992, ""max"": 10000}, {""key"": ""medium"", ""min"": 768, ""max"": 991}, {""key"": ""small"", ""min"": 480, ""max"": 767}, {""key"": ""tiny"", ""min"": 0, ""max"": 479}]","[""raw/published/resources/03c1fa8b77cf-dentvitalis33.schunk.6ecbf8a934abc739.js""]",,,
derived,e-196,e-196,SCROLL_INTO_VIEW,"[""/"", ""/chi-siamo"", ""/condizioni-di-utilizzo"", ""/contatti"", ""/domande-e-risposte"", ""/faq"", ""/informativa-sulla-privacy"", ""/informazioni-per-pazienti"", ""/informazioni/alloggio"", ""/informazioni/garanzie"", ""/informazioni/listino-prezzi"", ""/informazioni/pagamento-flessibile"", ""/informazioni/prima-visita-gratuita"", ""/informazioni/tempi-del-trattamento"", ""/informazioni/trasporto"", ""/prestazioni-dentali"", ""/prestazioni/corone-faccette-ponti-e-protesi"", ""/prestazioni/premium-ponte-fisso-su-impianti"", ""/prestazioni/protesi-definitiva-ancorata-su-4-impianti"", ""/prestazioni/sbiancamento-dei-denti"", ""/prestazioni/sedazione-cosciente"", ""/su-di-noi/come-raggiungerci"", ""/su-di-noi/i-nostri-specialisti"", ""/su-di-noi/impianti-di-nuova-generazione"", ""/su-di-noi/laboratorio-odontotecnico"", ""/su-di-noi/materiali-e-apparecchiature"", ""/su-di-noi/tutto-in-un-unico-luogo"", ""/testimonianze""]",e-196-derived-step-2,2,False,0,200,0,1000,TRANSFORM_MOVE,True,"{""id"": ""N/A"", ""appliesTo"": ""TRIGGER_ELEMENT"", ""useEventTarget"": true}",outQuart,"{""delay"": 0, ""easing"": ""outQuart"", ""duration"": 1000, ""target"": {""id"": ""N/A"", ""appliesTo"": ""TRIGGER_ELEMENT"", ""useEventTarget"": true}, ""xValue"": 0, ""yValue"": 0, ""xUnit"": ""PX"", ""yUnit"": ""PX"", ""zUnit"": ""PX""}","[{""key"": ""main"", ""min"": 992, ""max"": 10000}, {""key"": ""medium"", ""min"": 768, ""max"": 991}, {""key"": ""small"", ""min"": 480, ""max"": 767}, {""key"": ""tiny"", ""min"": 0, ""max"": 479}]","[""raw/published/resources/03c1fa8b77cf-dentvitalis33.schunk.6ecbf8a934abc739.js""]",,,
derived,e-196,e-196,SCROLL_INTO_VIEW,"[""/"", ""/chi-siamo"", ""/condizioni-di-utilizzo"", ""/contatti"", ""/domande-e-risposte"", ""/faq"", ""/informativa-sulla-privacy"", ""/informazioni-per-pazienti"", ""/informazioni/alloggio"", ""/informazioni/garanzie"", ""/informazioni/listino-prezzi"", ""/informazioni/pagamento-flessibile"", ""/informazioni/prima-visita-gratuita"", ""/informazioni/tempi-del-trattamento"", ""/informazioni/trasporto"", ""/prestazioni-dentali"", ""/prestazioni/corone-faccette-ponti-e-protesi"", ""/prestazioni/premium-ponte-fisso-su-impianti"", ""/prestazioni/protesi-definitiva-ancorata-su-4-impianti"", ""/prestazioni/sbiancamento-dei-denti"", ""/prestazioni/sedazione-cosciente"", ""/su-di-noi/come-raggiungerci"", ""/su-di-noi/i-nostri-specialisti"", ""/su-di-noi/impianti-di-nuova-generazione"", ""/su-di-noi/laboratorio-odontotecnico"", ""/su-di-noi/materiali-e-apparecchiature"", ""/su-di-noi/tutto-in-un-unico-luogo"", ""/testimonianze""]",e-196-derived-step-3,2,False,0,200,0,1000,STYLE_OPACITY,True,"{""id"": ""N/A"", ""appliesTo"": ""TRIGGER_ELEMENT"", ""useEventTarget"": true}",outQuart,"{""delay"": 0, ""easing"": ""outQuart"", ""duration"": 1000, ""target"": {""id"": ""N/A"", ""appliesTo"": ""TRIGGER_ELEMENT"", ""useEventTarget"": true}, ""value"": 1}","[{""key"": ""main"", ""min"": 992, ""max"": 10000}, {""key"": ""medium"", ""min"": 768, ""max"": 991}, {""key"": ""small"", ""min"": 480, ""max"": 767}, {""key"": ""tiny"", ""min"": 0, ""max"": 479}]","[""raw/published/resources/03c1fa8b77cf-dentvitalis33.schunk.6ecbf8a934abc739.js""]",,,
derived,e-200,e-200,SCROLL_INTO_VIEW,"[""/"", ""/chi-siamo"", ""/condizioni-di-utilizzo"", ""/contatti"", ""/domande-e-risposte"", ""/faq"", ""/informativa-sulla-privacy"", ""/informazioni-per-pazienti"", ""/informazioni/alloggio"", ""/informazioni/garanzie"", ""/informazioni/listino-prezzi"", ""/informazioni/pagamento-flessibile"", ""/informazioni/prima-visita-gratuita"", ""/informazioni/tempi-del-trattamento"", ""/informazioni/trasporto"", ""/prestazioni-dentali"", ""/prestazioni/corone-faccette-ponti-e-protesi"", ""/prestazioni/premium-ponte-fisso-su-impianti"", ""/prestazioni/protesi-definitiva-ancorata-su-4-impianti"", ""/prestazioni/sbiancamento-dei-denti"", ""/prestazioni/sedazione-cosciente"", ""/su-di-noi/come-raggiungerci"", ""/su-di-noi/i-nostri-specialisti"", ""/su-di-noi/impianti-di-nuova-generazione"", ""/su-di-noi/laboratorio-odontotecnico"", ""/su-di-noi/materiali-e-apparecchiature"", ""/su-di-noi/tutto-in-un-unico-luogo"", ""/testimonianze""]",e-200-derived-step-0,0,True,,200,0,0,STYLE_OPACITY,True,"{""id"": ""N/A"", ""appliesTo"": ""TRIGGER_ELEMENT"", ""useEventTarget"": true}",,"{""delay"": 0, ""duration"": 0, ""target"": {""id"": ""N/A"", ""appliesTo"": ""TRIGGER_ELEMENT"", ""useEventTarget"": true}, ""value"": 0}","[{""key"": ""main"", ""min"": 992, ""max"": 10000}, {""key"": ""medium"", ""min"": 768, ""max"": 991}, {""key"": ""small"", ""min"": 480, ""max"": 767}, {""key"": ""tiny"", ""min"": 0, ""max"": 479}]","[""raw/published/resources/03c1fa8b77cf-dentvitalis33.schunk.6ecbf8a934abc739.js""]",,,
derived,e-200,e-200,SCROLL_INTO_VIEW,"[""/"", ""/chi-siamo"", ""/condizioni-di-utilizzo"", ""/contatti"", ""/domande-e-risposte"", ""/faq"", ""/informativa-sulla-privacy"", ""/informazioni-per-pazienti"", ""/informazioni/alloggio"", ""/informazioni/garanzie"", ""/informazioni/listino-prezzi"", ""/informazioni/pagamento-flessibile"", ""/informazioni/prima-visita-gratuita"", ""/informazioni/tempi-del-trattamento"", ""/informazioni/trasporto"", ""/prestazioni-dentali"", ""/prestazioni/corone-faccette-ponti-e-protesi"", ""/prestazioni/premium-ponte-fisso-su-impianti"", ""/prestazioni/protesi-definitiva-ancorata-su-4-impianti"", ""/prestazioni/sbiancamento-dei-denti"", ""/prestazioni/sedazione-cosciente"", ""/su-di-noi/come-raggiungerci"", ""/su-di-noi/i-nostri-specialisti"", ""/su-di-noi/impianti-di-nuova-generazione"", ""/su-di-noi/laboratorio-odontotecnico"", ""/su-di-noi/materiali-e-apparecchiature"", ""/su-di-noi/tutto-in-un-unico-luogo"", ""/testimonianze""]",e-200-derived-step-1,1,False,0,200,0,0,TRANSFORM_MOVE,True,"{""id"": ""N/A"", ""appliesTo"": ""TRIGGER_ELEMENT"", ""useEventTarget"": true}",,"{""delay"": 0, ""duration"": 0, ""target"": {""id"": ""N/A"", ""appliesTo"": ""TRIGGER_ELEMENT"", ""useEventTarget"": true}, ""xValue"": 0, ""yValue"": 100, ""xUnit"": ""PX"", ""yUnit"": ""PX"", ""zUnit"": ""PX""}","[{""key"": ""main"", ""min"": 992, ""max"": 10000}, {""key"": ""medium"", ""min"": 768, ""max"": 991}, {""key"": ""small"", ""min"": 480, ""max"": 767}, {""key"": ""tiny"", ""min"": 0, ""max"": 479}]","[""raw/published/resources/03c1fa8b77cf-dentvitalis33.schunk.6ecbf8a934abc739.js""]",,,
derived,e-200,e-200,SCROLL_INTO_VIEW,"[""/"", ""/chi-siamo"", ""/condizioni-di-utilizzo"", ""/contatti"", ""/domande-e-risposte"", ""/faq"", ""/informativa-sulla-privacy"", ""/informazioni-per-pazienti"", ""/informazioni/alloggio"", ""/informazioni/garanzie"", ""/informazioni/listino-prezzi"", ""/informazioni/pagamento-flessibile"", ""/informazioni/prima-visita-gratuita"", ""/informazioni/tempi-del-trattamento"", ""/informazioni/trasporto"", ""/prestazioni-dentali"", ""/prestazioni/corone-faccette-ponti-e-protesi"", ""/prestazioni/premium-ponte-fisso-su-impianti"", ""/prestazioni/protesi-definitiva-ancorata-su-4-impianti"", ""/prestazioni/sbiancamento-dei-denti"", ""/prestazioni/sedazione-cosciente"", ""/su-di-noi/come-raggiungerci"", ""/su-di-noi/i-nostri-specialisti"", ""/su-di-noi/impianti-di-nuova-generazione"", ""/su-di-noi/laboratorio-odontotecnico"", ""/su-di-noi/materiali-e-apparecchiature"", ""/su-di-noi/tutto-in-un-unico-luogo"", ""/testimonianze""]",e-200-derived-step-2,2,False,0,200,0,1000,TRANSFORM_MOVE,True,"{""id"": ""N/A"", ""appliesTo"": ""TRIGGER_ELEMENT"", ""useEventTarget"": true}",outQuart,"{""delay"": 0, ""easing"": ""outQuart"", ""duration"": 1000, ""target"": {""id"": ""N/A"", ""appliesTo"": ""TRIGGER_ELEMENT"", ""useEventTarget"": true}, ""xValue"": 0, ""yValue"": 0, ""xUnit"": ""PX"", ""yUnit"": ""PX"", ""zUnit"": ""PX""}","[{""key"": ""main"", ""min"": 992, ""max"": 10000}, {""key"": ""medium"", ""min"": 768, ""max"": 991}, {""key"": ""small"", ""min"": 480, ""max"": 767}, {""key"": ""tiny"", ""min"": 0, ""max"": 479}]","[""raw/published/resources/03c1fa8b77cf-dentvitalis33.schunk.6ecbf8a934abc739.js""]",,,
derived,e-200,e-200,SCROLL_INTO_VIEW,"[""/"", ""/chi-siamo"", ""/condizioni-di-utilizzo"", ""/contatti"", ""/domande-e-risposte"", ""/faq"", ""/informativa-sulla-privacy"", ""/informazioni-per-pazienti"", ""/informazioni/alloggio"", ""/informazioni/garanzie"", ""/informazioni/listino-prezzi"", ""/informazioni/pagamento-flessibile"", ""/informazioni/prima-visita-gratuita"", ""/informazioni/tempi-del-trattamento"", ""/informazioni/trasporto"", ""/prestazioni-dentali"", ""/prestazioni/corone-faccette-ponti-e-protesi"", ""/prestazioni/premium-ponte-fisso-su-impianti"", ""/prestazioni/protesi-definitiva-ancorata-su-4-impianti"", ""/prestazioni/sbiancamento-dei-denti"", ""/prestazioni/sedazione-cosciente"", ""/su-di-noi/come-raggiungerci"", ""/su-di-noi/i-nostri-specialisti"", ""/su-di-noi/impianti-di-nuova-generazione"", ""/su-di-noi/laboratorio-odontotecnico"", ""/su-di-noi/materiali-e-apparecchiature"", ""/su-di-noi/tutto-in-un-unico-luogo"", ""/testimonianze""]",e-200-derived-step-3,2,False,0,200,0,1000,STYLE_OPACITY,True,"{""id"": ""N/A"", ""appliesTo"": ""TRIGGER_ELEMENT"", ""useEventTarget"": true}",outQuart,"{""delay"": 0, ""easing"": ""outQuart"", ""duration"": 1000, ""target"": {""id"": ""N/A"", ""appliesTo"": ""TRIGGER_ELEMENT"", ""useEventTarget"": true}, ""value"": 1}","[{""key"": ""main"", ""min"": 992, ""max"": 10000}, {""key"": ""medium"", ""min"": 768, ""max"": 991}, {""key"": ""small"", ""min"": 480, ""max"": 767}, {""key"": ""tiny"", ""min"": 0, ""max"": 479}]","[""raw/published/resources/03c1fa8b77cf-dentvitalis33.schunk.6ecbf8a934abc739.js""]",,,
derived,e-208,e-208,SCROLL_INTO_VIEW,"[""/"", ""/chi-siamo"", ""/condizioni-di-utilizzo"", ""/contatti"", ""/domande-e-risposte"", ""/faq"", ""/informativa-sulla-privacy"", ""/informazioni-per-pazienti"", ""/informazioni/alloggio"", ""/informazioni/garanzie"", ""/informazioni/listino-prezzi"", ""/informazioni/pagamento-flessibile"", ""/informazioni/prima-visita-gratuita"", ""/informazioni/tempi-del-trattamento"", ""/informazioni/trasporto"", ""/prestazioni-dentali"", ""/prestazioni/corone-faccette-ponti-e-protesi"", ""/prestazioni/premium-ponte-fisso-su-impianti"", ""/prestazioni/protesi-definitiva-ancorata-su-4-impianti"", ""/prestazioni/sbiancamento-dei-denti"", ""/prestazioni/sedazione-cosciente"", ""/su-di-noi/come-raggiungerci"", ""/su-di-noi/i-nostri-specialisti"", ""/su-di-noi/impianti-di-nuova-generazione"", ""/su-di-noi/laboratorio-odontotecnico"", ""/su-di-noi/materiali-e-apparecchiature"", ""/su-di-noi/tutto-in-un-unico-luogo"", ""/testimonianze""]",e-208-derived-step-0,0,True,,600,0,0,STYLE_OPACITY,True,"{""id"": ""N/A"", ""appliesTo"": ""TRIGGER_ELEMENT"", ""useEventTarget"": true}",,"{""delay"": 0, ""duration"": 0, ""target"": {""id"": ""N/A"", ""appliesTo"": ""TRIGGER_ELEMENT"", ""useEventTarget"": true}, ""value"": 0}","[{""key"": ""main"", ""min"": 992, ""max"": 10000}, {""key"": ""medium"", ""min"": 768, ""max"": 991}, {""key"": ""small"", ""min"": 480, ""max"": 767}, {""key"": ""tiny"", ""min"": 0, ""max"": 479}]","[""raw/published/resources/03c1fa8b77cf-dentvitalis33.schunk.6ecbf8a934abc739.js""]",,,
derived,e-208,e-208,SCROLL_INTO_VIEW,"[""/"", ""/chi-siamo"", ""/condizioni-di-utilizzo"", ""/contatti"", ""/domande-e-risposte"", ""/faq"", ""/informativa-sulla-privacy"", ""/informazioni-per-pazienti"", ""/informazioni/alloggio"", ""/informazioni/garanzie"", ""/informazioni/listino-prezzi"", ""/informazioni/pagamento-flessibile"", ""/informazioni/prima-visita-gratuita"", ""/informazioni/tempi-del-trattamento"", ""/informazioni/trasporto"", ""/prestazioni-dentali"", ""/prestazioni/corone-faccette-ponti-e-protesi"", ""/prestazioni/premium-ponte-fisso-su-impianti"", ""/prestazioni/protesi-definitiva-ancorata-su-4-impianti"", ""/prestazioni/sbiancamento-dei-denti"", ""/prestazioni/sedazione-cosciente"", ""/su-di-noi/come-raggiungerci"", ""/su-di-noi/i-nostri-specialisti"", ""/su-di-noi/impianti-di-nuova-generazione"", ""/su-di-noi/laboratorio-odontotecnico"", ""/su-di-noi/materiali-e-apparecchiature"", ""/su-di-noi/tutto-in-un-unico-luogo"", ""/testimonianze""]",e-208-derived-step-1,1,False,0,600,0,0,TRANSFORM_SCALE,True,"{""id"": ""N/A"", ""appliesTo"": ""TRIGGER_ELEMENT"", ""useEventTarget"": true}",,"{""delay"": 0, ""duration"": 0, ""target"": {""id"": ""N/A"", ""appliesTo"": ""TRIGGER_ELEMENT"", ""useEventTarget"": true}, ""xValue"": 0.7500000000000001, ""yValue"": 0.7500000000000001}","[{""key"": ""main"", ""min"": 992, ""max"": 10000}, {""key"": ""medium"", ""min"": 768, ""max"": 991}, {""key"": ""small"", ""min"": 480, ""max"": 767}, {""key"": ""tiny"", ""min"": 0, ""max"": 479}]","[""raw/published/resources/03c1fa8b77cf-dentvitalis33.schunk.6ecbf8a934abc739.js""]",,,
derived,e-208,e-208,SCROLL_INTO_VIEW,"[""/"", ""/chi-siamo"", ""/condizioni-di-utilizzo"", ""/contatti"", ""/domande-e-risposte"", ""/faq"", ""/informativa-sulla-privacy"", ""/informazioni-per-pazienti"", ""/informazioni/alloggio"", ""/informazioni/garanzie"", ""/informazioni/listino-prezzi"", ""/informazioni/pagamento-flessibile"", ""/informazioni/prima-visita-gratuita"", ""/informazioni/tempi-del-trattamento"", ""/informazioni/trasporto"", ""/prestazioni-dentali"", ""/prestazioni/corone-faccette-ponti-e-protesi"", ""/prestazioni/premium-ponte-fisso-su-impianti"", ""/prestazioni/protesi-definitiva-ancorata-su-4-impianti"", ""/prestazioni/sbiancamento-dei-denti"", ""/prestazioni/sedazione-cosciente"", ""/su-di-noi/come-raggiungerci"", ""/su-di-noi/i-nostri-specialisti"", ""/su-di-noi/impianti-di-nuova-generazione"", ""/su-di-noi/laboratorio-odontotecnico"", ""/su-di-noi/materiali-e-apparecchiature"", ""/su-di-noi/tutto-in-un-unico-luogo"", ""/testimonianze""]",e-208-derived-step-2,2,False,0,600,0,1000,TRANSFORM_SCALE,True,"{""id"": ""N/A"", ""appliesTo"": ""TRIGGER_ELEMENT"", ""useEventTarget"": true}",outQuart,"{""delay"": 0, ""easing"": ""outQuart"", ""duration"": 1000, ""target"": {""id"": ""N/A"", ""appliesTo"": ""TRIGGER_ELEMENT"", ""useEventTarget"": true}, ""xValue"": 1, ""yValue"": 1}","[{""key"": ""main"", ""min"": 992, ""max"": 10000}, {""key"": ""medium"", ""min"": 768, ""max"": 991}, {""key"": ""small"", ""min"": 480, ""max"": 767}, {""key"": ""tiny"", ""min"": 0, ""max"": 479}]","[""raw/published/resources/03c1fa8b77cf-dentvitalis33.schunk.6ecbf8a934abc739.js""]",,,
derived,e-208,e-208,SCROLL_INTO_VIEW,"[""/"", ""/chi-siamo"", ""/condizioni-di-utilizzo"", ""/contatti"", ""/domande-e-risposte"", ""/faq"", ""/informativa-sulla-privacy"", ""/informazioni-per-pazienti"", ""/informazioni/alloggio"", ""/informazioni/garanzie"", ""/informazioni/listino-prezzi"", ""/informazioni/pagamento-flessibile"", ""/informazioni/prima-visita-gratuita"", ""/informazioni/tempi-del-trattamento"", ""/informazioni/trasporto"", ""/prestazioni-dentali"", ""/prestazioni/corone-faccette-ponti-e-protesi"", ""/prestazioni/premium-ponte-fisso-su-impianti"", ""/prestazioni/protesi-definitiva-ancorata-su-4-impianti"", ""/prestazioni/sbiancamento-dei-denti"", ""/prestazioni/sedazione-cosciente"", ""/su-di-noi/come-raggiungerci"", ""/su-di-noi/i-nostri-specialisti"", ""/su-di-noi/impianti-di-nuova-generazione"", ""/su-di-noi/laboratorio-odontotecnico"", ""/su-di-noi/materiali-e-apparecchiature"", ""/su-di-noi/tutto-in-un-unico-luogo"", ""/testimonianze""]",e-208-derived-step-3,2,False,0,600,0,1000,STYLE_OPACITY,True,"{""id"": ""N/A"", ""appliesTo"": ""TRIGGER_ELEMENT"", ""useEventTarget"": true}",outQuart,"{""delay"": 0, ""easing"": ""outQuart"", ""duration"": 1000, ""target"": {""id"": ""N/A"", ""appliesTo"": ""TRIGGER_ELEMENT"", ""useEventTarget"": true}, ""value"": 1}","[{""key"": ""main"", ""min"": 992, ""max"": 10000}, {""key"": ""medium"", ""min"": 768, ""max"": 991}, {""key"": ""small"", ""min"": 480, ""max"": 767}, {""key"": ""tiny"", ""min"": 0, ""max"": 479}]","[""raw/published/resources/03c1fa8b77cf-dentvitalis33.schunk.6ecbf8a934abc739.js""]",,,
derived,e-214,e-214,SCROLL_INTO_VIEW,[],e-214-derived-step-0,0,True,,1200,0,0,STYLE_OPACITY,True,"{""id"": ""N/A"", ""appliesTo"": ""TRIGGER_ELEMENT"", ""useEventTarget"": true}",,"{""delay"": 0, ""duration"": 0, ""target"": {""id"": ""N/A"", ""appliesTo"": ""TRIGGER_ELEMENT"", ""useEventTarget"": true}, ""value"": 0}","[{""key"": ""main"", ""min"": 992, ""max"": 10000}, {""key"": ""medium"", ""min"": 768, ""max"": 991}, {""key"": ""small"", ""min"": 480, ""max"": 767}, {""key"": ""tiny"", ""min"": 0, ""max"": 479}]","[""raw/published/resources/03c1fa8b77cf-dentvitalis33.schunk.6ecbf8a934abc739.js""]",,,
derived,e-214,e-214,SCROLL_INTO_VIEW,[],e-214-derived-step-1,1,False,0,1200,0,1000,STYLE_OPACITY,True,"{""id"": ""N/A"", ""appliesTo"": ""TRIGGER_ELEMENT"", ""useEventTarget"": true}",outQuart,"{""delay"": 0, ""easing"": ""outQuart"", ""duration"": 1000, ""target"": {""id"": ""N/A"", ""appliesTo"": ""TRIGGER_ELEMENT"", ""useEventTarget"": true}, ""value"": 1}","[{""key"": ""main"", ""min"": 992, ""max"": 10000}, {""key"": ""medium"", ""min"": 768, ""max"": 991}, {""key"": ""small"", ""min"": 480, ""max"": 767}, {""key"": ""tiny"", ""min"": 0, ""max"": 479}]","[""raw/published/resources/03c1fa8b77cf-dentvitalis33.schunk.6ecbf8a934abc739.js""]",,,
derived,e-216,e-216,SCROLL_INTO_VIEW,"[""/""]",e-216-derived-step-0,0,True,,200,0,0,STYLE_OPACITY,True,"{""id"": ""N/A"", ""appliesTo"": ""TRIGGER_ELEMENT"", ""useEventTarget"": true}",,"{""delay"": 0, ""duration"": 0, ""target"": {""id"": ""N/A"", ""appliesTo"": ""TRIGGER_ELEMENT"", ""useEventTarget"": true}, ""value"": 0}","[{""key"": ""main"", ""min"": 992, ""max"": 10000}, {""key"": ""medium"", ""min"": 768, ""max"": 991}, {""key"": ""small"", ""min"": 480, ""max"": 767}, {""key"": ""tiny"", ""min"": 0, ""max"": 479}]","[""raw/published/resources/03c1fa8b77cf-dentvitalis33.schunk.6ecbf8a934abc739.js""]",,,
derived,e-216,e-216,SCROLL_INTO_VIEW,"[""/""]",e-216-derived-step-1,1,False,0,200,0,0,TRANSFORM_MOVE,True,"{""id"": ""N/A"", ""appliesTo"": ""TRIGGER_ELEMENT"", ""useEventTarget"": true}",,"{""delay"": 0, ""duration"": 0, ""target"": {""id"": ""N/A"", ""appliesTo"": ""TRIGGER_ELEMENT"", ""useEventTarget"": true}, ""xValue"": 0, ""yValue"": 100, ""xUnit"": ""PX"", ""yUnit"": ""PX"", ""zUnit"": ""PX""}","[{""key"": ""main"", ""min"": 992, ""max"": 10000}, {""key"": ""medium"", ""min"": 768, ""max"": 991}, {""key"": ""small"", ""min"": 480, ""max"": 767}, {""key"": ""tiny"", ""min"": 0, ""max"": 479}]","[""raw/published/resources/03c1fa8b77cf-dentvitalis33.schunk.6ecbf8a934abc739.js""]",,,
derived,e-216,e-216,SCROLL_INTO_VIEW,"[""/""]",e-216-derived-step-2,2,False,0,200,0,1000,TRANSFORM_MOVE,True,"{""id"": ""N/A"", ""appliesTo"": ""TRIGGER_ELEMENT"", ""useEventTarget"": true}",outQuart,"{""delay"": 0, ""easing"": ""outQuart"", ""duration"": 1000, ""target"": {""id"": ""N/A"", ""appliesTo"": ""TRIGGER_ELEMENT"", ""useEventTarget"": true}, ""xValue"": 0, ""yValue"": 0, ""xUnit"": ""PX"", ""yUnit"": ""PX"", ""zUnit"": ""PX""}","[{""key"": ""main"", ""min"": 992, ""max"": 10000}, {""key"": ""medium"", ""min"": 768, ""max"": 991}, {""key"": ""small"", ""min"": 480, ""max"": 767}, {""key"": ""tiny"", ""min"": 0, ""max"": 479}]","[""raw/published/resources/03c1fa8b77cf-dentvitalis33.schunk.6ecbf8a934abc739.js""]",,,
derived,e-216,e-216,SCROLL_INTO_VIEW,"[""/""]",e-216-derived-step-3,2,False,0,200,0,1000,STYLE_OPACITY,True,"{""id"": ""N/A"", ""appliesTo"": ""TRIGGER_ELEMENT"", ""useEventTarget"": true}",outQuart,"{""delay"": 0, ""easing"": ""outQuart"", ""duration"": 1000, ""target"": {""id"": ""N/A"", ""appliesTo"": ""TRIGGER_ELEMENT"", ""useEventTarget"": true}, ""value"": 1}","[{""key"": ""main"", ""min"": 992, ""max"": 10000}, {""key"": ""medium"", ""min"": 768, ""max"": 991}, {""key"": ""small"", ""min"": 480, ""max"": 767}, {""key"": ""tiny"", ""min"": 0, ""max"": 479}]","[""raw/published/resources/03c1fa8b77cf-dentvitalis33.schunk.6ecbf8a934abc739.js""]",,,
derived,e-224,e-224,SCROLL_INTO_VIEW,[],e-224-derived-step-0,0,True,,300,0,0,STYLE_OPACITY,True,"{""id"": ""N/A"", ""appliesTo"": ""TRIGGER_ELEMENT"", ""useEventTarget"": true}",,"{""delay"": 0, ""duration"": 0, ""target"": {""id"": ""N/A"", ""appliesTo"": ""TRIGGER_ELEMENT"", ""useEventTarget"": true}, ""value"": 0}","[{""key"": ""main"", ""min"": 992, ""max"": 10000}, {""key"": ""medium"", ""min"": 768, ""max"": 991}, {""key"": ""small"", ""min"": 480, ""max"": 767}, {""key"": ""tiny"", ""min"": 0, ""max"": 479}]","[""raw/published/resources/03c1fa8b77cf-dentvitalis33.schunk.6ecbf8a934abc739.js""]",,,
derived,e-224,e-224,SCROLL_INTO_VIEW,[],e-224-derived-step-1,1,False,0,300,0,0,TRANSFORM_MOVE,True,"{""id"": ""N/A"", ""appliesTo"": ""TRIGGER_ELEMENT"", ""useEventTarget"": true}",,"{""delay"": 0, ""duration"": 0, ""target"": {""id"": ""N/A"", ""appliesTo"": ""TRIGGER_ELEMENT"", ""useEventTarget"": true}, ""xValue"": 0, ""yValue"": 100, ""xUnit"": ""PX"", ""yUnit"": ""PX"", ""zUnit"": ""PX""}","[{""key"": ""main"", ""min"": 992, ""max"": 10000}, {""key"": ""medium"", ""min"": 768, ""max"": 991}, {""key"": ""small"", ""min"": 480, ""max"": 767}, {""key"": ""tiny"", ""min"": 0, ""max"": 479}]","[""raw/published/resources/03c1fa8b77cf-dentvitalis33.schunk.6ecbf8a934abc739.js""]",,,
derived,e-224,e-224,SCROLL_INTO_VIEW,[],e-224-derived-step-2,2,False,0,300,0,1000,TRANSFORM_MOVE,True,"{""id"": ""N/A"", ""appliesTo"": ""TRIGGER_ELEMENT"", ""useEventTarget"": true}",outQuart,"{""delay"": 0, ""easing"": ""outQuart"", ""duration"": 1000, ""target"": {""id"": ""N/A"", ""appliesTo"": ""TRIGGER_ELEMENT"", ""useEventTarget"": true}, ""xValue"": 0, ""yValue"": 0, ""xUnit"": ""PX"", ""yUnit"": ""PX"", ""zUnit"": ""PX""}","[{""key"": ""main"", ""min"": 992, ""max"": 10000}, {""key"": ""medium"", ""min"": 768, ""max"": 991}, {""key"": ""small"", ""min"": 480, ""max"": 767}, {""key"": ""tiny"", ""min"": 0, ""max"": 479}]","[""raw/published/resources/03c1fa8b77cf-dentvitalis33.schunk.6ecbf8a934abc739.js""]",,,
derived,e-224,e-224,SCROLL_INTO_VIEW,[],e-224-derived-step-3,2,False,0,300,0,1000,STYLE_OPACITY,True,"{""id"": ""N/A"", ""appliesTo"": ""TRIGGER_ELEMENT"", ""useEventTarget"": true}",outQuart,"{""delay"": 0, ""easing"": ""outQuart"", ""duration"": 1000, ""target"": {""id"": ""N/A"", ""appliesTo"": ""TRIGGER_ELEMENT"", ""useEventTarget"": true}, ""value"": 1}","[{""key"": ""main"", ""min"": 992, ""max"": 10000}, {""key"": ""medium"", ""min"": 768, ""max"": 991}, {""key"": ""small"", ""min"": 480, ""max"": 767}, {""key"": ""tiny"", ""min"": 0, ""max"": 479}]","[""raw/published/resources/03c1fa8b77cf-dentvitalis33.schunk.6ecbf8a934abc739.js""]",,,
derived,e-226,e-226,SCROLL_INTO_VIEW,"[""/"", ""/chi-siamo"", ""/condizioni-di-utilizzo"", ""/contatti"", ""/domande-e-risposte"", ""/faq"", ""/informativa-sulla-privacy"", ""/informazioni-per-pazienti"", ""/informazioni/alloggio"", ""/informazioni/garanzie"", ""/informazioni/listino-prezzi"", ""/informazioni/pagamento-flessibile"", ""/informazioni/prima-visita-gratuita"", ""/informazioni/tempi-del-trattamento"", ""/informazioni/trasporto"", ""/prestazioni-dentali"", ""/prestazioni/corone-faccette-ponti-e-protesi"", ""/prestazioni/premium-ponte-fisso-su-impianti"", ""/prestazioni/protesi-definitiva-ancorata-su-4-impianti"", ""/prestazioni/sbiancamento-dei-denti"", ""/prestazioni/sedazione-cosciente"", ""/su-di-noi/come-raggiungerci"", ""/su-di-noi/i-nostri-specialisti"", ""/su-di-noi/impianti-di-nuova-generazione"", ""/su-di-noi/laboratorio-odontotecnico"", ""/su-di-noi/materiali-e-apparecchiature"", ""/su-di-noi/tutto-in-un-unico-luogo"", ""/testimonianze""]",e-226-derived-step-0,0,True,,200,0,0,STYLE_OPACITY,True,"{""id"": ""N/A"", ""appliesTo"": ""TRIGGER_ELEMENT"", ""useEventTarget"": true}",,"{""delay"": 0, ""duration"": 0, ""target"": {""id"": ""N/A"", ""appliesTo"": ""TRIGGER_ELEMENT"", ""useEventTarget"": true}, ""value"": 0}","[{""key"": ""main"", ""min"": 992, ""max"": 10000}, {""key"": ""medium"", ""min"": 768, ""max"": 991}, {""key"": ""small"", ""min"": 480, ""max"": 767}, {""key"": ""tiny"", ""min"": 0, ""max"": 479}]","[""raw/published/resources/03c1fa8b77cf-dentvitalis33.schunk.6ecbf8a934abc739.js""]",,,
derived,e-226,e-226,SCROLL_INTO_VIEW,"[""/"", ""/chi-siamo"", ""/condizioni-di-utilizzo"", ""/contatti"", ""/domande-e-risposte"", ""/faq"", ""/informativa-sulla-privacy"", ""/informazioni-per-pazienti"", ""/informazioni/alloggio"", ""/informazioni/garanzie"", ""/informazioni/listino-prezzi"", ""/informazioni/pagamento-flessibile"", ""/informazioni/prima-visita-gratuita"", ""/informazioni/tempi-del-trattamento"", ""/informazioni/trasporto"", ""/prestazioni-dentali"", ""/prestazioni/corone-faccette-ponti-e-protesi"", ""/prestazioni/premium-ponte-fisso-su-impianti"", ""/prestazioni/protesi-definitiva-ancorata-su-4-impianti"", ""/prestazioni/sbiancamento-dei-denti"", ""/prestazioni/sedazione-cosciente"", ""/su-di-noi/come-raggiungerci"", ""/su-di-noi/i-nostri-specialisti"", ""/su-di-noi/impianti-di-nuova-generazione"", ""/su-di-noi/laboratorio-odontotecnico"", ""/su-di-noi/materiali-e-apparecchiature"", ""/su-di-noi/tutto-in-un-unico-luogo"", ""/testimonianze""]",e-226-derived-step-1,1,False,0,200,0,0,TRANSFORM_MOVE,True,"{""id"": ""N/A"", ""appliesTo"": ""TRIGGER_ELEMENT"", ""useEventTarget"": true}",,"{""delay"": 0, ""duration"": 0, ""target"": {""id"": ""N/A"", ""appliesTo"": ""TRIGGER_ELEMENT"", ""useEventTarget"": true}, ""xValue"": 0, ""yValue"": 100, ""xUnit"": ""PX"", ""yUnit"": ""PX"", ""zUnit"": ""PX""}","[{""key"": ""main"", ""min"": 992, ""max"": 10000}, {""key"": ""medium"", ""min"": 768, ""max"": 991}, {""key"": ""small"", ""min"": 480, ""max"": 767}, {""key"": ""tiny"", ""min"": 0, ""max"": 479}]","[""raw/published/resources/03c1fa8b77cf-dentvitalis33.schunk.6ecbf8a934abc739.js""]",,,
derived,e-226,e-226,SCROLL_INTO_VIEW,"[""/"", ""/chi-siamo"", ""/condizioni-di-utilizzo"", ""/contatti"", ""/domande-e-risposte"", ""/faq"", ""/informativa-sulla-privacy"", ""/informazioni-per-pazienti"", ""/informazioni/alloggio"", ""/informazioni/garanzie"", ""/informazioni/listino-prezzi"", ""/informazioni/pagamento-flessibile"", ""/informazioni/prima-visita-gratuita"", ""/informazioni/tempi-del-trattamento"", ""/informazioni/trasporto"", ""/prestazioni-dentali"", ""/prestazioni/corone-faccette-ponti-e-protesi"", ""/prestazioni/premium-ponte-fisso-su-impianti"", ""/prestazioni/protesi-definitiva-ancorata-su-4-impianti"", ""/prestazioni/sbiancamento-dei-denti"", ""/prestazioni/sedazione-cosciente"", ""/su-di-noi/come-raggiungerci"", ""/su-di-noi/i-nostri-specialisti"", ""/su-di-noi/impianti-di-nuova-generazione"", ""/su-di-noi/laboratorio-odontotecnico"", ""/su-di-noi/materiali-e-apparecchiature"", ""/su-di-noi/tutto-in-un-unico-luogo"", ""/testimonianze""]",e-226-derived-step-2,2,False,0,200,0,1000,TRANSFORM_MOVE,True,"{""id"": ""N/A"", ""appliesTo"": ""TRIGGER_ELEMENT"", ""useEventTarget"": true}",outQuart,"{""delay"": 0, ""easing"": ""outQuart"", ""duration"": 1000, ""target"": {""id"": ""N/A"", ""appliesTo"": ""TRIGGER_ELEMENT"", ""useEventTarget"": true}, ""xValue"": 0, ""yValue"": 0, ""xUnit"": ""PX"", ""yUnit"": ""PX"", ""zUnit"": ""PX""}","[{""key"": ""main"", ""min"": 992, ""max"": 10000}, {""key"": ""medium"", ""min"": 768, ""max"": 991}, {""key"": ""small"", ""min"": 480, ""max"": 767}, {""key"": ""tiny"", ""min"": 0, ""max"": 479}]","[""raw/published/resources/03c1fa8b77cf-dentvitalis33.schunk.6ecbf8a934abc739.js""]",,,
derived,e-226,e-226,SCROLL_INTO_VIEW,"[""/"", ""/chi-siamo"", ""/condizioni-di-utilizzo"", ""/contatti"", ""/domande-e-risposte"", ""/faq"", ""/informativa-sulla-privacy"", ""/informazioni-per-pazienti"", ""/informazioni/alloggio"", ""/informazioni/garanzie"", ""/informazioni/listino-prezzi"", ""/informazioni/pagamento-flessibile"", ""/informazioni/prima-visita-gratuita"", ""/informazioni/tempi-del-trattamento"", ""/informazioni/trasporto"", ""/prestazioni-dentali"", ""/prestazioni/corone-faccette-ponti-e-protesi"", ""/prestazioni/premium-ponte-fisso-su-impianti"", ""/prestazioni/protesi-definitiva-ancorata-su-4-impianti"", ""/prestazioni/sbiancamento-dei-denti"", ""/prestazioni/sedazione-cosciente"", ""/su-di-noi/come-raggiungerci"", ""/su-di-noi/i-nostri-specialisti"", ""/su-di-noi/impianti-di-nuova-generazione"", ""/su-di-noi/laboratorio-odontotecnico"", ""/su-di-noi/materiali-e-apparecchiature"", ""/su-di-noi/tutto-in-un-unico-luogo"", ""/testimonianze""]",e-226-derived-step-3,2,False,0,200,0,1000,STYLE_OPACITY,True,"{""id"": ""N/A"", ""appliesTo"": ""TRIGGER_ELEMENT"", ""useEventTarget"": true}",outQuart,"{""delay"": 0, ""easing"": ""outQuart"", ""duration"": 1000, ""target"": {""id"": ""N/A"", ""appliesTo"": ""TRIGGER_ELEMENT"", ""useEventTarget"": true}, ""value"": 1}","[{""key"": ""main"", ""min"": 992, ""max"": 10000}, {""key"": ""medium"", ""min"": 768, ""max"": 991}, {""key"": ""small"", ""min"": 480, ""max"": 767}, {""key"": ""tiny"", ""min"": 0, ""max"": 479}]","[""raw/published/resources/03c1fa8b77cf-dentvitalis33.schunk.6ecbf8a934abc739.js""]",,,
derived,e-230,e-230,SCROLL_INTO_VIEW,[],e-230-derived-step-0,0,True,,200,0,0,STYLE_OPACITY,True,"{""id"": ""N/A"", ""appliesTo"": ""TRIGGER_ELEMENT"", ""useEventTarget"": true}",,"{""delay"": 0, ""duration"": 0, ""target"": {""id"": ""N/A"", ""appliesTo"": ""TRIGGER_ELEMENT"", ""useEventTarget"": true}, ""value"": 0}","[{""key"": ""main"", ""min"": 992, ""max"": 10000}, {""key"": ""medium"", ""min"": 768, ""max"": 991}, {""key"": ""small"", ""min"": 480, ""max"": 767}, {""key"": ""tiny"", ""min"": 0, ""max"": 479}]","[""raw/published/resources/03c1fa8b77cf-dentvitalis33.schunk.6ecbf8a934abc739.js""]",,,
derived,e-230,e-230,SCROLL_INTO_VIEW,[],e-230-derived-step-1,1,False,0,200,0,1000,STYLE_OPACITY,True,"{""id"": ""N/A"", ""appliesTo"": ""TRIGGER_ELEMENT"", ""useEventTarget"": true}",outQuart,"{""delay"": 0, ""easing"": ""outQuart"", ""duration"": 1000, ""target"": {""id"": ""N/A"", ""appliesTo"": ""TRIGGER_ELEMENT"", ""useEventTarget"": true}, ""value"": 1}","[{""key"": ""main"", ""min"": 992, ""max"": 10000}, {""key"": ""medium"", ""min"": 768, ""max"": 991}, {""key"": ""small"", ""min"": 480, ""max"": 767}, {""key"": ""tiny"", ""min"": 0, ""max"": 479}]","[""raw/published/resources/03c1fa8b77cf-dentvitalis33.schunk.6ecbf8a934abc739.js""]",,,
derived,e-234,e-234,SCROLL_INTO_VIEW,[],e-234-derived-step-0,0,True,,400,0,0,STYLE_OPACITY,True,"{""id"": ""N/A"", ""appliesTo"": ""TRIGGER_ELEMENT"", ""useEventTarget"": true}",,"{""delay"": 0, ""duration"": 0, ""target"": {""id"": ""N/A"", ""appliesTo"": ""TRIGGER_ELEMENT"", ""useEventTarget"": true}, ""value"": 0}","[{""key"": ""main"", ""min"": 992, ""max"": 10000}, {""key"": ""medium"", ""min"": 768, ""max"": 991}, {""key"": ""small"", ""min"": 480, ""max"": 767}, {""key"": ""tiny"", ""min"": 0, ""max"": 479}]","[""raw/published/resources/03c1fa8b77cf-dentvitalis33.schunk.6ecbf8a934abc739.js""]",,,
derived,e-234,e-234,SCROLL_INTO_VIEW,[],e-234-derived-step-1,1,False,0,400,0,1000,STYLE_OPACITY,True,"{""id"": ""N/A"", ""appliesTo"": ""TRIGGER_ELEMENT"", ""useEventTarget"": true}",outQuart,"{""delay"": 0, ""easing"": ""outQuart"", ""duration"": 1000, ""target"": {""id"": ""N/A"", ""appliesTo"": ""TRIGGER_ELEMENT"", ""useEventTarget"": true}, ""value"": 1}","[{""key"": ""main"", ""min"": 992, ""max"": 10000}, {""key"": ""medium"", ""min"": 768, ""max"": 991}, {""key"": ""small"", ""min"": 480, ""max"": 767}, {""key"": ""tiny"", ""min"": 0, ""max"": 479}]","[""raw/published/resources/03c1fa8b77cf-dentvitalis33.schunk.6ecbf8a934abc739.js""]",,,
derived,e-248,e-248,SCROLL_INTO_VIEW,"[""/""]",e-248-derived-step-0,0,True,,600,0,0,STYLE_OPACITY,True,"{""id"": ""N/A"", ""appliesTo"": ""TRIGGER_ELEMENT"", ""useEventTarget"": true}",,"{""delay"": 0, ""duration"": 0, ""target"": {""id"": ""N/A"", ""appliesTo"": ""TRIGGER_ELEMENT"", ""useEventTarget"": true}, ""value"": 0}","[{""key"": ""main"", ""min"": 992, ""max"": 10000}, {""key"": ""medium"", ""min"": 768, ""max"": 991}, {""key"": ""small"", ""min"": 480, ""max"": 767}, {""key"": ""tiny"", ""min"": 0, ""max"": 479}]","[""raw/published/resources/03c1fa8b77cf-dentvitalis33.schunk.6ecbf8a934abc739.js""]",,,
derived,e-248,e-248,SCROLL_INTO_VIEW,"[""/""]",e-248-derived-step-1,1,False,0,600,0,0,TRANSFORM_SCALE,True,"{""id"": ""N/A"", ""appliesTo"": ""TRIGGER_ELEMENT"", ""useEventTarget"": true}",,"{""delay"": 0, ""duration"": 0, ""target"": {""id"": ""N/A"", ""appliesTo"": ""TRIGGER_ELEMENT"", ""useEventTarget"": true}, ""xValue"": 0.7500000000000001, ""yValue"": 0.7500000000000001}","[{""key"": ""main"", ""min"": 992, ""max"": 10000}, {""key"": ""medium"", ""min"": 768, ""max"": 991}, {""key"": ""small"", ""min"": 480, ""max"": 767}, {""key"": ""tiny"", ""min"": 0, ""max"": 479}]","[""raw/published/resources/03c1fa8b77cf-dentvitalis33.schunk.6ecbf8a934abc739.js""]",,,
derived,e-248,e-248,SCROLL_INTO_VIEW,"[""/""]",e-248-derived-step-2,2,False,0,600,0,1000,TRANSFORM_SCALE,True,"{""id"": ""N/A"", ""appliesTo"": ""TRIGGER_ELEMENT"", ""useEventTarget"": true}",outQuart,"{""delay"": 0, ""easing"": ""outQuart"", ""duration"": 1000, ""target"": {""id"": ""N/A"", ""appliesTo"": ""TRIGGER_ELEMENT"", ""useEventTarget"": true}, ""xValue"": 1, ""yValue"": 1}","[{""key"": ""main"", ""min"": 992, ""max"": 10000}, {""key"": ""medium"", ""min"": 768, ""max"": 991}, {""key"": ""small"", ""min"": 480, ""max"": 767}, {""key"": ""tiny"", ""min"": 0, ""max"": 479}]","[""raw/published/resources/03c1fa8b77cf-dentvitalis33.schunk.6ecbf8a934abc739.js""]",,,
derived,e-248,e-248,SCROLL_INTO_VIEW,"[""/""]",e-248-derived-step-3,2,False,0,600,0,1000,STYLE_OPACITY,True,"{""id"": ""N/A"", ""appliesTo"": ""TRIGGER_ELEMENT"", ""useEventTarget"": true}",outQuart,"{""delay"": 0, ""easing"": ""outQuart"", ""duration"": 1000, ""target"": {""id"": ""N/A"", ""appliesTo"": ""TRIGGER_ELEMENT"", ""useEventTarget"": true}, ""value"": 1}","[{""key"": ""main"", ""min"": 992, ""max"": 10000}, {""key"": ""medium"", ""min"": 768, ""max"": 991}, {""key"": ""small"", ""min"": 480, ""max"": 767}, {""key"": ""tiny"", ""min"": 0, ""max"": 479}]","[""raw/published/resources/03c1fa8b77cf-dentvitalis33.schunk.6ecbf8a934abc739.js""]",,,
derived,e-250,e-250,SCROLL_INTO_VIEW,"[""/""]",e-250-derived-step-0,0,True,,600,0,0,STYLE_OPACITY,True,"{""id"": ""N/A"", ""appliesTo"": ""TRIGGER_ELEMENT"", ""useEventTarget"": true}",,"{""delay"": 0, ""duration"": 0, ""target"": {""id"": ""N/A"", ""appliesTo"": ""TRIGGER_ELEMENT"", ""useEventTarget"": true}, ""value"": 0}","[{""key"": ""main"", ""min"": 992, ""max"": 10000}, {""key"": ""medium"", ""min"": 768, ""max"": 991}, {""key"": ""small"", ""min"": 480, ""max"": 767}, {""key"": ""tiny"", ""min"": 0, ""max"": 479}]","[""raw/published/resources/03c1fa8b77cf-dentvitalis33.schunk.6ecbf8a934abc739.js""]",,,
derived,e-250,e-250,SCROLL_INTO_VIEW,"[""/""]",e-250-derived-step-1,1,False,0,600,0,0,TRANSFORM_SCALE,True,"{""id"": ""N/A"", ""appliesTo"": ""TRIGGER_ELEMENT"", ""useEventTarget"": true}",,"{""delay"": 0, ""duration"": 0, ""target"": {""id"": ""N/A"", ""appliesTo"": ""TRIGGER_ELEMENT"", ""useEventTarget"": true}, ""xValue"": 0.7500000000000001, ""yValue"": 0.7500000000000001}","[{""key"": ""main"", ""min"": 992, ""max"": 10000}, {""key"": ""medium"", ""min"": 768, ""max"": 991}, {""key"": ""small"", ""min"": 480, ""max"": 767}, {""key"": ""tiny"", ""min"": 0, ""max"": 479}]","[""raw/published/resources/03c1fa8b77cf-dentvitalis33.schunk.6ecbf8a934abc739.js""]",,,
derived,e-250,e-250,SCROLL_INTO_VIEW,"[""/""]",e-250-derived-step-2,2,False,0,600,0,1000,TRANSFORM_SCALE,True,"{""id"": ""N/A"", ""appliesTo"": ""TRIGGER_ELEMENT"", ""useEventTarget"": true}",outQuart,"{""delay"": 0, ""easing"": ""outQuart"", ""duration"": 1000, ""target"": {""id"": ""N/A"", ""appliesTo"": ""TRIGGER_ELEMENT"", ""useEventTarget"": true}, ""xValue"": 1, ""yValue"": 1}","[{""key"": ""main"", ""min"": 992, ""max"": 10000}, {""key"": ""medium"", ""min"": 768, ""max"": 991}, {""key"": ""small"", ""min"": 480, ""max"": 767}, {""key"": ""tiny"", ""min"": 0, ""max"": 479}]","[""raw/published/resources/03c1fa8b77cf-dentvitalis33.schunk.6ecbf8a934abc739.js""]",,,
derived,e-250,e-250,SCROLL_INTO_VIEW,"[""/""]",e-250-derived-step-3,2,False,0,600,0,1000,STYLE_OPACITY,True,"{""id"": ""N/A"", ""appliesTo"": ""TRIGGER_ELEMENT"", ""useEventTarget"": true}",outQuart,"{""delay"": 0, ""easing"": ""outQuart"", ""duration"": 1000, ""target"": {""id"": ""N/A"", ""appliesTo"": ""TRIGGER_ELEMENT"", ""useEventTarget"": true}, ""value"": 1}","[{""key"": ""main"", ""min"": 992, ""max"": 10000}, {""key"": ""medium"", ""min"": 768, ""max"": 991}, {""key"": ""small"", ""min"": 480, ""max"": 767}, {""key"": ""tiny"", ""min"": 0, ""max"": 479}]","[""raw/published/resources/03c1fa8b77cf-dentvitalis33.schunk.6ecbf8a934abc739.js""]",,,
derived,e-266,e-266,SCROLL_INTO_VIEW,"[""/""]",e-266-derived-step-0,0,True,,200,0,0,STYLE_OPACITY,True,"{""id"": ""N/A"", ""appliesTo"": ""TRIGGER_ELEMENT"", ""useEventTarget"": true}",,"{""delay"": 0, ""duration"": 0, ""target"": {""id"": ""N/A"", ""appliesTo"": ""TRIGGER_ELEMENT"", ""useEventTarget"": true}, ""value"": 0}","[{""key"": ""main"", ""min"": 992, ""max"": 10000}, {""key"": ""medium"", ""min"": 768, ""max"": 991}, {""key"": ""small"", ""min"": 480, ""max"": 767}, {""key"": ""tiny"", ""min"": 0, ""max"": 479}]","[""raw/published/resources/03c1fa8b77cf-dentvitalis33.schunk.6ecbf8a934abc739.js""]",,,
derived,e-266,e-266,SCROLL_INTO_VIEW,"[""/""]",e-266-derived-step-1,1,False,0,200,0,0,TRANSFORM_MOVE,True,"{""id"": ""N/A"", ""appliesTo"": ""TRIGGER_ELEMENT"", ""useEventTarget"": true}",,"{""delay"": 0, ""duration"": 0, ""target"": {""id"": ""N/A"", ""appliesTo"": ""TRIGGER_ELEMENT"", ""useEventTarget"": true}, ""xValue"": 0, ""yValue"": 100, ""xUnit"": ""PX"", ""yUnit"": ""PX"", ""zUnit"": ""PX""}","[{""key"": ""main"", ""min"": 992, ""max"": 10000}, {""key"": ""medium"", ""min"": 768, ""max"": 991}, {""key"": ""small"", ""min"": 480, ""max"": 767}, {""key"": ""tiny"", ""min"": 0, ""max"": 479}]","[""raw/published/resources/03c1fa8b77cf-dentvitalis33.schunk.6ecbf8a934abc739.js""]",,,
derived,e-266,e-266,SCROLL_INTO_VIEW,"[""/""]",e-266-derived-step-2,2,False,0,200,0,1000,TRANSFORM_MOVE,True,"{""id"": ""N/A"", ""appliesTo"": ""TRIGGER_ELEMENT"", ""useEventTarget"": true}",outQuart,"{""delay"": 0, ""easing"": ""outQuart"", ""duration"": 1000, ""target"": {""id"": ""N/A"", ""appliesTo"": ""TRIGGER_ELEMENT"", ""useEventTarget"": true}, ""xValue"": 0, ""yValue"": 0, ""xUnit"": ""PX"", ""yUnit"": ""PX"", ""zUnit"": ""PX""}","[{""key"": ""main"", ""min"": 992, ""max"": 10000}, {""key"": ""medium"", ""min"": 768, ""max"": 991}, {""key"": ""small"", ""min"": 480, ""max"": 767}, {""key"": ""tiny"", ""min"": 0, ""max"": 479}]","[""raw/published/resources/03c1fa8b77cf-dentvitalis33.schunk.6ecbf8a934abc739.js""]",,,
derived,e-266,e-266,SCROLL_INTO_VIEW,"[""/""]",e-266-derived-step-3,2,False,0,200,0,1000,STYLE_OPACITY,True,"{""id"": ""N/A"", ""appliesTo"": ""TRIGGER_ELEMENT"", ""useEventTarget"": true}",outQuart,"{""delay"": 0, ""easing"": ""outQuart"", ""duration"": 1000, ""target"": {""id"": ""N/A"", ""appliesTo"": ""TRIGGER_ELEMENT"", ""useEventTarget"": true}, ""value"": 1}","[{""key"": ""main"", ""min"": 992, ""max"": 10000}, {""key"": ""medium"", ""min"": 768, ""max"": 991}, {""key"": ""small"", ""min"": 480, ""max"": 767}, {""key"": ""tiny"", ""min"": 0, ""max"": 479}]","[""raw/published/resources/03c1fa8b77cf-dentvitalis33.schunk.6ecbf8a934abc739.js""]",,,
derived,e-276,e-276,SCROLL_INTO_VIEW,"[""/""]",e-276-derived-step-0,0,True,,200,0,0,STYLE_OPACITY,True,"{""id"": ""N/A"", ""appliesTo"": ""TRIGGER_ELEMENT"", ""useEventTarget"": true}",,"{""delay"": 0, ""duration"": 0, ""target"": {""id"": ""N/A"", ""appliesTo"": ""TRIGGER_ELEMENT"", ""useEventTarget"": true}, ""value"": 0}","[{""key"": ""main"", ""min"": 992, ""max"": 10000}, {""key"": ""medium"", ""min"": 768, ""max"": 991}, {""key"": ""small"", ""min"": 480, ""max"": 767}, {""key"": ""tiny"", ""min"": 0, ""max"": 479}]","[""raw/published/resources/03c1fa8b77cf-dentvitalis33.schunk.6ecbf8a934abc739.js""]",,,
derived,e-276,e-276,SCROLL_INTO_VIEW,"[""/""]",e-276-derived-step-1,1,False,0,200,0,0,TRANSFORM_MOVE,True,"{""id"": ""N/A"", ""appliesTo"": ""TRIGGER_ELEMENT"", ""useEventTarget"": true}",,"{""delay"": 0, ""duration"": 0, ""target"": {""id"": ""N/A"", ""appliesTo"": ""TRIGGER_ELEMENT"", ""useEventTarget"": true}, ""xValue"": 0, ""yValue"": 100, ""xUnit"": ""PX"", ""yUnit"": ""PX"", ""zUnit"": ""PX""}","[{""key"": ""main"", ""min"": 992, ""max"": 10000}, {""key"": ""medium"", ""min"": 768, ""max"": 991}, {""key"": ""small"", ""min"": 480, ""max"": 767}, {""key"": ""tiny"", ""min"": 0, ""max"": 479}]","[""raw/published/resources/03c1fa8b77cf-dentvitalis33.schunk.6ecbf8a934abc739.js""]",,,
derived,e-276,e-276,SCROLL_INTO_VIEW,"[""/""]",e-276-derived-step-2,2,False,0,200,0,1000,TRANSFORM_MOVE,True,"{""id"": ""N/A"", ""appliesTo"": ""TRIGGER_ELEMENT"", ""useEventTarget"": true}",outQuart,"{""delay"": 0, ""easing"": ""outQuart"", ""duration"": 1000, ""target"": {""id"": ""N/A"", ""appliesTo"": ""TRIGGER_ELEMENT"", ""useEventTarget"": true}, ""xValue"": 0, ""yValue"": 0, ""xUnit"": ""PX"", ""yUnit"": ""PX"", ""zUnit"": ""PX""}","[{""key"": ""main"", ""min"": 992, ""max"": 10000}, {""key"": ""medium"", ""min"": 768, ""max"": 991}, {""key"": ""small"", ""min"": 480, ""max"": 767}, {""key"": ""tiny"", ""min"": 0, ""max"": 479}]","[""raw/published/resources/03c1fa8b77cf-dentvitalis33.schunk.6ecbf8a934abc739.js""]",,,
derived,e-276,e-276,SCROLL_INTO_VIEW,"[""/""]",e-276-derived-step-3,2,False,0,200,0,1000,STYLE_OPACITY,True,"{""id"": ""N/A"", ""appliesTo"": ""TRIGGER_ELEMENT"", ""useEventTarget"": true}",outQuart,"{""delay"": 0, ""easing"": ""outQuart"", ""duration"": 1000, ""target"": {""id"": ""N/A"", ""appliesTo"": ""TRIGGER_ELEMENT"", ""useEventTarget"": true}, ""value"": 1}","[{""key"": ""main"", ""min"": 992, ""max"": 10000}, {""key"": ""medium"", ""min"": 768, ""max"": 991}, {""key"": ""small"", ""min"": 480, ""max"": 767}, {""key"": ""tiny"", ""min"": 0, ""max"": 479}]","[""raw/published/resources/03c1fa8b77cf-dentvitalis33.schunk.6ecbf8a934abc739.js""]",,,
derived,e-278,e-278,SCROLL_INTO_VIEW,"[""/""]",e-278-derived-step-0,0,True,,200,0,0,STYLE_OPACITY,True,"{""id"": ""N/A"", ""appliesTo"": ""TRIGGER_ELEMENT"", ""useEventTarget"": true}",,"{""delay"": 0, ""duration"": 0, ""target"": {""id"": ""N/A"", ""appliesTo"": ""TRIGGER_ELEMENT"", ""useEventTarget"": true}, ""value"": 0}","[{""key"": ""main"", ""min"": 992, ""max"": 10000}, {""key"": ""medium"", ""min"": 768, ""max"": 991}, {""key"": ""small"", ""min"": 480, ""max"": 767}, {""key"": ""tiny"", ""min"": 0, ""max"": 479}]","[""raw/published/resources/03c1fa8b77cf-dentvitalis33.schunk.6ecbf8a934abc739.js""]",,,
derived,e-278,e-278,SCROLL_INTO_VIEW,"[""/""]",e-278-derived-step-1,1,False,0,200,0,0,TRANSFORM_MOVE,True,"{""id"": ""N/A"", ""appliesTo"": ""TRIGGER_ELEMENT"", ""useEventTarget"": true}",,"{""delay"": 0, ""duration"": 0, ""target"": {""id"": ""N/A"", ""appliesTo"": ""TRIGGER_ELEMENT"", ""useEventTarget"": true}, ""xValue"": 0, ""yValue"": 100, ""xUnit"": ""PX"", ""yUnit"": ""PX"", ""zUnit"": ""PX""}","[{""key"": ""main"", ""min"": 992, ""max"": 10000}, {""key"": ""medium"", ""min"": 768, ""max"": 991}, {""key"": ""small"", ""min"": 480, ""max"": 767}, {""key"": ""tiny"", ""min"": 0, ""max"": 479}]","[""raw/published/resources/03c1fa8b77cf-dentvitalis33.schunk.6ecbf8a934abc739.js""]",,,
derived,e-278,e-278,SCROLL_INTO_VIEW,"[""/""]",e-278-derived-step-2,2,False,0,200,0,1000,TRANSFORM_MOVE,True,"{""id"": ""N/A"", ""appliesTo"": ""TRIGGER_ELEMENT"", ""useEventTarget"": true}",outQuart,"{""delay"": 0, ""easing"": ""outQuart"", ""duration"": 1000, ""target"": {""id"": ""N/A"", ""appliesTo"": ""TRIGGER_ELEMENT"", ""useEventTarget"": true}, ""xValue"": 0, ""yValue"": 0, ""xUnit"": ""PX"", ""yUnit"": ""PX"", ""zUnit"": ""PX""}","[{""key"": ""main"", ""min"": 992, ""max"": 10000}, {""key"": ""medium"", ""min"": 768, ""max"": 991}, {""key"": ""small"", ""min"": 480, ""max"": 767}, {""key"": ""tiny"", ""min"": 0, ""max"": 479}]","[""raw/published/resources/03c1fa8b77cf-dentvitalis33.schunk.6ecbf8a934abc739.js""]",,,
derived,e-278,e-278,SCROLL_INTO_VIEW,"[""/""]",e-278-derived-step-3,2,False,0,200,0,1000,STYLE_OPACITY,True,"{""id"": ""N/A"", ""appliesTo"": ""TRIGGER_ELEMENT"", ""useEventTarget"": true}",outQuart,"{""delay"": 0, ""easing"": ""outQuart"", ""duration"": 1000, ""target"": {""id"": ""N/A"", ""appliesTo"": ""TRIGGER_ELEMENT"", ""useEventTarget"": true}, ""value"": 1}","[{""key"": ""main"", ""min"": 992, ""max"": 10000}, {""key"": ""medium"", ""min"": 768, ""max"": 991}, {""key"": ""small"", ""min"": 480, ""max"": 767}, {""key"": ""tiny"", ""min"": 0, ""max"": 479}]","[""raw/published/resources/03c1fa8b77cf-dentvitalis33.schunk.6ecbf8a934abc739.js""]",,,
derived,e-292,e-292,SCROLL_INTO_VIEW,"[""/""]",e-292-derived-step-0,0,True,,200,0,0,STYLE_OPACITY,True,"{""id"": ""N/A"", ""appliesTo"": ""TRIGGER_ELEMENT"", ""useEventTarget"": true}",,"{""delay"": 0, ""duration"": 0, ""target"": {""id"": ""N/A"", ""appliesTo"": ""TRIGGER_ELEMENT"", ""useEventTarget"": true}, ""value"": 0}","[{""key"": ""main"", ""min"": 992, ""max"": 10000}, {""key"": ""medium"", ""min"": 768, ""max"": 991}, {""key"": ""small"", ""min"": 480, ""max"": 767}, {""key"": ""tiny"", ""min"": 0, ""max"": 479}]","[""raw/published/resources/03c1fa8b77cf-dentvitalis33.schunk.6ecbf8a934abc739.js""]",,,
derived,e-292,e-292,SCROLL_INTO_VIEW,"[""/""]",e-292-derived-step-1,1,False,0,200,0,0,TRANSFORM_MOVE,True,"{""id"": ""N/A"", ""appliesTo"": ""TRIGGER_ELEMENT"", ""useEventTarget"": true}",,"{""delay"": 0, ""duration"": 0, ""target"": {""id"": ""N/A"", ""appliesTo"": ""TRIGGER_ELEMENT"", ""useEventTarget"": true}, ""xValue"": 0, ""yValue"": 100, ""xUnit"": ""PX"", ""yUnit"": ""PX"", ""zUnit"": ""PX""}","[{""key"": ""main"", ""min"": 992, ""max"": 10000}, {""key"": ""medium"", ""min"": 768, ""max"": 991}, {""key"": ""small"", ""min"": 480, ""max"": 767}, {""key"": ""tiny"", ""min"": 0, ""max"": 479}]","[""raw/published/resources/03c1fa8b77cf-dentvitalis33.schunk.6ecbf8a934abc739.js""]",,,
derived,e-292,e-292,SCROLL_INTO_VIEW,"[""/""]",e-292-derived-step-2,2,False,0,200,0,1000,TRANSFORM_MOVE,True,"{""id"": ""N/A"", ""appliesTo"": ""TRIGGER_ELEMENT"", ""useEventTarget"": true}",outQuart,"{""delay"": 0, ""easing"": ""outQuart"", ""duration"": 1000, ""target"": {""id"": ""N/A"", ""appliesTo"": ""TRIGGER_ELEMENT"", ""useEventTarget"": true}, ""xValue"": 0, ""yValue"": 0, ""xUnit"": ""PX"", ""yUnit"": ""PX"", ""zUnit"": ""PX""}","[{""key"": ""main"", ""min"": 992, ""max"": 10000}, {""key"": ""medium"", ""min"": 768, ""max"": 991}, {""key"": ""small"", ""min"": 480, ""max"": 767}, {""key"": ""tiny"", ""min"": 0, ""max"": 479}]","[""raw/published/resources/03c1fa8b77cf-dentvitalis33.schunk.6ecbf8a934abc739.js""]",,,
derived,e-292,e-292,SCROLL_INTO_VIEW,"[""/""]",e-292-derived-step-3,2,False,0,200,0,1000,STYLE_OPACITY,True,"{""id"": ""N/A"", ""appliesTo"": ""TRIGGER_ELEMENT"", ""useEventTarget"": true}",outQuart,"{""delay"": 0, ""easing"": ""outQuart"", ""duration"": 1000, ""target"": {""id"": ""N/A"", ""appliesTo"": ""TRIGGER_ELEMENT"", ""useEventTarget"": true}, ""value"": 1}","[{""key"": ""main"", ""min"": 992, ""max"": 10000}, {""key"": ""medium"", ""min"": 768, ""max"": 991}, {""key"": ""small"", ""min"": 480, ""max"": 767}, {""key"": ""tiny"", ""min"": 0, ""max"": 479}]","[""raw/published/resources/03c1fa8b77cf-dentvitalis33.schunk.6ecbf8a934abc739.js""]",,,
derived,e-294,e-294,SCROLL_INTO_VIEW,"[""/""]",e-294-derived-step-0,0,True,,200,0,0,STYLE_OPACITY,True,"{""id"": ""N/A"", ""appliesTo"": ""TRIGGER_ELEMENT"", ""useEventTarget"": true}",,"{""delay"": 0, ""duration"": 0, ""target"": {""id"": ""N/A"", ""appliesTo"": ""TRIGGER_ELEMENT"", ""useEventTarget"": true}, ""value"": 0}","[{""key"": ""main"", ""min"": 992, ""max"": 10000}, {""key"": ""medium"", ""min"": 768, ""max"": 991}, {""key"": ""small"", ""min"": 480, ""max"": 767}, {""key"": ""tiny"", ""min"": 0, ""max"": 479}]","[""raw/published/resources/03c1fa8b77cf-dentvitalis33.schunk.6ecbf8a934abc739.js""]",,,
derived,e-294,e-294,SCROLL_INTO_VIEW,"[""/""]",e-294-derived-step-1,1,False,0,200,0,0,TRANSFORM_MOVE,True,"{""id"": ""N/A"", ""appliesTo"": ""TRIGGER_ELEMENT"", ""useEventTarget"": true}",,"{""delay"": 0, ""duration"": 0, ""target"": {""id"": ""N/A"", ""appliesTo"": ""TRIGGER_ELEMENT"", ""useEventTarget"": true}, ""xValue"": 0, ""yValue"": 100, ""xUnit"": ""PX"", ""yUnit"": ""PX"", ""zUnit"": ""PX""}","[{""key"": ""main"", ""min"": 992, ""max"": 10000}, {""key"": ""medium"", ""min"": 768, ""max"": 991}, {""key"": ""small"", ""min"": 480, ""max"": 767}, {""key"": ""tiny"", ""min"": 0, ""max"": 479}]","[""raw/published/resources/03c1fa8b77cf-dentvitalis33.schunk.6ecbf8a934abc739.js""]",,,
derived,e-294,e-294,SCROLL_INTO_VIEW,"[""/""]",e-294-derived-step-2,2,False,0,200,0,1000,TRANSFORM_MOVE,True,"{""id"": ""N/A"", ""appliesTo"": ""TRIGGER_ELEMENT"", ""useEventTarget"": true}",outQuart,"{""delay"": 0, ""easing"": ""outQuart"", ""duration"": 1000, ""target"": {""id"": ""N/A"", ""appliesTo"": ""TRIGGER_ELEMENT"", ""useEventTarget"": true}, ""xValue"": 0, ""yValue"": 0, ""xUnit"": ""PX"", ""yUnit"": ""PX"", ""zUnit"": ""PX""}","[{""key"": ""main"", ""min"": 992, ""max"": 10000}, {""key"": ""medium"", ""min"": 768, ""max"": 991}, {""key"": ""small"", ""min"": 480, ""max"": 767}, {""key"": ""tiny"", ""min"": 0, ""max"": 479}]","[""raw/published/resources/03c1fa8b77cf-dentvitalis33.schunk.6ecbf8a934abc739.js""]",,,
derived,e-294,e-294,SCROLL_INTO_VIEW,"[""/""]",e-294-derived-step-3,2,False,0,200,0,1000,STYLE_OPACITY,True,"{""id"": ""N/A"", ""appliesTo"": ""TRIGGER_ELEMENT"", ""useEventTarget"": true}",outQuart,"{""delay"": 0, ""easing"": ""outQuart"", ""duration"": 1000, ""target"": {""id"": ""N/A"", ""appliesTo"": ""TRIGGER_ELEMENT"", ""useEventTarget"": true}, ""value"": 1}","[{""key"": ""main"", ""min"": 992, ""max"": 10000}, {""key"": ""medium"", ""min"": 768, ""max"": 991}, {""key"": ""small"", ""min"": 480, ""max"": 767}, {""key"": ""tiny"", ""min"": 0, ""max"": 479}]","[""raw/published/resources/03c1fa8b77cf-dentvitalis33.schunk.6ecbf8a934abc739.js""]",,,
derived,e-304,e-304,SCROLL_INTO_VIEW,"[""/""]",e-304-derived-step-0,0,True,,800,0,0,STYLE_OPACITY,True,"{""id"": ""N/A"", ""appliesTo"": ""TRIGGER_ELEMENT"", ""useEventTarget"": true}",,"{""delay"": 0, ""duration"": 0, ""target"": {""id"": ""N/A"", ""appliesTo"": ""TRIGGER_ELEMENT"", ""useEventTarget"": true}, ""value"": 0}","[{""key"": ""main"", ""min"": 992, ""max"": 10000}, {""key"": ""medium"", ""min"": 768, ""max"": 991}, {""key"": ""small"", ""min"": 480, ""max"": 767}, {""key"": ""tiny"", ""min"": 0, ""max"": 479}]","[""raw/published/resources/03c1fa8b77cf-dentvitalis33.schunk.6ecbf8a934abc739.js""]",,,
derived,e-304,e-304,SCROLL_INTO_VIEW,"[""/""]",e-304-derived-step-1,1,False,0,800,0,1000,STYLE_OPACITY,True,"{""id"": ""N/A"", ""appliesTo"": ""TRIGGER_ELEMENT"", ""useEventTarget"": true}",outQuart,"{""delay"": 0, ""easing"": ""outQuart"", ""duration"": 1000, ""target"": {""id"": ""N/A"", ""appliesTo"": ""TRIGGER_ELEMENT"", ""useEventTarget"": true}, ""value"": 1}","[{""key"": ""main"", ""min"": 992, ""max"": 10000}, {""key"": ""medium"", ""min"": 768, ""max"": 991}, {""key"": ""small"", ""min"": 480, ""max"": 767}, {""key"": ""tiny"", ""min"": 0, ""max"": 479}]","[""raw/published/resources/03c1fa8b77cf-dentvitalis33.schunk.6ecbf8a934abc739.js""]",,,
derived,e-308,e-308,SCROLL_INTO_VIEW,[],e-308-derived-step-0,0,True,,300,0,0,STYLE_OPACITY,True,"{""id"": ""N/A"", ""appliesTo"": ""TRIGGER_ELEMENT"", ""useEventTarget"": true}",,"{""delay"": 0, ""duration"": 0, ""target"": {""id"": ""N/A"", ""appliesTo"": ""TRIGGER_ELEMENT"", ""useEventTarget"": true}, ""value"": 0}","[{""key"": ""main"", ""min"": 992, ""max"": 10000}, {""key"": ""medium"", ""min"": 768, ""max"": 991}, {""key"": ""small"", ""min"": 480, ""max"": 767}, {""key"": ""tiny"", ""min"": 0, ""max"": 479}]","[""raw/published/resources/03c1fa8b77cf-dentvitalis33.schunk.6ecbf8a934abc739.js""]",,,
derived,e-308,e-308,SCROLL_INTO_VIEW,[],e-308-derived-step-1,1,False,0,300,0,0,TRANSFORM_MOVE,True,"{""id"": ""N/A"", ""appliesTo"": ""TRIGGER_ELEMENT"", ""useEventTarget"": true}",,"{""delay"": 0, ""duration"": 0, ""target"": {""id"": ""N/A"", ""appliesTo"": ""TRIGGER_ELEMENT"", ""useEventTarget"": true}, ""xValue"": 0, ""yValue"": 100, ""xUnit"": ""PX"", ""yUnit"": ""PX"", ""zUnit"": ""PX""}","[{""key"": ""main"", ""min"": 992, ""max"": 10000}, {""key"": ""medium"", ""min"": 768, ""max"": 991}, {""key"": ""small"", ""min"": 480, ""max"": 767}, {""key"": ""tiny"", ""min"": 0, ""max"": 479}]","[""raw/published/resources/03c1fa8b77cf-dentvitalis33.schunk.6ecbf8a934abc739.js""]",,,
derived,e-308,e-308,SCROLL_INTO_VIEW,[],e-308-derived-step-2,2,False,0,300,0,1000,TRANSFORM_MOVE,True,"{""id"": ""N/A"", ""appliesTo"": ""TRIGGER_ELEMENT"", ""useEventTarget"": true}",outQuart,"{""delay"": 0, ""easing"": ""outQuart"", ""duration"": 1000, ""target"": {""id"": ""N/A"", ""appliesTo"": ""TRIGGER_ELEMENT"", ""useEventTarget"": true}, ""xValue"": 0, ""yValue"": 0, ""xUnit"": ""PX"", ""yUnit"": ""PX"", ""zUnit"": ""PX""}","[{""key"": ""main"", ""min"": 992, ""max"": 10000}, {""key"": ""medium"", ""min"": 768, ""max"": 991}, {""key"": ""small"", ""min"": 480, ""max"": 767}, {""key"": ""tiny"", ""min"": 0, ""max"": 479}]","[""raw/published/resources/03c1fa8b77cf-dentvitalis33.schunk.6ecbf8a934abc739.js""]",,,
derived,e-308,e-308,SCROLL_INTO_VIEW,[],e-308-derived-step-3,2,False,0,300,0,1000,STYLE_OPACITY,True,"{""id"": ""N/A"", ""appliesTo"": ""TRIGGER_ELEMENT"", ""useEventTarget"": true}",outQuart,"{""delay"": 0, ""easing"": ""outQuart"", ""duration"": 1000, ""target"": {""id"": ""N/A"", ""appliesTo"": ""TRIGGER_ELEMENT"", ""useEventTarget"": true}, ""value"": 1}","[{""key"": ""main"", ""min"": 992, ""max"": 10000}, {""key"": ""medium"", ""min"": 768, ""max"": 991}, {""key"": ""small"", ""min"": 480, ""max"": 767}, {""key"": ""tiny"", ""min"": 0, ""max"": 479}]","[""raw/published/resources/03c1fa8b77cf-dentvitalis33.schunk.6ecbf8a934abc739.js""]",,,
derived,e-309,e-309,SCROLL_INTO_VIEW,"[""/""]",e-309-derived-step-0,0,True,,200,0,0,STYLE_OPACITY,True,"{""id"": ""N/A"", ""appliesTo"": ""TRIGGER_ELEMENT"", ""useEventTarget"": true}",,"{""delay"": 0, ""duration"": 0, ""target"": {""id"": ""N/A"", ""appliesTo"": ""TRIGGER_ELEMENT"", ""useEventTarget"": true}, ""value"": 0}","[{""key"": ""main"", ""min"": 992, ""max"": 10000}, {""key"": ""medium"", ""min"": 768, ""max"": 991}, {""key"": ""small"", ""min"": 480, ""max"": 767}, {""key"": ""tiny"", ""min"": 0, ""max"": 479}]","[""raw/published/resources/03c1fa8b77cf-dentvitalis33.schunk.6ecbf8a934abc739.js""]",,,
derived,e-309,e-309,SCROLL_INTO_VIEW,"[""/""]",e-309-derived-step-1,1,False,0,200,0,0,TRANSFORM_MOVE,True,"{""id"": ""N/A"", ""appliesTo"": ""TRIGGER_ELEMENT"", ""useEventTarget"": true}",,"{""delay"": 0, ""duration"": 0, ""target"": {""id"": ""N/A"", ""appliesTo"": ""TRIGGER_ELEMENT"", ""useEventTarget"": true}, ""xValue"": 0, ""yValue"": 100, ""xUnit"": ""PX"", ""yUnit"": ""PX"", ""zUnit"": ""PX""}","[{""key"": ""main"", ""min"": 992, ""max"": 10000}, {""key"": ""medium"", ""min"": 768, ""max"": 991}, {""key"": ""small"", ""min"": 480, ""max"": 767}, {""key"": ""tiny"", ""min"": 0, ""max"": 479}]","[""raw/published/resources/03c1fa8b77cf-dentvitalis33.schunk.6ecbf8a934abc739.js""]",,,
derived,e-309,e-309,SCROLL_INTO_VIEW,"[""/""]",e-309-derived-step-2,2,False,0,200,0,1000,TRANSFORM_MOVE,True,"{""id"": ""N/A"", ""appliesTo"": ""TRIGGER_ELEMENT"", ""useEventTarget"": true}",outQuart,"{""delay"": 0, ""easing"": ""outQuart"", ""duration"": 1000, ""target"": {""id"": ""N/A"", ""appliesTo"": ""TRIGGER_ELEMENT"", ""useEventTarget"": true}, ""xValue"": 0, ""yValue"": 0, ""xUnit"": ""PX"", ""yUnit"": ""PX"", ""zUnit"": ""PX""}","[{""key"": ""main"", ""min"": 992, ""max"": 10000}, {""key"": ""medium"", ""min"": 768, ""max"": 991}, {""key"": ""small"", ""min"": 480, ""max"": 767}, {""key"": ""tiny"", ""min"": 0, ""max"": 479}]","[""raw/published/resources/03c1fa8b77cf-dentvitalis33.schunk.6ecbf8a934abc739.js""]",,,
derived,e-309,e-309,SCROLL_INTO_VIEW,"[""/""]",e-309-derived-step-3,2,False,0,200,0,1000,STYLE_OPACITY,True,"{""id"": ""N/A"", ""appliesTo"": ""TRIGGER_ELEMENT"", ""useEventTarget"": true}",outQuart,"{""delay"": 0, ""easing"": ""outQuart"", ""duration"": 1000, ""target"": {""id"": ""N/A"", ""appliesTo"": ""TRIGGER_ELEMENT"", ""useEventTarget"": true}, ""value"": 1}","[{""key"": ""main"", ""min"": 992, ""max"": 10000}, {""key"": ""medium"", ""min"": 768, ""max"": 991}, {""key"": ""small"", ""min"": 480, ""max"": 767}, {""key"": ""tiny"", ""min"": 0, ""max"": 479}]","[""raw/published/resources/03c1fa8b77cf-dentvitalis33.schunk.6ecbf8a934abc739.js""]",,,
derived,e-310,e-310,SCROLL_INTO_VIEW,"[""/""]",e-310-derived-step-0,0,True,,1200,0,0,STYLE_OPACITY,True,"{""id"": ""N/A"", ""appliesTo"": ""TRIGGER_ELEMENT"", ""useEventTarget"": true}",,"{""delay"": 0, ""duration"": 0, ""target"": {""id"": ""N/A"", ""appliesTo"": ""TRIGGER_ELEMENT"", ""useEventTarget"": true}, ""value"": 0}","[{""key"": ""main"", ""min"": 992, ""max"": 10000}, {""key"": ""medium"", ""min"": 768, ""max"": 991}, {""key"": ""small"", ""min"": 480, ""max"": 767}, {""key"": ""tiny"", ""min"": 0, ""max"": 479}]","[""raw/published/resources/03c1fa8b77cf-dentvitalis33.schunk.6ecbf8a934abc739.js""]",,,
derived,e-310,e-310,SCROLL_INTO_VIEW,"[""/""]",e-310-derived-step-1,1,False,0,1200,0,1000,STYLE_OPACITY,True,"{""id"": ""N/A"", ""appliesTo"": ""TRIGGER_ELEMENT"", ""useEventTarget"": true}",outQuart,"{""delay"": 0, ""easing"": ""outQuart"", ""duration"": 1000, ""target"": {""id"": ""N/A"", ""appliesTo"": ""TRIGGER_ELEMENT"", ""useEventTarget"": true}, ""value"": 1}","[{""key"": ""main"", ""min"": 992, ""max"": 10000}, {""key"": ""medium"", ""min"": 768, ""max"": 991}, {""key"": ""small"", ""min"": 480, ""max"": 767}, {""key"": ""tiny"", ""min"": 0, ""max"": 479}]","[""raw/published/resources/03c1fa8b77cf-dentvitalis33.schunk.6ecbf8a934abc739.js""]",,,
derived,e-311,e-311,SCROLL_INTO_VIEW,"[""/""]",e-311-derived-step-0,0,True,,1200,0,0,STYLE_OPACITY,True,"{""id"": ""N/A"", ""appliesTo"": ""TRIGGER_ELEMENT"", ""useEventTarget"": true}",,"{""delay"": 0, ""duration"": 0, ""target"": {""id"": ""N/A"", ""appliesTo"": ""TRIGGER_ELEMENT"", ""useEventTarget"": true}, ""value"": 0}","[{""key"": ""main"", ""min"": 992, ""max"": 10000}, {""key"": ""medium"", ""min"": 768, ""max"": 991}, {""key"": ""small"", ""min"": 480, ""max"": 767}, {""key"": ""tiny"", ""min"": 0, ""max"": 479}]","[""raw/published/resources/03c1fa8b77cf-dentvitalis33.schunk.6ecbf8a934abc739.js""]",,,
derived,e-311,e-311,SCROLL_INTO_VIEW,"[""/""]",e-311-derived-step-1,1,False,0,1200,0,1000,STYLE_OPACITY,True,"{""id"": ""N/A"", ""appliesTo"": ""TRIGGER_ELEMENT"", ""useEventTarget"": true}",outQuart,"{""delay"": 0, ""easing"": ""outQuart"", ""duration"": 1000, ""target"": {""id"": ""N/A"", ""appliesTo"": ""TRIGGER_ELEMENT"", ""useEventTarget"": true}, ""value"": 1}","[{""key"": ""main"", ""min"": 992, ""max"": 10000}, {""key"": ""medium"", ""min"": 768, ""max"": 991}, {""key"": ""small"", ""min"": 480, ""max"": 767}, {""key"": ""tiny"", ""min"": 0, ""max"": 479}]","[""raw/published/resources/03c1fa8b77cf-dentvitalis33.schunk.6ecbf8a934abc739.js""]",,,
derived,e-312,e-312,SCROLL_INTO_VIEW,"[""/""]",e-312-derived-step-0,0,True,,1000,0,0,STYLE_OPACITY,True,"{""id"": ""N/A"", ""appliesTo"": ""TRIGGER_ELEMENT"", ""useEventTarget"": true}",,"{""delay"": 0, ""duration"": 0, ""target"": {""id"": ""N/A"", ""appliesTo"": ""TRIGGER_ELEMENT"", ""useEventTarget"": true}, ""value"": 0}","[{""key"": ""main"", ""min"": 992, ""max"": 10000}, {""key"": ""medium"", ""min"": 768, ""max"": 991}, {""key"": ""small"", ""min"": 480, ""max"": 767}, {""key"": ""tiny"", ""min"": 0, ""max"": 479}]","[""raw/published/resources/03c1fa8b77cf-dentvitalis33.schunk.6ecbf8a934abc739.js""]",,,
derived,e-312,e-312,SCROLL_INTO_VIEW,"[""/""]",e-312-derived-step-1,1,False,0,1000,0,1000,STYLE_OPACITY,True,"{""id"": ""N/A"", ""appliesTo"": ""TRIGGER_ELEMENT"", ""useEventTarget"": true}",outQuart,"{""delay"": 0, ""easing"": ""outQuart"", ""duration"": 1000, ""target"": {""id"": ""N/A"", ""appliesTo"": ""TRIGGER_ELEMENT"", ""useEventTarget"": true}, ""value"": 1}","[{""key"": ""main"", ""min"": 992, ""max"": 10000}, {""key"": ""medium"", ""min"": 768, ""max"": 991}, {""key"": ""small"", ""min"": 480, ""max"": 767}, {""key"": ""tiny"", ""min"": 0, ""max"": 479}]","[""raw/published/resources/03c1fa8b77cf-dentvitalis33.schunk.6ecbf8a934abc739.js""]",,,
derived,e-320,Nav Dropdown Opens,MOUSE_OVER,"[""/"", ""/chi-siamo"", ""/condizioni-di-utilizzo"", ""/contatti"", ""/domande-e-risposte"", ""/faq"", ""/informativa-sulla-privacy"", ""/informazioni-per-pazienti"", ""/informazioni/alloggio"", ""/informazioni/garanzie"", ""/informazioni/listino-prezzi"", ""/informazioni/pagamento-flessibile"", ""/informazioni/prima-visita-gratuita"", ""/informazioni/tempi-del-trattamento"", ""/informazioni/trasporto"", ""/prestazioni-dentali"", ""/prestazioni/corone-faccette-ponti-e-protesi"", ""/prestazioni/premium-ponte-fisso-su-impianti"", ""/prestazioni/protesi-definitiva-ancorata-su-4-impianti"", ""/prestazioni/sbiancamento-dei-denti"", ""/prestazioni/sedazione-cosciente"", ""/su-di-noi/come-raggiungerci"", ""/su-di-noi/i-nostri-specialisti"", ""/su-di-noi/impianti-di-nuova-generazione"", ""/su-di-noi/laboratorio-odontotecnico"", ""/su-di-noi/materiali-e-apparecchiature"", ""/su-di-noi/tutto-in-un-unico-luogo"", ""/testimonianze""]",a-n,0,True,,,0,500,TRANSFORM_ROTATE,CHILDREN,"{""useEventTarget"": ""CHILDREN"", ""selector"": "".nav-dropdown-icon"", ""selectorGuids"": [""e6e85a02-c3d6-08eb-5df3-a2c1c099f20b""]}",,"{""delay"": 0, ""easing"": """", ""duration"": 500, ""target"": {""useEventTarget"": ""CHILDREN"", ""selector"": "".nav-dropdown-icon"", ""selectorGuids"": [""e6e85a02-c3d6-08eb-5df3-a2c1c099f20b""]}, ""zValue"": 0, ""xUnit"": ""DEG"", ""yUnit"": ""DEG"", ""zUnit"": ""deg""}","[{""key"": ""main"", ""min"": 992, ""max"": 10000}, {""key"": ""medium"", ""min"": 768, ""max"": 991}, {""key"": ""small"", ""min"": 480, ""max"": 767}, {""key"": ""tiny"", ""min"": 0, ""max"": 479}]","[""raw/published/resources/03c1fa8b77cf-dentvitalis33.schunk.6ecbf8a934abc739.js""]",,,
derived,e-320,Nav Dropdown Opens,MOUSE_OVER,"[""/"", ""/chi-siamo"", ""/condizioni-di-utilizzo"", ""/contatti"", ""/domande-e-risposte"", ""/faq"", ""/informativa-sulla-privacy"", ""/informazioni-per-pazienti"", ""/informazioni/alloggio"", ""/informazioni/garanzie"", ""/informazioni/listino-prezzi"", ""/informazioni/pagamento-flessibile"", ""/informazioni/prima-visita-gratuita"", ""/informazioni/tempi-del-trattamento"", ""/informazioni/trasporto"", ""/prestazioni-dentali"", ""/prestazioni/corone-faccette-ponti-e-protesi"", ""/prestazioni/premium-ponte-fisso-su-impianti"", ""/prestazioni/protesi-definitiva-ancorata-su-4-impianti"", ""/prestazioni/sbiancamento-dei-denti"", ""/prestazioni/sedazione-cosciente"", ""/su-di-noi/come-raggiungerci"", ""/su-di-noi/i-nostri-specialisti"", ""/su-di-noi/impianti-di-nuova-generazione"", ""/su-di-noi/laboratorio-odontotecnico"", ""/su-di-noi/materiali-e-apparecchiature"", ""/su-di-noi/tutto-in-un-unico-luogo"", ""/testimonianze""]",a-n-2,0,True,,,0,500,STYLE_SIZE,CHILDREN,"{""useEventTarget"": ""CHILDREN"", ""selector"": "".nav-dropdown-list"", ""selectorGuids"": [""e6e85a02-c3d6-08eb-5df3-a2c1c099f23a""]}",,"{""delay"": 0, ""easing"": """", ""duration"": 500, ""target"": {""useEventTarget"": ""CHILDREN"", ""selector"": "".nav-dropdown-list"", ""selectorGuids"": [""e6e85a02-c3d6-08eb-5df3-a2c1c099f23a""]}, ""heightValue"": 0, ""widthUnit"": ""PX"", ""heightUnit"": ""px"", ""locked"": false}","[{""key"": ""main"", ""min"": 992, ""max"": 10000}, {""key"": ""medium"", ""min"": 768, ""max"": 991}, {""key"": ""small"", ""min"": 480, ""max"": 767}, {""key"": ""tiny"", ""min"": 0, ""max"": 479}]","[""raw/published/resources/03c1fa8b77cf-dentvitalis33.schunk.6ecbf8a934abc739.js""]",,,
derived,e-320,Nav Dropdown Opens,MOUSE_OVER,"[""/"", ""/chi-siamo"", ""/condizioni-di-utilizzo"", ""/contatti"", ""/domande-e-risposte"", ""/faq"", ""/informativa-sulla-privacy"", ""/informazioni-per-pazienti"", ""/informazioni/alloggio"", ""/informazioni/garanzie"", ""/informazioni/listino-prezzi"", ""/informazioni/pagamento-flessibile"", ""/informazioni/prima-visita-gratuita"", ""/informazioni/tempi-del-trattamento"", ""/informazioni/trasporto"", ""/prestazioni-dentali"", ""/prestazioni/corone-faccette-ponti-e-protesi"", ""/prestazioni/premium-ponte-fisso-su-impianti"", ""/prestazioni/protesi-definitiva-ancorata-su-4-impianti"", ""/prestazioni/sbiancamento-dei-denti"", ""/prestazioni/sedazione-cosciente"", ""/su-di-noi/come-raggiungerci"", ""/su-di-noi/i-nostri-specialisti"", ""/su-di-noi/impianti-di-nuova-generazione"", ""/su-di-noi/laboratorio-odontotecnico"", ""/su-di-noi/materiali-e-apparecchiature"", ""/su-di-noi/tutto-in-un-unico-luogo"", ""/testimonianze""]",a-n-3,1,False,0,,0,200,TRANSFORM_ROTATE,CHILDREN,"{""useEventTarget"": ""CHILDREN"", ""selector"": "".nav-dropdown-icon"", ""selectorGuids"": [""e6e85a02-c3d6-08eb-5df3-a2c1c099f20b""]}",,"{""delay"": 0, ""easing"": """", ""duration"": 200, ""target"": {""useEventTarget"": ""CHILDREN"", ""selector"": "".nav-dropdown-icon"", ""selectorGuids"": [""e6e85a02-c3d6-08eb-5df3-a2c1c099f20b""]}, ""zValue"": -180, ""xUnit"": ""DEG"", ""yUnit"": ""DEG"", ""zUnit"": ""deg""}","[{""key"": ""main"", ""min"": 992, ""max"": 10000}, {""key"": ""medium"", ""min"": 768, ""max"": 991}, {""key"": ""small"", ""min"": 480, ""max"": 767}, {""key"": ""tiny"", ""min"": 0, ""max"": 479}]","[""raw/published/resources/03c1fa8b77cf-dentvitalis33.schunk.6ecbf8a934abc739.js""]",,,
derived,e-320,Nav Dropdown Opens,MOUSE_OVER,"[""/"", ""/chi-siamo"", ""/condizioni-di-utilizzo"", ""/contatti"", ""/domande-e-risposte"", ""/faq"", ""/informativa-sulla-privacy"", ""/informazioni-per-pazienti"", ""/informazioni/alloggio"", ""/informazioni/garanzie"", ""/informazioni/listino-prezzi"", ""/informazioni/pagamento-flessibile"", ""/informazioni/prima-visita-gratuita"", ""/informazioni/tempi-del-trattamento"", ""/informazioni/trasporto"", ""/prestazioni-dentali"", ""/prestazioni/corone-faccette-ponti-e-protesi"", ""/prestazioni/premium-ponte-fisso-su-impianti"", ""/prestazioni/protesi-definitiva-ancorata-su-4-impianti"", ""/prestazioni/sbiancamento-dei-denti"", ""/prestazioni/sedazione-cosciente"", ""/su-di-noi/come-raggiungerci"", ""/su-di-noi/i-nostri-specialisti"", ""/su-di-noi/impianti-di-nuova-generazione"", ""/su-di-noi/laboratorio-odontotecnico"", ""/su-di-noi/materiali-e-apparecchiature"", ""/su-di-noi/tutto-in-un-unico-luogo"", ""/testimonianze""]",a-n-4,1,False,0,,0,300,STYLE_SIZE,CHILDREN,"{""useEventTarget"": ""CHILDREN"", ""selector"": "".nav-dropdown-list"", ""selectorGuids"": [""e6e85a02-c3d6-08eb-5df3-a2c1c099f23a""]}",,"{""delay"": 0, ""easing"": """", ""duration"": 300, ""target"": {""useEventTarget"": ""CHILDREN"", ""selector"": "".nav-dropdown-list"", ""selectorGuids"": [""e6e85a02-c3d6-08eb-5df3-a2c1c099f23a""]}, ""widthUnit"": ""PX"", ""heightUnit"": ""AUTO"", ""locked"": false}","[{""key"": ""main"", ""min"": 992, ""max"": 10000}, {""key"": ""medium"", ""min"": 768, ""max"": 991}, {""key"": ""small"", ""min"": 480, ""max"": 767}, {""key"": ""tiny"", ""min"": 0, ""max"": 479}]","[""raw/published/resources/03c1fa8b77cf-dentvitalis33.schunk.6ecbf8a934abc739.js""]",,,
derived,e-321,Nav Dropdown Hover Out,MOUSE_OUT,"[""/"", ""/chi-siamo"", ""/condizioni-di-utilizzo"", ""/contatti"", ""/domande-e-risposte"", ""/faq"", ""/informativa-sulla-privacy"", ""/informazioni-per-pazienti"", ""/informazioni/alloggio"", ""/informazioni/garanzie"", ""/informazioni/listino-prezzi"", ""/informazioni/pagamento-flessibile"", ""/informazioni/prima-visita-gratuita"", ""/informazioni/tempi-del-trattamento"", ""/informazioni/trasporto"", ""/prestazioni-dentali"", ""/prestazioni/corone-faccette-ponti-e-protesi"", ""/prestazioni/premium-ponte-fisso-su-impianti"", ""/prestazioni/protesi-definitiva-ancorata-su-4-impianti"", ""/prestazioni/sbiancamento-dei-denti"", ""/prestazioni/sedazione-cosciente"", ""/su-di-noi/come-raggiungerci"", ""/su-di-noi/i-nostri-specialisti"", ""/su-di-noi/impianti-di-nuova-generazione"", ""/su-di-noi/laboratorio-odontotecnico"", ""/su-di-noi/materiali-e-apparecchiature"", ""/su-di-noi/tutto-in-un-unico-luogo"", ""/testimonianze""]",a-4-n,0,False,0,,0,200,TRANSFORM_ROTATE,,"{""selector"": "".nav-arrow-wrap"", ""selectorGuids"": [""e6e85a02-c3d6-08eb-5df3-a2c1c099f24a""]}",,"{""delay"": 0, ""easing"": """", ""duration"": 200, ""target"": {""selector"": "".nav-arrow-wrap"", ""selectorGuids"": [""e6e85a02-c3d6-08eb-5df3-a2c1c099f24a""]}, ""zValue"": 0, ""xUnit"": ""DEG"", ""yUnit"": ""DEG"", ""zUnit"": ""deg""}","[{""key"": ""main"", ""min"": 992, ""max"": 10000}, {""key"": ""medium"", ""min"": 768, ""max"": 991}, {""key"": ""small"", ""min"": 480, ""max"": 767}, {""key"": ""tiny"", ""min"": 0, ""max"": 479}]","[""raw/published/resources/03c1fa8b77cf-dentvitalis33.schunk.6ecbf8a934abc739.js""]",,,
derived,e-322,Nav Dropdown Opens,MOUSE_CLICK,"[""/"", ""/chi-siamo"", ""/condizioni-di-utilizzo"", ""/contatti"", ""/domande-e-risposte"", ""/faq"", ""/informativa-sulla-privacy"", ""/informazioni-per-pazienti"", ""/informazioni/alloggio"", ""/informazioni/garanzie"", ""/informazioni/listino-prezzi"", ""/informazioni/pagamento-flessibile"", ""/informazioni/prima-visita-gratuita"", ""/informazioni/tempi-del-trattamento"", ""/informazioni/trasporto"", ""/prestazioni-dentali"", ""/prestazioni/corone-faccette-ponti-e-protesi"", ""/prestazioni/premium-ponte-fisso-su-impianti"", ""/prestazioni/protesi-definitiva-ancorata-su-4-impianti"", ""/prestazioni/sbiancamento-dei-denti"", ""/prestazioni/sedazione-cosciente"", ""/su-di-noi/come-raggiungerci"", ""/su-di-noi/i-nostri-specialisti"", ""/su-di-noi/impianti-di-nuova-generazione"", ""/su-di-noi/laboratorio-odontotecnico"", ""/su-di-noi/materiali-e-apparecchiature"", ""/su-di-noi/tutto-in-un-unico-luogo"", ""/testimonianze""]",a-n,0,True,,,0,500,TRANSFORM_ROTATE,CHILDREN,"{""useEventTarget"": ""CHILDREN"", ""selector"": "".nav-dropdown-icon"", ""selectorGuids"": [""e6e85a02-c3d6-08eb-5df3-a2c1c099f20b""]}",,"{""delay"": 0, ""easing"": """", ""duration"": 500, ""target"": {""useEventTarget"": ""CHILDREN"", ""selector"": "".nav-dropdown-icon"", ""selectorGuids"": [""e6e85a02-c3d6-08eb-5df3-a2c1c099f20b""]}, ""zValue"": 0, ""xUnit"": ""DEG"", ""yUnit"": ""DEG"", ""zUnit"": ""deg""}","[{""key"": ""medium"", ""min"": 768, ""max"": 991}, {""key"": ""small"", ""min"": 480, ""max"": 767}, {""key"": ""tiny"", ""min"": 0, ""max"": 479}]","[""raw/published/resources/03c1fa8b77cf-dentvitalis33.schunk.6ecbf8a934abc739.js""]",,,
derived,e-322,Nav Dropdown Opens,MOUSE_CLICK,"[""/"", ""/chi-siamo"", ""/condizioni-di-utilizzo"", ""/contatti"", ""/domande-e-risposte"", ""/faq"", ""/informativa-sulla-privacy"", ""/informazioni-per-pazienti"", ""/informazioni/alloggio"", ""/informazioni/garanzie"", ""/informazioni/listino-prezzi"", ""/informazioni/pagamento-flessibile"", ""/informazioni/prima-visita-gratuita"", ""/informazioni/tempi-del-trattamento"", ""/informazioni/trasporto"", ""/prestazioni-dentali"", ""/prestazioni/corone-faccette-ponti-e-protesi"", ""/prestazioni/premium-ponte-fisso-su-impianti"", ""/prestazioni/protesi-definitiva-ancorata-su-4-impianti"", ""/prestazioni/sbiancamento-dei-denti"", ""/prestazioni/sedazione-cosciente"", ""/su-di-noi/come-raggiungerci"", ""/su-di-noi/i-nostri-specialisti"", ""/su-di-noi/impianti-di-nuova-generazione"", ""/su-di-noi/laboratorio-odontotecnico"", ""/su-di-noi/materiali-e-apparecchiature"", ""/su-di-noi/tutto-in-un-unico-luogo"", ""/testimonianze""]",a-n-2,0,True,,,0,500,STYLE_SIZE,CHILDREN,"{""useEventTarget"": ""CHILDREN"", ""selector"": "".nav-dropdown-list"", ""selectorGuids"": [""e6e85a02-c3d6-08eb-5df3-a2c1c099f23a""]}",,"{""delay"": 0, ""easing"": """", ""duration"": 500, ""target"": {""useEventTarget"": ""CHILDREN"", ""selector"": "".nav-dropdown-list"", ""selectorGuids"": [""e6e85a02-c3d6-08eb-5df3-a2c1c099f23a""]}, ""heightValue"": 0, ""widthUnit"": ""PX"", ""heightUnit"": ""px"", ""locked"": false}","[{""key"": ""medium"", ""min"": 768, ""max"": 991}, {""key"": ""small"", ""min"": 480, ""max"": 767}, {""key"": ""tiny"", ""min"": 0, ""max"": 479}]","[""raw/published/resources/03c1fa8b77cf-dentvitalis33.schunk.6ecbf8a934abc739.js""]",,,
derived,e-322,Nav Dropdown Opens,MOUSE_CLICK,"[""/"", ""/chi-siamo"", ""/condizioni-di-utilizzo"", ""/contatti"", ""/domande-e-risposte"", ""/faq"", ""/informativa-sulla-privacy"", ""/informazioni-per-pazienti"", ""/informazioni/alloggio"", ""/informazioni/garanzie"", ""/informazioni/listino-prezzi"", ""/informazioni/pagamento-flessibile"", ""/informazioni/prima-visita-gratuita"", ""/informazioni/tempi-del-trattamento"", ""/informazioni/trasporto"", ""/prestazioni-dentali"", ""/prestazioni/corone-faccette-ponti-e-protesi"", ""/prestazioni/premium-ponte-fisso-su-impianti"", ""/prestazioni/protesi-definitiva-ancorata-su-4-impianti"", ""/prestazioni/sbiancamento-dei-denti"", ""/prestazioni/sedazione-cosciente"", ""/su-di-noi/come-raggiungerci"", ""/su-di-noi/i-nostri-specialisti"", ""/su-di-noi/impianti-di-nuova-generazione"", ""/su-di-noi/laboratorio-odontotecnico"", ""/su-di-noi/materiali-e-apparecchiature"", ""/su-di-noi/tutto-in-un-unico-luogo"", ""/testimonianze""]",a-n-3,1,False,0,,0,200,TRANSFORM_ROTATE,CHILDREN,"{""useEventTarget"": ""CHILDREN"", ""selector"": "".nav-dropdown-icon"", ""selectorGuids"": [""e6e85a02-c3d6-08eb-5df3-a2c1c099f20b""]}",,"{""delay"": 0, ""easing"": """", ""duration"": 200, ""target"": {""useEventTarget"": ""CHILDREN"", ""selector"": "".nav-dropdown-icon"", ""selectorGuids"": [""e6e85a02-c3d6-08eb-5df3-a2c1c099f20b""]}, ""zValue"": -180, ""xUnit"": ""DEG"", ""yUnit"": ""DEG"", ""zUnit"": ""deg""}","[{""key"": ""medium"", ""min"": 768, ""max"": 991}, {""key"": ""small"", ""min"": 480, ""max"": 767}, {""key"": ""tiny"", ""min"": 0, ""max"": 479}]","[""raw/published/resources/03c1fa8b77cf-dentvitalis33.schunk.6ecbf8a934abc739.js""]",,,
derived,e-322,Nav Dropdown Opens,MOUSE_CLICK,"[""/"", ""/chi-siamo"", ""/condizioni-di-utilizzo"", ""/contatti"", ""/domande-e-risposte"", ""/faq"", ""/informativa-sulla-privacy"", ""/informazioni-per-pazienti"", ""/informazioni/alloggio"", ""/informazioni/garanzie"", ""/informazioni/listino-prezzi"", ""/informazioni/pagamento-flessibile"", ""/informazioni/prima-visita-gratuita"", ""/informazioni/tempi-del-trattamento"", ""/informazioni/trasporto"", ""/prestazioni-dentali"", ""/prestazioni/corone-faccette-ponti-e-protesi"", ""/prestazioni/premium-ponte-fisso-su-impianti"", ""/prestazioni/protesi-definitiva-ancorata-su-4-impianti"", ""/prestazioni/sbiancamento-dei-denti"", ""/prestazioni/sedazione-cosciente"", ""/su-di-noi/come-raggiungerci"", ""/su-di-noi/i-nostri-specialisti"", ""/su-di-noi/impianti-di-nuova-generazione"", ""/su-di-noi/laboratorio-odontotecnico"", ""/su-di-noi/materiali-e-apparecchiature"", ""/su-di-noi/tutto-in-un-unico-luogo"", ""/testimonianze""]",a-n-4,1,False,0,,0,300,STYLE_SIZE,CHILDREN,"{""useEventTarget"": ""CHILDREN"", ""selector"": "".nav-dropdown-list"", ""selectorGuids"": [""e6e85a02-c3d6-08eb-5df3-a2c1c099f23a""]}",,"{""delay"": 0, ""easing"": """", ""duration"": 300, ""target"": {""useEventTarget"": ""CHILDREN"", ""selector"": "".nav-dropdown-list"", ""selectorGuids"": [""e6e85a02-c3d6-08eb-5df3-a2c1c099f23a""]}, ""widthUnit"": ""PX"", ""heightUnit"": ""AUTO"", ""locked"": false}","[{""key"": ""medium"", ""min"": 768, ""max"": 991}, {""key"": ""small"", ""min"": 480, ""max"": 767}, {""key"": ""tiny"", ""min"": 0, ""max"": 479}]","[""raw/published/resources/03c1fa8b77cf-dentvitalis33.schunk.6ecbf8a934abc739.js""]",,,
derived,e-323,Nav Dropdown Closes,MOUSE_SECOND_CLICK,"[""/"", ""/chi-siamo"", ""/condizioni-di-utilizzo"", ""/contatti"", ""/domande-e-risposte"", ""/faq"", ""/informativa-sulla-privacy"", ""/informazioni-per-pazienti"", ""/informazioni/alloggio"", ""/informazioni/garanzie"", ""/informazioni/listino-prezzi"", ""/informazioni/pagamento-flessibile"", ""/informazioni/prima-visita-gratuita"", ""/informazioni/tempi-del-trattamento"", ""/informazioni/trasporto"", ""/prestazioni-dentali"", ""/prestazioni/corone-faccette-ponti-e-protesi"", ""/prestazioni/premium-ponte-fisso-su-impianti"", ""/prestazioni/protesi-definitiva-ancorata-su-4-impianti"", ""/prestazioni/sbiancamento-dei-denti"", ""/prestazioni/sedazione-cosciente"", ""/su-di-noi/come-raggiungerci"", ""/su-di-noi/i-nostri-specialisti"", ""/su-di-noi/impianti-di-nuova-generazione"", ""/su-di-noi/laboratorio-odontotecnico"", ""/su-di-noi/materiali-e-apparecchiature"", ""/su-di-noi/tutto-in-un-unico-luogo"", ""/testimonianze""]",a-2-n,0,False,0,,0,300,STYLE_SIZE,CHILDREN,"{""useEventTarget"": ""CHILDREN"", ""selector"": "".nav-dropdown-list"", ""selectorGuids"": [""e6e85a02-c3d6-08eb-5df3-a2c1c099f23a""]}",,"{""delay"": 0, ""easing"": """", ""duration"": 300, ""target"": {""useEventTarget"": ""CHILDREN"", ""selector"": "".nav-dropdown-list"", ""selectorGuids"": [""e6e85a02-c3d6-08eb-5df3-a2c1c099f23a""]}, ""heightValue"": 0, ""widthUnit"": ""PX"", ""heightUnit"": ""px"", ""locked"": false}","[{""key"": ""medium"", ""min"": 768, ""max"": 991}, {""key"": ""small"", ""min"": 480, ""max"": 767}, {""key"": ""tiny"", ""min"": 0, ""max"": 479}]","[""raw/published/resources/03c1fa8b77cf-dentvitalis33.schunk.6ecbf8a934abc739.js""]",,,
derived,e-323,Nav Dropdown Closes,MOUSE_SECOND_CLICK,"[""/"", ""/chi-siamo"", ""/condizioni-di-utilizzo"", ""/contatti"", ""/domande-e-risposte"", ""/faq"", ""/informativa-sulla-privacy"", ""/informazioni-per-pazienti"", ""/informazioni/alloggio"", ""/informazioni/garanzie"", ""/informazioni/listino-prezzi"", ""/informazioni/pagamento-flessibile"", ""/informazioni/prima-visita-gratuita"", ""/informazioni/tempi-del-trattamento"", ""/informazioni/trasporto"", ""/prestazioni-dentali"", ""/prestazioni/corone-faccette-ponti-e-protesi"", ""/prestazioni/premium-ponte-fisso-su-impianti"", ""/prestazioni/protesi-definitiva-ancorata-su-4-impianti"", ""/prestazioni/sbiancamento-dei-denti"", ""/prestazioni/sedazione-cosciente"", ""/su-di-noi/come-raggiungerci"", ""/su-di-noi/i-nostri-specialisti"", ""/su-di-noi/impianti-di-nuova-generazione"", ""/su-di-noi/laboratorio-odontotecnico"", ""/su-di-noi/materiali-e-apparecchiature"", ""/su-di-noi/tutto-in-un-unico-luogo"", ""/testimonianze""]",a-2-n-2,0,False,0,,0,200,TRANSFORM_ROTATE,CHILDREN,"{""useEventTarget"": ""CHILDREN"", ""selector"": "".nav-dropdown-icon"", ""selectorGuids"": [""e6e85a02-c3d6-08eb-5df3-a2c1c099f20b""]}",,"{""delay"": 0, ""easing"": """", ""duration"": 200, ""target"": {""useEventTarget"": ""CHILDREN"", ""selector"": "".nav-dropdown-icon"", ""selectorGuids"": [""e6e85a02-c3d6-08eb-5df3-a2c1c099f20b""]}, ""zValue"": 0, ""xUnit"": ""DEG"", ""yUnit"": ""DEG"", ""zUnit"": ""deg""}","[{""key"": ""medium"", ""min"": 768, ""max"": 991}, {""key"": ""small"", ""min"": 480, ""max"": 767}, {""key"": ""tiny"", ""min"": 0, ""max"": 479}]","[""raw/published/resources/03c1fa8b77cf-dentvitalis33.schunk.6ecbf8a934abc739.js""]",,,
derived,e-324,Nav Dropdown Opens,MOUSE_OVER,"[""/"", ""/chi-siamo"", ""/condizioni-di-utilizzo"", ""/contatti"", ""/domande-e-risposte"", ""/faq"", ""/informativa-sulla-privacy"", ""/informazioni-per-pazienti"", ""/informazioni/alloggio"", ""/informazioni/garanzie"", ""/informazioni/listino-prezzi"", ""/informazioni/pagamento-flessibile"", ""/informazioni/prima-visita-gratuita"", ""/informazioni/tempi-del-trattamento"", ""/informazioni/trasporto"", ""/prestazioni-dentali"", ""/prestazioni/corone-faccette-ponti-e-protesi"", ""/prestazioni/premium-ponte-fisso-su-impianti"", ""/prestazioni/protesi-definitiva-ancorata-su-4-impianti"", ""/prestazioni/sbiancamento-dei-denti"", ""/prestazioni/sedazione-cosciente"", ""/su-di-noi/come-raggiungerci"", ""/su-di-noi/i-nostri-specialisti"", ""/su-di-noi/impianti-di-nuova-generazione"", ""/su-di-noi/laboratorio-odontotecnico"", ""/su-di-noi/materiali-e-apparecchiature"", ""/su-di-noi/tutto-in-un-unico-luogo"", ""/testimonianze""]",a-n,0,True,,,0,500,TRANSFORM_ROTATE,CHILDREN,"{""useEventTarget"": ""CHILDREN"", ""selector"": "".nav-dropdown-icon"", ""selectorGuids"": [""e6e85a02-c3d6-08eb-5df3-a2c1c099f20b""]}",,"{""delay"": 0, ""easing"": """", ""duration"": 500, ""target"": {""useEventTarget"": ""CHILDREN"", ""selector"": "".nav-dropdown-icon"", ""selectorGuids"": [""e6e85a02-c3d6-08eb-5df3-a2c1c099f20b""]}, ""zValue"": 0, ""xUnit"": ""DEG"", ""yUnit"": ""DEG"", ""zUnit"": ""deg""}","[{""key"": ""main"", ""min"": 992, ""max"": 10000}, {""key"": ""medium"", ""min"": 768, ""max"": 991}, {""key"": ""small"", ""min"": 480, ""max"": 767}, {""key"": ""tiny"", ""min"": 0, ""max"": 479}]","[""raw/published/resources/03c1fa8b77cf-dentvitalis33.schunk.6ecbf8a934abc739.js""]",,,
derived,e-324,Nav Dropdown Opens,MOUSE_OVER,"[""/"", ""/chi-siamo"", ""/condizioni-di-utilizzo"", ""/contatti"", ""/domande-e-risposte"", ""/faq"", ""/informativa-sulla-privacy"", ""/informazioni-per-pazienti"", ""/informazioni/alloggio"", ""/informazioni/garanzie"", ""/informazioni/listino-prezzi"", ""/informazioni/pagamento-flessibile"", ""/informazioni/prima-visita-gratuita"", ""/informazioni/tempi-del-trattamento"", ""/informazioni/trasporto"", ""/prestazioni-dentali"", ""/prestazioni/corone-faccette-ponti-e-protesi"", ""/prestazioni/premium-ponte-fisso-su-impianti"", ""/prestazioni/protesi-definitiva-ancorata-su-4-impianti"", ""/prestazioni/sbiancamento-dei-denti"", ""/prestazioni/sedazione-cosciente"", ""/su-di-noi/come-raggiungerci"", ""/su-di-noi/i-nostri-specialisti"", ""/su-di-noi/impianti-di-nuova-generazione"", ""/su-di-noi/laboratorio-odontotecnico"", ""/su-di-noi/materiali-e-apparecchiature"", ""/su-di-noi/tutto-in-un-unico-luogo"", ""/testimonianze""]",a-n-2,0,True,,,0,500,STYLE_SIZE,CHILDREN,"{""useEventTarget"": ""CHILDREN"", ""selector"": "".nav-dropdown-list"", ""selectorGuids"": [""e6e85a02-c3d6-08eb-5df3-a2c1c099f23a""]}",,"{""delay"": 0, ""easing"": """", ""duration"": 500, ""target"": {""useEventTarget"": ""CHILDREN"", ""selector"": "".nav-dropdown-list"", ""selectorGuids"": [""e6e85a02-c3d6-08eb-5df3-a2c1c099f23a""]}, ""heightValue"": 0, ""widthUnit"": ""PX"", ""heightUnit"": ""px"", ""locked"": false}","[{""key"": ""main"", ""min"": 992, ""max"": 10000}, {""key"": ""medium"", ""min"": 768, ""max"": 991}, {""key"": ""small"", ""min"": 480, ""max"": 767}, {""key"": ""tiny"", ""min"": 0, ""max"": 479}]","[""raw/published/resources/03c1fa8b77cf-dentvitalis33.schunk.6ecbf8a934abc739.js""]",,,
derived,e-324,Nav Dropdown Opens,MOUSE_OVER,"[""/"", ""/chi-siamo"", ""/condizioni-di-utilizzo"", ""/contatti"", ""/domande-e-risposte"", ""/faq"", ""/informativa-sulla-privacy"", ""/informazioni-per-pazienti"", ""/informazioni/alloggio"", ""/informazioni/garanzie"", ""/informazioni/listino-prezzi"", ""/informazioni/pagamento-flessibile"", ""/informazioni/prima-visita-gratuita"", ""/informazioni/tempi-del-trattamento"", ""/informazioni/trasporto"", ""/prestazioni-dentali"", ""/prestazioni/corone-faccette-ponti-e-protesi"", ""/prestazioni/premium-ponte-fisso-su-impianti"", ""/prestazioni/protesi-definitiva-ancorata-su-4-impianti"", ""/prestazioni/sbiancamento-dei-denti"", ""/prestazioni/sedazione-cosciente"", ""/su-di-noi/come-raggiungerci"", ""/su-di-noi/i-nostri-specialisti"", ""/su-di-noi/impianti-di-nuova-generazione"", ""/su-di-noi/laboratorio-odontotecnico"", ""/su-di-noi/materiali-e-apparecchiature"", ""/su-di-noi/tutto-in-un-unico-luogo"", ""/testimonianze""]",a-n-3,1,False,0,,0,200,TRANSFORM_ROTATE,CHILDREN,"{""useEventTarget"": ""CHILDREN"", ""selector"": "".nav-dropdown-icon"", ""selectorGuids"": [""e6e85a02-c3d6-08eb-5df3-a2c1c099f20b""]}",,"{""delay"": 0, ""easing"": """", ""duration"": 200, ""target"": {""useEventTarget"": ""CHILDREN"", ""selector"": "".nav-dropdown-icon"", ""selectorGuids"": [""e6e85a02-c3d6-08eb-5df3-a2c1c099f20b""]}, ""zValue"": -180, ""xUnit"": ""DEG"", ""yUnit"": ""DEG"", ""zUnit"": ""deg""}","[{""key"": ""main"", ""min"": 992, ""max"": 10000}, {""key"": ""medium"", ""min"": 768, ""max"": 991}, {""key"": ""small"", ""min"": 480, ""max"": 767}, {""key"": ""tiny"", ""min"": 0, ""max"": 479}]","[""raw/published/resources/03c1fa8b77cf-dentvitalis33.schunk.6ecbf8a934abc739.js""]",,,
derived,e-324,Nav Dropdown Opens,MOUSE_OVER,"[""/"", ""/chi-siamo"", ""/condizioni-di-utilizzo"", ""/contatti"", ""/domande-e-risposte"", ""/faq"", ""/informativa-sulla-privacy"", ""/informazioni-per-pazienti"", ""/informazioni/alloggio"", ""/informazioni/garanzie"", ""/informazioni/listino-prezzi"", ""/informazioni/pagamento-flessibile"", ""/informazioni/prima-visita-gratuita"", ""/informazioni/tempi-del-trattamento"", ""/informazioni/trasporto"", ""/prestazioni-dentali"", ""/prestazioni/corone-faccette-ponti-e-protesi"", ""/prestazioni/premium-ponte-fisso-su-impianti"", ""/prestazioni/protesi-definitiva-ancorata-su-4-impianti"", ""/prestazioni/sbiancamento-dei-denti"", ""/prestazioni/sedazione-cosciente"", ""/su-di-noi/come-raggiungerci"", ""/su-di-noi/i-nostri-specialisti"", ""/su-di-noi/impianti-di-nuova-generazione"", ""/su-di-noi/laboratorio-odontotecnico"", ""/su-di-noi/materiali-e-apparecchiature"", ""/su-di-noi/tutto-in-un-unico-luogo"", ""/testimonianze""]",a-n-4,1,False,0,,0,300,STYLE_SIZE,CHILDREN,"{""useEventTarget"": ""CHILDREN"", ""selector"": "".nav-dropdown-list"", ""selectorGuids"": [""e6e85a02-c3d6-08eb-5df3-a2c1c099f23a""]}",,"{""delay"": 0, ""easing"": """", ""duration"": 300, ""target"": {""useEventTarget"": ""CHILDREN"", ""selector"": "".nav-dropdown-list"", ""selectorGuids"": [""e6e85a02-c3d6-08eb-5df3-a2c1c099f23a""]}, ""widthUnit"": ""PX"", ""heightUnit"": ""AUTO"", ""locked"": false}","[{""key"": ""main"", ""min"": 992, ""max"": 10000}, {""key"": ""medium"", ""min"": 768, ""max"": 991}, {""key"": ""small"", ""min"": 480, ""max"": 767}, {""key"": ""tiny"", ""min"": 0, ""max"": 479}]","[""raw/published/resources/03c1fa8b77cf-dentvitalis33.schunk.6ecbf8a934abc739.js""]",,,
derived,e-325,Nav Dropdown Hover Out,MOUSE_OUT,"[""/"", ""/chi-siamo"", ""/condizioni-di-utilizzo"", ""/contatti"", ""/domande-e-risposte"", ""/faq"", ""/informativa-sulla-privacy"", ""/informazioni-per-pazienti"", ""/informazioni/alloggio"", ""/informazioni/garanzie"", ""/informazioni/listino-prezzi"", ""/informazioni/pagamento-flessibile"", ""/informazioni/prima-visita-gratuita"", ""/informazioni/tempi-del-trattamento"", ""/informazioni/trasporto"", ""/prestazioni-dentali"", ""/prestazioni/corone-faccette-ponti-e-protesi"", ""/prestazioni/premium-ponte-fisso-su-impianti"", ""/prestazioni/protesi-definitiva-ancorata-su-4-impianti"", ""/prestazioni/sbiancamento-dei-denti"", ""/prestazioni/sedazione-cosciente"", ""/su-di-noi/come-raggiungerci"", ""/su-di-noi/i-nostri-specialisti"", ""/su-di-noi/impianti-di-nuova-generazione"", ""/su-di-noi/laboratorio-odontotecnico"", ""/su-di-noi/materiali-e-apparecchiature"", ""/su-di-noi/tutto-in-un-unico-luogo"", ""/testimonianze""]",a-4-n,0,False,0,,0,200,TRANSFORM_ROTATE,,"{""selector"": "".nav-arrow-wrap"", ""selectorGuids"": [""e6e85a02-c3d6-08eb-5df3-a2c1c099f24a""]}",,"{""delay"": 0, ""easing"": """", ""duration"": 200, ""target"": {""selector"": "".nav-arrow-wrap"", ""selectorGuids"": [""e6e85a02-c3d6-08eb-5df3-a2c1c099f24a""]}, ""zValue"": 0, ""xUnit"": ""DEG"", ""yUnit"": ""DEG"", ""zUnit"": ""deg""}","[{""key"": ""main"", ""min"": 992, ""max"": 10000}, {""key"": ""medium"", ""min"": 768, ""max"": 991}, {""key"": ""small"", ""min"": 480, ""max"": 767}, {""key"": ""tiny"", ""min"": 0, ""max"": 479}]","[""raw/published/resources/03c1fa8b77cf-dentvitalis33.schunk.6ecbf8a934abc739.js""]",,,
derived,e-326,Nav Dropdown Opens,MOUSE_CLICK,"[""/"", ""/chi-siamo"", ""/condizioni-di-utilizzo"", ""/contatti"", ""/domande-e-risposte"", ""/faq"", ""/informativa-sulla-privacy"", ""/informazioni-per-pazienti"", ""/informazioni/alloggio"", ""/informazioni/garanzie"", ""/informazioni/listino-prezzi"", ""/informazioni/pagamento-flessibile"", ""/informazioni/prima-visita-gratuita"", ""/informazioni/tempi-del-trattamento"", ""/informazioni/trasporto"", ""/prestazioni-dentali"", ""/prestazioni/corone-faccette-ponti-e-protesi"", ""/prestazioni/premium-ponte-fisso-su-impianti"", ""/prestazioni/protesi-definitiva-ancorata-su-4-impianti"", ""/prestazioni/sbiancamento-dei-denti"", ""/prestazioni/sedazione-cosciente"", ""/su-di-noi/come-raggiungerci"", ""/su-di-noi/i-nostri-specialisti"", ""/su-di-noi/impianti-di-nuova-generazione"", ""/su-di-noi/laboratorio-odontotecnico"", ""/su-di-noi/materiali-e-apparecchiature"", ""/su-di-noi/tutto-in-un-unico-luogo"", ""/testimonianze""]",a-n,0,True,,,0,500,TRANSFORM_ROTATE,CHILDREN,"{""useEventTarget"": ""CHILDREN"", ""selector"": "".nav-dropdown-icon"", ""selectorGuids"": [""e6e85a02-c3d6-08eb-5df3-a2c1c099f20b""]}",,"{""delay"": 0, ""easing"": """", ""duration"": 500, ""target"": {""useEventTarget"": ""CHILDREN"", ""selector"": "".nav-dropdown-icon"", ""selectorGuids"": [""e6e85a02-c3d6-08eb-5df3-a2c1c099f20b""]}, ""zValue"": 0, ""xUnit"": ""DEG"", ""yUnit"": ""DEG"", ""zUnit"": ""deg""}","[{""key"": ""medium"", ""min"": 768, ""max"": 991}, {""key"": ""small"", ""min"": 480, ""max"": 767}, {""key"": ""tiny"", ""min"": 0, ""max"": 479}]","[""raw/published/resources/03c1fa8b77cf-dentvitalis33.schunk.6ecbf8a934abc739.js""]",,,
derived,e-326,Nav Dropdown Opens,MOUSE_CLICK,"[""/"", ""/chi-siamo"", ""/condizioni-di-utilizzo"", ""/contatti"", ""/domande-e-risposte"", ""/faq"", ""/informativa-sulla-privacy"", ""/informazioni-per-pazienti"", ""/informazioni/alloggio"", ""/informazioni/garanzie"", ""/informazioni/listino-prezzi"", ""/informazioni/pagamento-flessibile"", ""/informazioni/prima-visita-gratuita"", ""/informazioni/tempi-del-trattamento"", ""/informazioni/trasporto"", ""/prestazioni-dentali"", ""/prestazioni/corone-faccette-ponti-e-protesi"", ""/prestazioni/premium-ponte-fisso-su-impianti"", ""/prestazioni/protesi-definitiva-ancorata-su-4-impianti"", ""/prestazioni/sbiancamento-dei-denti"", ""/prestazioni/sedazione-cosciente"", ""/su-di-noi/come-raggiungerci"", ""/su-di-noi/i-nostri-specialisti"", ""/su-di-noi/impianti-di-nuova-generazione"", ""/su-di-noi/laboratorio-odontotecnico"", ""/su-di-noi/materiali-e-apparecchiature"", ""/su-di-noi/tutto-in-un-unico-luogo"", ""/testimonianze""]",a-n-2,0,True,,,0,500,STYLE_SIZE,CHILDREN,"{""useEventTarget"": ""CHILDREN"", ""selector"": "".nav-dropdown-list"", ""selectorGuids"": [""e6e85a02-c3d6-08eb-5df3-a2c1c099f23a""]}",,"{""delay"": 0, ""easing"": """", ""duration"": 500, ""target"": {""useEventTarget"": ""CHILDREN"", ""selector"": "".nav-dropdown-list"", ""selectorGuids"": [""e6e85a02-c3d6-08eb-5df3-a2c1c099f23a""]}, ""heightValue"": 0, ""widthUnit"": ""PX"", ""heightUnit"": ""px"", ""locked"": false}","[{""key"": ""medium"", ""min"": 768, ""max"": 991}, {""key"": ""small"", ""min"": 480, ""max"": 767}, {""key"": ""tiny"", ""min"": 0, ""max"": 479}]","[""raw/published/resources/03c1fa8b77cf-dentvitalis33.schunk.6ecbf8a934abc739.js""]",,,
derived,e-326,Nav Dropdown Opens,MOUSE_CLICK,"[""/"", ""/chi-siamo"", ""/condizioni-di-utilizzo"", ""/contatti"", ""/domande-e-risposte"", ""/faq"", ""/informativa-sulla-privacy"", ""/informazioni-per-pazienti"", ""/informazioni/alloggio"", ""/informazioni/garanzie"", ""/informazioni/listino-prezzi"", ""/informazioni/pagamento-flessibile"", ""/informazioni/prima-visita-gratuita"", ""/informazioni/tempi-del-trattamento"", ""/informazioni/trasporto"", ""/prestazioni-dentali"", ""/prestazioni/corone-faccette-ponti-e-protesi"", ""/prestazioni/premium-ponte-fisso-su-impianti"", ""/prestazioni/protesi-definitiva-ancorata-su-4-impianti"", ""/prestazioni/sbiancamento-dei-denti"", ""/prestazioni/sedazione-cosciente"", ""/su-di-noi/come-raggiungerci"", ""/su-di-noi/i-nostri-specialisti"", ""/su-di-noi/impianti-di-nuova-generazione"", ""/su-di-noi/laboratorio-odontotecnico"", ""/su-di-noi/materiali-e-apparecchiature"", ""/su-di-noi/tutto-in-un-unico-luogo"", ""/testimonianze""]",a-n-3,1,False,0,,0,200,TRANSFORM_ROTATE,CHILDREN,"{""useEventTarget"": ""CHILDREN"", ""selector"": "".nav-dropdown-icon"", ""selectorGuids"": [""e6e85a02-c3d6-08eb-5df3-a2c1c099f20b""]}",,"{""delay"": 0, ""easing"": """", ""duration"": 200, ""target"": {""useEventTarget"": ""CHILDREN"", ""selector"": "".nav-dropdown-icon"", ""selectorGuids"": [""e6e85a02-c3d6-08eb-5df3-a2c1c099f20b""]}, ""zValue"": -180, ""xUnit"": ""DEG"", ""yUnit"": ""DEG"", ""zUnit"": ""deg""}","[{""key"": ""medium"", ""min"": 768, ""max"": 991}, {""key"": ""small"", ""min"": 480, ""max"": 767}, {""key"": ""tiny"", ""min"": 0, ""max"": 479}]","[""raw/published/resources/03c1fa8b77cf-dentvitalis33.schunk.6ecbf8a934abc739.js""]",,,
derived,e-326,Nav Dropdown Opens,MOUSE_CLICK,"[""/"", ""/chi-siamo"", ""/condizioni-di-utilizzo"", ""/contatti"", ""/domande-e-risposte"", ""/faq"", ""/informativa-sulla-privacy"", ""/informazioni-per-pazienti"", ""/informazioni/alloggio"", ""/informazioni/garanzie"", ""/informazioni/listino-prezzi"", ""/informazioni/pagamento-flessibile"", ""/informazioni/prima-visita-gratuita"", ""/informazioni/tempi-del-trattamento"", ""/informazioni/trasporto"", ""/prestazioni-dentali"", ""/prestazioni/corone-faccette-ponti-e-protesi"", ""/prestazioni/premium-ponte-fisso-su-impianti"", ""/prestazioni/protesi-definitiva-ancorata-su-4-impianti"", ""/prestazioni/sbiancamento-dei-denti"", ""/prestazioni/sedazione-cosciente"", ""/su-di-noi/come-raggiungerci"", ""/su-di-noi/i-nostri-specialisti"", ""/su-di-noi/impianti-di-nuova-generazione"", ""/su-di-noi/laboratorio-odontotecnico"", ""/su-di-noi/materiali-e-apparecchiature"", ""/su-di-noi/tutto-in-un-unico-luogo"", ""/testimonianze""]",a-n-4,1,False,0,,0,300,STYLE_SIZE,CHILDREN,"{""useEventTarget"": ""CHILDREN"", ""selector"": "".nav-dropdown-list"", ""selectorGuids"": [""e6e85a02-c3d6-08eb-5df3-a2c1c099f23a""]}",,"{""delay"": 0, ""easing"": """", ""duration"": 300, ""target"": {""useEventTarget"": ""CHILDREN"", ""selector"": "".nav-dropdown-list"", ""selectorGuids"": [""e6e85a02-c3d6-08eb-5df3-a2c1c099f23a""]}, ""widthUnit"": ""PX"", ""heightUnit"": ""AUTO"", ""locked"": false}","[{""key"": ""medium"", ""min"": 768, ""max"": 991}, {""key"": ""small"", ""min"": 480, ""max"": 767}, {""key"": ""tiny"", ""min"": 0, ""max"": 479}]","[""raw/published/resources/03c1fa8b77cf-dentvitalis33.schunk.6ecbf8a934abc739.js""]",,,
derived,e-327,Nav Dropdown Closes,MOUSE_SECOND_CLICK,"[""/"", ""/chi-siamo"", ""/condizioni-di-utilizzo"", ""/contatti"", ""/domande-e-risposte"", ""/faq"", ""/informativa-sulla-privacy"", ""/informazioni-per-pazienti"", ""/informazioni/alloggio"", ""/informazioni/garanzie"", ""/informazioni/listino-prezzi"", ""/informazioni/pagamento-flessibile"", ""/informazioni/prima-visita-gratuita"", ""/informazioni/tempi-del-trattamento"", ""/informazioni/trasporto"", ""/prestazioni-dentali"", ""/prestazioni/corone-faccette-ponti-e-protesi"", ""/prestazioni/premium-ponte-fisso-su-impianti"", ""/prestazioni/protesi-definitiva-ancorata-su-4-impianti"", ""/prestazioni/sbiancamento-dei-denti"", ""/prestazioni/sedazione-cosciente"", ""/su-di-noi/come-raggiungerci"", ""/su-di-noi/i-nostri-specialisti"", ""/su-di-noi/impianti-di-nuova-generazione"", ""/su-di-noi/laboratorio-odontotecnico"", ""/su-di-noi/materiali-e-apparecchiature"", ""/su-di-noi/tutto-in-un-unico-luogo"", ""/testimonianze""]",a-2-n,0,False,0,,0,300,STYLE_SIZE,CHILDREN,"{""useEventTarget"": ""CHILDREN"", ""selector"": "".nav-dropdown-list"", ""selectorGuids"": [""e6e85a02-c3d6-08eb-5df3-a2c1c099f23a""]}",,"{""delay"": 0, ""easing"": """", ""duration"": 300, ""target"": {""useEventTarget"": ""CHILDREN"", ""selector"": "".nav-dropdown-list"", ""selectorGuids"": [""e6e85a02-c3d6-08eb-5df3-a2c1c099f23a""]}, ""heightValue"": 0, ""widthUnit"": ""PX"", ""heightUnit"": ""px"", ""locked"": false}","[{""key"": ""medium"", ""min"": 768, ""max"": 991}, {""key"": ""small"", ""min"": 480, ""max"": 767}, {""key"": ""tiny"", ""min"": 0, ""max"": 479}]","[""raw/published/resources/03c1fa8b77cf-dentvitalis33.schunk.6ecbf8a934abc739.js""]",,,
derived,e-327,Nav Dropdown Closes,MOUSE_SECOND_CLICK,"[""/"", ""/chi-siamo"", ""/condizioni-di-utilizzo"", ""/contatti"", ""/domande-e-risposte"", ""/faq"", ""/informativa-sulla-privacy"", ""/informazioni-per-pazienti"", ""/informazioni/alloggio"", ""/informazioni/garanzie"", ""/informazioni/listino-prezzi"", ""/informazioni/pagamento-flessibile"", ""/informazioni/prima-visita-gratuita"", ""/informazioni/tempi-del-trattamento"", ""/informazioni/trasporto"", ""/prestazioni-dentali"", ""/prestazioni/corone-faccette-ponti-e-protesi"", ""/prestazioni/premium-ponte-fisso-su-impianti"", ""/prestazioni/protesi-definitiva-ancorata-su-4-impianti"", ""/prestazioni/sbiancamento-dei-denti"", ""/prestazioni/sedazione-cosciente"", ""/su-di-noi/come-raggiungerci"", ""/su-di-noi/i-nostri-specialisti"", ""/su-di-noi/impianti-di-nuova-generazione"", ""/su-di-noi/laboratorio-odontotecnico"", ""/su-di-noi/materiali-e-apparecchiature"", ""/su-di-noi/tutto-in-un-unico-luogo"", ""/testimonianze""]",a-2-n-2,0,False,0,,0,200,TRANSFORM_ROTATE,CHILDREN,"{""useEventTarget"": ""CHILDREN"", ""selector"": "".nav-dropdown-icon"", ""selectorGuids"": [""e6e85a02-c3d6-08eb-5df3-a2c1c099f20b""]}",,"{""delay"": 0, ""easing"": """", ""duration"": 200, ""target"": {""useEventTarget"": ""CHILDREN"", ""selector"": "".nav-dropdown-icon"", ""selectorGuids"": [""e6e85a02-c3d6-08eb-5df3-a2c1c099f20b""]}, ""zValue"": 0, ""xUnit"": ""DEG"", ""yUnit"": ""DEG"", ""zUnit"": ""deg""}","[{""key"": ""medium"", ""min"": 768, ""max"": 991}, {""key"": ""small"", ""min"": 480, ""max"": 767}, {""key"": ""tiny"", ""min"": 0, ""max"": 479}]","[""raw/published/resources/03c1fa8b77cf-dentvitalis33.schunk.6ecbf8a934abc739.js""]",,,
derived,e-357,e-357,SCROLL_INTO_VIEW,[],e-357-derived-step-0,0,True,,400,0,0,STYLE_OPACITY,True,"{""id"": ""N/A"", ""appliesTo"": ""TRIGGER_ELEMENT"", ""useEventTarget"": true}",,"{""delay"": 0, ""duration"": 0, ""target"": {""id"": ""N/A"", ""appliesTo"": ""TRIGGER_ELEMENT"", ""useEventTarget"": true}, ""value"": 0}","[{""key"": ""main"", ""min"": 992, ""max"": 10000}, {""key"": ""medium"", ""min"": 768, ""max"": 991}, {""key"": ""small"", ""min"": 480, ""max"": 767}, {""key"": ""tiny"", ""min"": 0, ""max"": 479}]","[""raw/published/resources/03c1fa8b77cf-dentvitalis33.schunk.6ecbf8a934abc739.js""]",,,
derived,e-357,e-357,SCROLL_INTO_VIEW,[],e-357-derived-step-1,1,False,0,400,0,0,TRANSFORM_SCALE,True,"{""id"": ""N/A"", ""appliesTo"": ""TRIGGER_ELEMENT"", ""useEventTarget"": true}",,"{""delay"": 0, ""duration"": 0, ""target"": {""id"": ""N/A"", ""appliesTo"": ""TRIGGER_ELEMENT"", ""useEventTarget"": true}, ""xValue"": 0.7500000000000001, ""yValue"": 0.7500000000000001}","[{""key"": ""main"", ""min"": 992, ""max"": 10000}, {""key"": ""medium"", ""min"": 768, ""max"": 991}, {""key"": ""small"", ""min"": 480, ""max"": 767}, {""key"": ""tiny"", ""min"": 0, ""max"": 479}]","[""raw/published/resources/03c1fa8b77cf-dentvitalis33.schunk.6ecbf8a934abc739.js""]",,,
derived,e-357,e-357,SCROLL_INTO_VIEW,[],e-357-derived-step-2,2,False,0,400,0,1000,TRANSFORM_SCALE,True,"{""id"": ""N/A"", ""appliesTo"": ""TRIGGER_ELEMENT"", ""useEventTarget"": true}",outQuart,"{""delay"": 0, ""easing"": ""outQuart"", ""duration"": 1000, ""target"": {""id"": ""N/A"", ""appliesTo"": ""TRIGGER_ELEMENT"", ""useEventTarget"": true}, ""xValue"": 1, ""yValue"": 1}","[{""key"": ""main"", ""min"": 992, ""max"": 10000}, {""key"": ""medium"", ""min"": 768, ""max"": 991}, {""key"": ""small"", ""min"": 480, ""max"": 767}, {""key"": ""tiny"", ""min"": 0, ""max"": 479}]","[""raw/published/resources/03c1fa8b77cf-dentvitalis33.schunk.6ecbf8a934abc739.js""]",,,
derived,e-357,e-357,SCROLL_INTO_VIEW,[],e-357-derived-step-3,2,False,0,400,0,1000,STYLE_OPACITY,True,"{""id"": ""N/A"", ""appliesTo"": ""TRIGGER_ELEMENT"", ""useEventTarget"": true}",outQuart,"{""delay"": 0, ""easing"": ""outQuart"", ""duration"": 1000, ""target"": {""id"": ""N/A"", ""appliesTo"": ""TRIGGER_ELEMENT"", ""useEventTarget"": true}, ""value"": 1}","[{""key"": ""main"", ""min"": 992, ""max"": 10000}, {""key"": ""medium"", ""min"": 768, ""max"": 991}, {""key"": ""small"", ""min"": 480, ""max"": 767}, {""key"": ""tiny"", ""min"": 0, ""max"": 479}]","[""raw/published/resources/03c1fa8b77cf-dentvitalis33.schunk.6ecbf8a934abc739.js""]",,,
derived,e-359,e-359,SCROLL_INTO_VIEW,[],e-359-derived-step-0,0,True,,600,0,0,STYLE_OPACITY,True,"{""id"": ""N/A"", ""appliesTo"": ""TRIGGER_ELEMENT"", ""useEventTarget"": true}",,"{""delay"": 0, ""duration"": 0, ""target"": {""id"": ""N/A"", ""appliesTo"": ""TRIGGER_ELEMENT"", ""useEventTarget"": true}, ""value"": 0}","[{""key"": ""main"", ""min"": 992, ""max"": 10000}, {""key"": ""medium"", ""min"": 768, ""max"": 991}, {""key"": ""small"", ""min"": 480, ""max"": 767}, {""key"": ""tiny"", ""min"": 0, ""max"": 479}]","[""raw/published/resources/03c1fa8b77cf-dentvitalis33.schunk.6ecbf8a934abc739.js""]",,,
derived,e-359,e-359,SCROLL_INTO_VIEW,[],e-359-derived-step-1,1,False,0,600,0,0,TRANSFORM_SCALE,True,"{""id"": ""N/A"", ""appliesTo"": ""TRIGGER_ELEMENT"", ""useEventTarget"": true}",,"{""delay"": 0, ""duration"": 0, ""target"": {""id"": ""N/A"", ""appliesTo"": ""TRIGGER_ELEMENT"", ""useEventTarget"": true}, ""xValue"": 0.7500000000000001, ""yValue"": 0.7500000000000001}","[{""key"": ""main"", ""min"": 992, ""max"": 10000}, {""key"": ""medium"", ""min"": 768, ""max"": 991}, {""key"": ""small"", ""min"": 480, ""max"": 767}, {""key"": ""tiny"", ""min"": 0, ""max"": 479}]","[""raw/published/resources/03c1fa8b77cf-dentvitalis33.schunk.6ecbf8a934abc739.js""]",,,
derived,e-359,e-359,SCROLL_INTO_VIEW,[],e-359-derived-step-2,2,False,0,600,0,1000,TRANSFORM_SCALE,True,"{""id"": ""N/A"", ""appliesTo"": ""TRIGGER_ELEMENT"", ""useEventTarget"": true}",outQuart,"{""delay"": 0, ""easing"": ""outQuart"", ""duration"": 1000, ""target"": {""id"": ""N/A"", ""appliesTo"": ""TRIGGER_ELEMENT"", ""useEventTarget"": true}, ""xValue"": 1, ""yValue"": 1}","[{""key"": ""main"", ""min"": 992, ""max"": 10000}, {""key"": ""medium"", ""min"": 768, ""max"": 991}, {""key"": ""small"", ""min"": 480, ""max"": 767}, {""key"": ""tiny"", ""min"": 0, ""max"": 479}]","[""raw/published/resources/03c1fa8b77cf-dentvitalis33.schunk.6ecbf8a934abc739.js""]",,,
derived,e-359,e-359,SCROLL_INTO_VIEW,[],e-359-derived-step-3,2,False,0,600,0,1000,STYLE_OPACITY,True,"{""id"": ""N/A"", ""appliesTo"": ""TRIGGER_ELEMENT"", ""useEventTarget"": true}",outQuart,"{""delay"": 0, ""easing"": ""outQuart"", ""duration"": 1000, ""target"": {""id"": ""N/A"", ""appliesTo"": ""TRIGGER_ELEMENT"", ""useEventTarget"": true}, ""value"": 1}","[{""key"": ""main"", ""min"": 992, ""max"": 10000}, {""key"": ""medium"", ""min"": 768, ""max"": 991}, {""key"": ""small"", ""min"": 480, ""max"": 767}, {""key"": ""tiny"", ""min"": 0, ""max"": 479}]","[""raw/published/resources/03c1fa8b77cf-dentvitalis33.schunk.6ecbf8a934abc739.js""]",,,
derived,e-361,e-361,SCROLL_INTO_VIEW,[],e-361-derived-step-0,0,True,,200,0,0,STYLE_OPACITY,True,"{""id"": ""N/A"", ""appliesTo"": ""TRIGGER_ELEMENT"", ""useEventTarget"": true}",,"{""delay"": 0, ""duration"": 0, ""target"": {""id"": ""N/A"", ""appliesTo"": ""TRIGGER_ELEMENT"", ""useEventTarget"": true}, ""value"": 0}","[{""key"": ""main"", ""min"": 992, ""max"": 10000}, {""key"": ""medium"", ""min"": 768, ""max"": 991}, {""key"": ""small"", ""min"": 480, ""max"": 767}, {""key"": ""tiny"", ""min"": 0, ""max"": 479}]","[""raw/published/resources/03c1fa8b77cf-dentvitalis33.schunk.6ecbf8a934abc739.js""]",,,
derived,e-361,e-361,SCROLL_INTO_VIEW,[],e-361-derived-step-1,1,False,0,200,0,1000,STYLE_OPACITY,True,"{""id"": ""N/A"", ""appliesTo"": ""TRIGGER_ELEMENT"", ""useEventTarget"": true}",outQuart,"{""delay"": 0, ""easing"": ""outQuart"", ""duration"": 1000, ""target"": {""id"": ""N/A"", ""appliesTo"": ""TRIGGER_ELEMENT"", ""useEventTarget"": true}, ""value"": 1}","[{""key"": ""main"", ""min"": 992, ""max"": 10000}, {""key"": ""medium"", ""min"": 768, ""max"": 991}, {""key"": ""small"", ""min"": 480, ""max"": 767}, {""key"": ""tiny"", ""min"": 0, ""max"": 479}]","[""raw/published/resources/03c1fa8b77cf-dentvitalis33.schunk.6ecbf8a934abc739.js""]",,,
derived,e-409,e-409,SCROLL_INTO_VIEW,"[""/prestazioni/corone-faccette-ponti-e-protesi"", ""/prestazioni/premium-ponte-fisso-su-impianti"", ""/prestazioni/protesi-definitiva-ancorata-su-4-impianti"", ""/prestazioni/sbiancamento-dei-denti""]",e-409-derived-step-0,0,True,,200,0,0,STYLE_OPACITY,True,"{""id"": ""N/A"", ""appliesTo"": ""TRIGGER_ELEMENT"", ""useEventTarget"": true}",,"{""delay"": 0, ""duration"": 0, ""target"": {""id"": ""N/A"", ""appliesTo"": ""TRIGGER_ELEMENT"", ""useEventTarget"": true}, ""value"": 0}","[{""key"": ""main"", ""min"": 992, ""max"": 10000}, {""key"": ""medium"", ""min"": 768, ""max"": 991}, {""key"": ""small"", ""min"": 480, ""max"": 767}, {""key"": ""tiny"", ""min"": 0, ""max"": 479}]","[""raw/published/resources/03c1fa8b77cf-dentvitalis33.schunk.6ecbf8a934abc739.js""]",,,
derived,e-409,e-409,SCROLL_INTO_VIEW,"[""/prestazioni/corone-faccette-ponti-e-protesi"", ""/prestazioni/premium-ponte-fisso-su-impianti"", ""/prestazioni/protesi-definitiva-ancorata-su-4-impianti"", ""/prestazioni/sbiancamento-dei-denti""]",e-409-derived-step-1,1,False,0,200,0,0,TRANSFORM_MOVE,True,"{""id"": ""N/A"", ""appliesTo"": ""TRIGGER_ELEMENT"", ""useEventTarget"": true}",,"{""delay"": 0, ""duration"": 0, ""target"": {""id"": ""N/A"", ""appliesTo"": ""TRIGGER_ELEMENT"", ""useEventTarget"": true}, ""xValue"": 0, ""yValue"": 100, ""xUnit"": ""PX"", ""yUnit"": ""PX"", ""zUnit"": ""PX""}","[{""key"": ""main"", ""min"": 992, ""max"": 10000}, {""key"": ""medium"", ""min"": 768, ""max"": 991}, {""key"": ""small"", ""min"": 480, ""max"": 767}, {""key"": ""tiny"", ""min"": 0, ""max"": 479}]","[""raw/published/resources/03c1fa8b77cf-dentvitalis33.schunk.6ecbf8a934abc739.js""]",,,
derived,e-409,e-409,SCROLL_INTO_VIEW,"[""/prestazioni/corone-faccette-ponti-e-protesi"", ""/prestazioni/premium-ponte-fisso-su-impianti"", ""/prestazioni/protesi-definitiva-ancorata-su-4-impianti"", ""/prestazioni/sbiancamento-dei-denti""]",e-409-derived-step-2,2,False,0,200,0,1000,TRANSFORM_MOVE,True,"{""id"": ""N/A"", ""appliesTo"": ""TRIGGER_ELEMENT"", ""useEventTarget"": true}",outQuart,"{""delay"": 0, ""easing"": ""outQuart"", ""duration"": 1000, ""target"": {""id"": ""N/A"", ""appliesTo"": ""TRIGGER_ELEMENT"", ""useEventTarget"": true}, ""xValue"": 0, ""yValue"": 0, ""xUnit"": ""PX"", ""yUnit"": ""PX"", ""zUnit"": ""PX""}","[{""key"": ""main"", ""min"": 992, ""max"": 10000}, {""key"": ""medium"", ""min"": 768, ""max"": 991}, {""key"": ""small"", ""min"": 480, ""max"": 767}, {""key"": ""tiny"", ""min"": 0, ""max"": 479}]","[""raw/published/resources/03c1fa8b77cf-dentvitalis33.schunk.6ecbf8a934abc739.js""]",,,
derived,e-409,e-409,SCROLL_INTO_VIEW,"[""/prestazioni/corone-faccette-ponti-e-protesi"", ""/prestazioni/premium-ponte-fisso-su-impianti"", ""/prestazioni/protesi-definitiva-ancorata-su-4-impianti"", ""/prestazioni/sbiancamento-dei-denti""]",e-409-derived-step-3,2,False,0,200,0,1000,STYLE_OPACITY,True,"{""id"": ""N/A"", ""appliesTo"": ""TRIGGER_ELEMENT"", ""useEventTarget"": true}",outQuart,"{""delay"": 0, ""easing"": ""outQuart"", ""duration"": 1000, ""target"": {""id"": ""N/A"", ""appliesTo"": ""TRIGGER_ELEMENT"", ""useEventTarget"": true}, ""value"": 1}","[{""key"": ""main"", ""min"": 992, ""max"": 10000}, {""key"": ""medium"", ""min"": 768, ""max"": 991}, {""key"": ""small"", ""min"": 480, ""max"": 767}, {""key"": ""tiny"", ""min"": 0, ""max"": 479}]","[""raw/published/resources/03c1fa8b77cf-dentvitalis33.schunk.6ecbf8a934abc739.js""]",,,
derived,e-417,e-417,SCROLL_INTO_VIEW,"[""/prestazioni/protesi-definitiva-ancorata-su-4-impianti""]",e-417-derived-step-0,0,True,,1000,0,0,STYLE_OPACITY,True,"{""id"": ""N/A"", ""appliesTo"": ""TRIGGER_ELEMENT"", ""useEventTarget"": true}",,"{""delay"": 0, ""duration"": 0, ""target"": {""id"": ""N/A"", ""appliesTo"": ""TRIGGER_ELEMENT"", ""useEventTarget"": true}, ""value"": 0}","[{""key"": ""main"", ""min"": 992, ""max"": 10000}]","[""raw/published/resources/03c1fa8b77cf-dentvitalis33.schunk.6ecbf8a934abc739.js""]",,,
derived,e-417,e-417,SCROLL_INTO_VIEW,"[""/prestazioni/protesi-definitiva-ancorata-su-4-impianti""]",e-417-derived-step-1,1,False,0,1000,0,0,TRANSFORM_MOVE,True,"{""id"": ""N/A"", ""appliesTo"": ""TRIGGER_ELEMENT"", ""useEventTarget"": true}",,"{""delay"": 0, ""duration"": 0, ""target"": {""id"": ""N/A"", ""appliesTo"": ""TRIGGER_ELEMENT"", ""useEventTarget"": true}, ""xValue"": 0, ""yValue"": 100, ""xUnit"": ""PX"", ""yUnit"": ""PX"", ""zUnit"": ""PX""}","[{""key"": ""main"", ""min"": 992, ""max"": 10000}]","[""raw/published/resources/03c1fa8b77cf-dentvitalis33.schunk.6ecbf8a934abc739.js""]",,,
derived,e-417,e-417,SCROLL_INTO_VIEW,"[""/prestazioni/protesi-definitiva-ancorata-su-4-impianti""]",e-417-derived-step-2,2,False,0,1000,0,1000,TRANSFORM_MOVE,True,"{""id"": ""N/A"", ""appliesTo"": ""TRIGGER_ELEMENT"", ""useEventTarget"": true}",outQuart,"{""delay"": 0, ""easing"": ""outQuart"", ""duration"": 1000, ""target"": {""id"": ""N/A"", ""appliesTo"": ""TRIGGER_ELEMENT"", ""useEventTarget"": true}, ""xValue"": 0, ""yValue"": 0, ""xUnit"": ""PX"", ""yUnit"": ""PX"", ""zUnit"": ""PX""}","[{""key"": ""main"", ""min"": 992, ""max"": 10000}]","[""raw/published/resources/03c1fa8b77cf-dentvitalis33.schunk.6ecbf8a934abc739.js""]",,,
derived,e-417,e-417,SCROLL_INTO_VIEW,"[""/prestazioni/protesi-definitiva-ancorata-su-4-impianti""]",e-417-derived-step-3,2,False,0,1000,0,1000,STYLE_OPACITY,True,"{""id"": ""N/A"", ""appliesTo"": ""TRIGGER_ELEMENT"", ""useEventTarget"": true}",outQuart,"{""delay"": 0, ""easing"": ""outQuart"", ""duration"": 1000, ""target"": {""id"": ""N/A"", ""appliesTo"": ""TRIGGER_ELEMENT"", ""useEventTarget"": true}, ""value"": 1}","[{""key"": ""main"", ""min"": 992, ""max"": 10000}]","[""raw/published/resources/03c1fa8b77cf-dentvitalis33.schunk.6ecbf8a934abc739.js""]",,,
derived,e-421,e-421,SCROLL_INTO_VIEW,"[""/condizioni-di-utilizzo"", ""/domande-e-risposte"", ""/faq"", ""/informativa-sulla-privacy"", ""/informazioni/alloggio"", ""/informazioni/garanzie"", ""/informazioni/listino-prezzi"", ""/informazioni/pagamento-flessibile"", ""/informazioni/prima-visita-gratuita"", ""/informazioni/tempi-del-trattamento"", ""/informazioni/trasporto"", ""/prestazioni/corone-faccette-ponti-e-protesi"", ""/prestazioni/premium-ponte-fisso-su-impianti"", ""/prestazioni/protesi-definitiva-ancorata-su-4-impianti"", ""/prestazioni/sbiancamento-dei-denti"", ""/prestazioni/sedazione-cosciente"", ""/su-di-noi/come-raggiungerci"", ""/su-di-noi/i-nostri-specialisti"", ""/su-di-noi/impianti-di-nuova-generazione"", ""/su-di-noi/laboratorio-odontotecnico"", ""/su-di-noi/materiali-e-apparecchiature"", ""/su-di-noi/tutto-in-un-unico-luogo"", ""/testimonianze""]",e-421-derived-step-0,0,True,,200,0,0,STYLE_OPACITY,True,"{""id"": ""N/A"", ""appliesTo"": ""TRIGGER_ELEMENT"", ""useEventTarget"": true}",,"{""delay"": 0, ""duration"": 0, ""target"": {""id"": ""N/A"", ""appliesTo"": ""TRIGGER_ELEMENT"", ""useEventTarget"": true}, ""value"": 0}","[{""key"": ""main"", ""min"": 992, ""max"": 10000}, {""key"": ""medium"", ""min"": 768, ""max"": 991}, {""key"": ""small"", ""min"": 480, ""max"": 767}, {""key"": ""tiny"", ""min"": 0, ""max"": 479}]","[""raw/published/resources/03c1fa8b77cf-dentvitalis33.schunk.6ecbf8a934abc739.js""]",,,
derived,e-421,e-421,SCROLL_INTO_VIEW,"[""/condizioni-di-utilizzo"", ""/domande-e-risposte"", ""/faq"", ""/informativa-sulla-privacy"", ""/informazioni/alloggio"", ""/informazioni/garanzie"", ""/informazioni/listino-prezzi"", ""/informazioni/pagamento-flessibile"", ""/informazioni/prima-visita-gratuita"", ""/informazioni/tempi-del-trattamento"", ""/informazioni/trasporto"", ""/prestazioni/corone-faccette-ponti-e-protesi"", ""/prestazioni/premium-ponte-fisso-su-impianti"", ""/prestazioni/protesi-definitiva-ancorata-su-4-impianti"", ""/prestazioni/sbiancamento-dei-denti"", ""/prestazioni/sedazione-cosciente"", ""/su-di-noi/come-raggiungerci"", ""/su-di-noi/i-nostri-specialisti"", ""/su-di-noi/impianti-di-nuova-generazione"", ""/su-di-noi/laboratorio-odontotecnico"", ""/su-di-noi/materiali-e-apparecchiature"", ""/su-di-noi/tutto-in-un-unico-luogo"", ""/testimonianze""]",e-421-derived-step-1,1,False,0,200,0,0,TRANSFORM_MOVE,True,"{""id"": ""N/A"", ""appliesTo"": ""TRIGGER_ELEMENT"", ""useEventTarget"": true}",,"{""delay"": 0, ""duration"": 0, ""target"": {""id"": ""N/A"", ""appliesTo"": ""TRIGGER_ELEMENT"", ""useEventTarget"": true}, ""xValue"": 0, ""yValue"": 100, ""xUnit"": ""PX"", ""yUnit"": ""PX"", ""zUnit"": ""PX""}","[{""key"": ""main"", ""min"": 992, ""max"": 10000}, {""key"": ""medium"", ""min"": 768, ""max"": 991}, {""key"": ""small"", ""min"": 480, ""max"": 767}, {""key"": ""tiny"", ""min"": 0, ""max"": 479}]","[""raw/published/resources/03c1fa8b77cf-dentvitalis33.schunk.6ecbf8a934abc739.js""]",,,
derived,e-421,e-421,SCROLL_INTO_VIEW,"[""/condizioni-di-utilizzo"", ""/domande-e-risposte"", ""/faq"", ""/informativa-sulla-privacy"", ""/informazioni/alloggio"", ""/informazioni/garanzie"", ""/informazioni/listino-prezzi"", ""/informazioni/pagamento-flessibile"", ""/informazioni/prima-visita-gratuita"", ""/informazioni/tempi-del-trattamento"", ""/informazioni/trasporto"", ""/prestazioni/corone-faccette-ponti-e-protesi"", ""/prestazioni/premium-ponte-fisso-su-impianti"", ""/prestazioni/protesi-definitiva-ancorata-su-4-impianti"", ""/prestazioni/sbiancamento-dei-denti"", ""/prestazioni/sedazione-cosciente"", ""/su-di-noi/come-raggiungerci"", ""/su-di-noi/i-nostri-specialisti"", ""/su-di-noi/impianti-di-nuova-generazione"", ""/su-di-noi/laboratorio-odontotecnico"", ""/su-di-noi/materiali-e-apparecchiature"", ""/su-di-noi/tutto-in-un-unico-luogo"", ""/testimonianze""]",e-421-derived-step-2,2,False,0,200,0,1000,TRANSFORM_MOVE,True,"{""id"": ""N/A"", ""appliesTo"": ""TRIGGER_ELEMENT"", ""useEventTarget"": true}",outQuart,"{""delay"": 0, ""easing"": ""outQuart"", ""duration"": 1000, ""target"": {""id"": ""N/A"", ""appliesTo"": ""TRIGGER_ELEMENT"", ""useEventTarget"": true}, ""xValue"": 0, ""yValue"": 0, ""xUnit"": ""PX"", ""yUnit"": ""PX"", ""zUnit"": ""PX""}","[{""key"": ""main"", ""min"": 992, ""max"": 10000}, {""key"": ""medium"", ""min"": 768, ""max"": 991}, {""key"": ""small"", ""min"": 480, ""max"": 767}, {""key"": ""tiny"", ""min"": 0, ""max"": 479}]","[""raw/published/resources/03c1fa8b77cf-dentvitalis33.schunk.6ecbf8a934abc739.js""]",,,
derived,e-421,e-421,SCROLL_INTO_VIEW,"[""/condizioni-di-utilizzo"", ""/domande-e-risposte"", ""/faq"", ""/informativa-sulla-privacy"", ""/informazioni/alloggio"", ""/informazioni/garanzie"", ""/informazioni/listino-prezzi"", ""/informazioni/pagamento-flessibile"", ""/informazioni/prima-visita-gratuita"", ""/informazioni/tempi-del-trattamento"", ""/informazioni/trasporto"", ""/prestazioni/corone-faccette-ponti-e-protesi"", ""/prestazioni/premium-ponte-fisso-su-impianti"", ""/prestazioni/protesi-definitiva-ancorata-su-4-impianti"", ""/prestazioni/sbiancamento-dei-denti"", ""/prestazioni/sedazione-cosciente"", ""/su-di-noi/come-raggiungerci"", ""/su-di-noi/i-nostri-specialisti"", ""/su-di-noi/impianti-di-nuova-generazione"", ""/su-di-noi/laboratorio-odontotecnico"", ""/su-di-noi/materiali-e-apparecchiature"", ""/su-di-noi/tutto-in-un-unico-luogo"", ""/testimonianze""]",e-421-derived-step-3,2,False,0,200,0,1000,STYLE_OPACITY,True,"{""id"": ""N/A"", ""appliesTo"": ""TRIGGER_ELEMENT"", ""useEventTarget"": true}",outQuart,"{""delay"": 0, ""easing"": ""outQuart"", ""duration"": 1000, ""target"": {""id"": ""N/A"", ""appliesTo"": ""TRIGGER_ELEMENT"", ""useEventTarget"": true}, ""value"": 1}","[{""key"": ""main"", ""min"": 992, ""max"": 10000}, {""key"": ""medium"", ""min"": 768, ""max"": 991}, {""key"": ""small"", ""min"": 480, ""max"": 767}, {""key"": ""tiny"", ""min"": 0, ""max"": 479}]","[""raw/published/resources/03c1fa8b77cf-dentvitalis33.schunk.6ecbf8a934abc739.js""]",,,
derived,e-425,e-425,SCROLL_INTO_VIEW,"[""/prestazioni/corone-faccette-ponti-e-protesi"", ""/prestazioni/premium-ponte-fisso-su-impianti"", ""/prestazioni/protesi-definitiva-ancorata-su-4-impianti"", ""/prestazioni/sbiancamento-dei-denti""]",e-425-derived-step-0,0,True,,200,0,0,STYLE_OPACITY,True,"{""id"": ""N/A"", ""appliesTo"": ""TRIGGER_ELEMENT"", ""useEventTarget"": true}",,"{""delay"": 0, ""duration"": 0, ""target"": {""id"": ""N/A"", ""appliesTo"": ""TRIGGER_ELEMENT"", ""useEventTarget"": true}, ""value"": 0}","[{""key"": ""medium"", ""min"": 768, ""max"": 991}, {""key"": ""small"", ""min"": 480, ""max"": 767}, {""key"": ""tiny"", ""min"": 0, ""max"": 479}]","[""raw/published/resources/03c1fa8b77cf-dentvitalis33.schunk.6ecbf8a934abc739.js""]",,,
derived,e-425,e-425,SCROLL_INTO_VIEW,"[""/prestazioni/corone-faccette-ponti-e-protesi"", ""/prestazioni/premium-ponte-fisso-su-impianti"", ""/prestazioni/protesi-definitiva-ancorata-su-4-impianti"", ""/prestazioni/sbiancamento-dei-denti""]",e-425-derived-step-1,1,False,0,200,0,0,TRANSFORM_MOVE,True,"{""id"": ""N/A"", ""appliesTo"": ""TRIGGER_ELEMENT"", ""useEventTarget"": true}",,"{""delay"": 0, ""duration"": 0, ""target"": {""id"": ""N/A"", ""appliesTo"": ""TRIGGER_ELEMENT"", ""useEventTarget"": true}, ""xValue"": 0, ""yValue"": 100, ""xUnit"": ""PX"", ""yUnit"": ""PX"", ""zUnit"": ""PX""}","[{""key"": ""medium"", ""min"": 768, ""max"": 991}, {""key"": ""small"", ""min"": 480, ""max"": 767}, {""key"": ""tiny"", ""min"": 0, ""max"": 479}]","[""raw/published/resources/03c1fa8b77cf-dentvitalis33.schunk.6ecbf8a934abc739.js""]",,,
derived,e-425,e-425,SCROLL_INTO_VIEW,"[""/prestazioni/corone-faccette-ponti-e-protesi"", ""/prestazioni/premium-ponte-fisso-su-impianti"", ""/prestazioni/protesi-definitiva-ancorata-su-4-impianti"", ""/prestazioni/sbiancamento-dei-denti""]",e-425-derived-step-2,2,False,0,200,0,1000,TRANSFORM_MOVE,True,"{""id"": ""N/A"", ""appliesTo"": ""TRIGGER_ELEMENT"", ""useEventTarget"": true}",outQuart,"{""delay"": 0, ""easing"": ""outQuart"", ""duration"": 1000, ""target"": {""id"": ""N/A"", ""appliesTo"": ""TRIGGER_ELEMENT"", ""useEventTarget"": true}, ""xValue"": 0, ""yValue"": 0, ""xUnit"": ""PX"", ""yUnit"": ""PX"", ""zUnit"": ""PX""}","[{""key"": ""medium"", ""min"": 768, ""max"": 991}, {""key"": ""small"", ""min"": 480, ""max"": 767}, {""key"": ""tiny"", ""min"": 0, ""max"": 479}]","[""raw/published/resources/03c1fa8b77cf-dentvitalis33.schunk.6ecbf8a934abc739.js""]",,,
derived,e-425,e-425,SCROLL_INTO_VIEW,"[""/prestazioni/corone-faccette-ponti-e-protesi"", ""/prestazioni/premium-ponte-fisso-su-impianti"", ""/prestazioni/protesi-definitiva-ancorata-su-4-impianti"", ""/prestazioni/sbiancamento-dei-denti""]",e-425-derived-step-3,2,False,0,200,0,1000,STYLE_OPACITY,True,"{""id"": ""N/A"", ""appliesTo"": ""TRIGGER_ELEMENT"", ""useEventTarget"": true}",outQuart,"{""delay"": 0, ""easing"": ""outQuart"", ""duration"": 1000, ""target"": {""id"": ""N/A"", ""appliesTo"": ""TRIGGER_ELEMENT"", ""useEventTarget"": true}, ""value"": 1}","[{""key"": ""medium"", ""min"": 768, ""max"": 991}, {""key"": ""small"", ""min"": 480, ""max"": 767}, {""key"": ""tiny"", ""min"": 0, ""max"": 479}]","[""raw/published/resources/03c1fa8b77cf-dentvitalis33.schunk.6ecbf8a934abc739.js""]",,,
derived,e-446,e-446,SCROLL_INTO_VIEW,[],e-446-derived-step-0,0,True,,400,0,0,STYLE_OPACITY,True,"{""id"": ""N/A"", ""appliesTo"": ""TRIGGER_ELEMENT"", ""useEventTarget"": true}",,"{""delay"": 0, ""duration"": 0, ""target"": {""id"": ""N/A"", ""appliesTo"": ""TRIGGER_ELEMENT"", ""useEventTarget"": true}, ""value"": 0}","[{""key"": ""main"", ""min"": 992, ""max"": 10000}, {""key"": ""medium"", ""min"": 768, ""max"": 991}, {""key"": ""small"", ""min"": 480, ""max"": 767}, {""key"": ""tiny"", ""min"": 0, ""max"": 479}]","[""raw/published/resources/03c1fa8b77cf-dentvitalis33.schunk.6ecbf8a934abc739.js""]",,,
derived,e-446,e-446,SCROLL_INTO_VIEW,[],e-446-derived-step-1,1,False,0,400,0,0,TRANSFORM_SCALE,True,"{""id"": ""N/A"", ""appliesTo"": ""TRIGGER_ELEMENT"", ""useEventTarget"": true}",,"{""delay"": 0, ""duration"": 0, ""target"": {""id"": ""N/A"", ""appliesTo"": ""TRIGGER_ELEMENT"", ""useEventTarget"": true}, ""xValue"": 0.7500000000000001, ""yValue"": 0.7500000000000001}","[{""key"": ""main"", ""min"": 992, ""max"": 10000}, {""key"": ""medium"", ""min"": 768, ""max"": 991}, {""key"": ""small"", ""min"": 480, ""max"": 767}, {""key"": ""tiny"", ""min"": 0, ""max"": 479}]","[""raw/published/resources/03c1fa8b77cf-dentvitalis33.schunk.6ecbf8a934abc739.js""]",,,
derived,e-446,e-446,SCROLL_INTO_VIEW,[],e-446-derived-step-2,2,False,0,400,0,1000,TRANSFORM_SCALE,True,"{""id"": ""N/A"", ""appliesTo"": ""TRIGGER_ELEMENT"", ""useEventTarget"": true}",outQuart,"{""delay"": 0, ""easing"": ""outQuart"", ""duration"": 1000, ""target"": {""id"": ""N/A"", ""appliesTo"": ""TRIGGER_ELEMENT"", ""useEventTarget"": true}, ""xValue"": 1, ""yValue"": 1}","[{""key"": ""main"", ""min"": 992, ""max"": 10000}, {""key"": ""medium"", ""min"": 768, ""max"": 991}, {""key"": ""small"", ""min"": 480, ""max"": 767}, {""key"": ""tiny"", ""min"": 0, ""max"": 479}]","[""raw/published/resources/03c1fa8b77cf-dentvitalis33.schunk.6ecbf8a934abc739.js""]",,,
derived,e-446,e-446,SCROLL_INTO_VIEW,[],e-446-derived-step-3,2,False,0,400,0,1000,STYLE_OPACITY,True,"{""id"": ""N/A"", ""appliesTo"": ""TRIGGER_ELEMENT"", ""useEventTarget"": true}",outQuart,"{""delay"": 0, ""easing"": ""outQuart"", ""duration"": 1000, ""target"": {""id"": ""N/A"", ""appliesTo"": ""TRIGGER_ELEMENT"", ""useEventTarget"": true}, ""value"": 1}","[{""key"": ""main"", ""min"": 992, ""max"": 10000}, {""key"": ""medium"", ""min"": 768, ""max"": 991}, {""key"": ""small"", ""min"": 480, ""max"": 767}, {""key"": ""tiny"", ""min"": 0, ""max"": 479}]","[""raw/published/resources/03c1fa8b77cf-dentvitalis33.schunk.6ecbf8a934abc739.js""]",,,
derived,e-448,e-448,SCROLL_INTO_VIEW,[],e-448-derived-step-0,0,True,,600,0,0,STYLE_OPACITY,True,"{""id"": ""N/A"", ""appliesTo"": ""TRIGGER_ELEMENT"", ""useEventTarget"": true}",,"{""delay"": 0, ""duration"": 0, ""target"": {""id"": ""N/A"", ""appliesTo"": ""TRIGGER_ELEMENT"", ""useEventTarget"": true}, ""value"": 0}","[{""key"": ""main"", ""min"": 992, ""max"": 10000}, {""key"": ""medium"", ""min"": 768, ""max"": 991}, {""key"": ""small"", ""min"": 480, ""max"": 767}, {""key"": ""tiny"", ""min"": 0, ""max"": 479}]","[""raw/published/resources/03c1fa8b77cf-dentvitalis33.schunk.6ecbf8a934abc739.js""]",,,
derived,e-448,e-448,SCROLL_INTO_VIEW,[],e-448-derived-step-1,1,False,0,600,0,0,TRANSFORM_SCALE,True,"{""id"": ""N/A"", ""appliesTo"": ""TRIGGER_ELEMENT"", ""useEventTarget"": true}",,"{""delay"": 0, ""duration"": 0, ""target"": {""id"": ""N/A"", ""appliesTo"": ""TRIGGER_ELEMENT"", ""useEventTarget"": true}, ""xValue"": 0.7500000000000001, ""yValue"": 0.7500000000000001}","[{""key"": ""main"", ""min"": 992, ""max"": 10000}, {""key"": ""medium"", ""min"": 768, ""max"": 991}, {""key"": ""small"", ""min"": 480, ""max"": 767}, {""key"": ""tiny"", ""min"": 0, ""max"": 479}]","[""raw/published/resources/03c1fa8b77cf-dentvitalis33.schunk.6ecbf8a934abc739.js""]",,,
derived,e-448,e-448,SCROLL_INTO_VIEW,[],e-448-derived-step-2,2,False,0,600,0,1000,TRANSFORM_SCALE,True,"{""id"": ""N/A"", ""appliesTo"": ""TRIGGER_ELEMENT"", ""useEventTarget"": true}",outQuart,"{""delay"": 0, ""easing"": ""outQuart"", ""duration"": 1000, ""target"": {""id"": ""N/A"", ""appliesTo"": ""TRIGGER_ELEMENT"", ""useEventTarget"": true}, ""xValue"": 1, ""yValue"": 1}","[{""key"": ""main"", ""min"": 992, ""max"": 10000}, {""key"": ""medium"", ""min"": 768, ""max"": 991}, {""key"": ""small"", ""min"": 480, ""max"": 767}, {""key"": ""tiny"", ""min"": 0, ""max"": 479}]","[""raw/published/resources/03c1fa8b77cf-dentvitalis33.schunk.6ecbf8a934abc739.js""]",,,
derived,e-448,e-448,SCROLL_INTO_VIEW,[],e-448-derived-step-3,2,False,0,600,0,1000,STYLE_OPACITY,True,"{""id"": ""N/A"", ""appliesTo"": ""TRIGGER_ELEMENT"", ""useEventTarget"": true}",outQuart,"{""delay"": 0, ""easing"": ""outQuart"", ""duration"": 1000, ""target"": {""id"": ""N/A"", ""appliesTo"": ""TRIGGER_ELEMENT"", ""useEventTarget"": true}, ""value"": 1}","[{""key"": ""main"", ""min"": 992, ""max"": 10000}, {""key"": ""medium"", ""min"": 768, ""max"": 991}, {""key"": ""small"", ""min"": 480, ""max"": 767}, {""key"": ""tiny"", ""min"": 0, ""max"": 479}]","[""raw/published/resources/03c1fa8b77cf-dentvitalis33.schunk.6ecbf8a934abc739.js""]",,,
derived,e-450,e-450,SCROLL_INTO_VIEW,[],e-450-derived-step-0,0,True,,200,0,0,STYLE_OPACITY,True,"{""id"": ""N/A"", ""appliesTo"": ""TRIGGER_ELEMENT"", ""useEventTarget"": true}",,"{""delay"": 0, ""duration"": 0, ""target"": {""id"": ""N/A"", ""appliesTo"": ""TRIGGER_ELEMENT"", ""useEventTarget"": true}, ""value"": 0}","[{""key"": ""main"", ""min"": 992, ""max"": 10000}, {""key"": ""medium"", ""min"": 768, ""max"": 991}, {""key"": ""small"", ""min"": 480, ""max"": 767}, {""key"": ""tiny"", ""min"": 0, ""max"": 479}]","[""raw/published/resources/03c1fa8b77cf-dentvitalis33.schunk.6ecbf8a934abc739.js""]",,,
derived,e-450,e-450,SCROLL_INTO_VIEW,[],e-450-derived-step-1,1,False,0,200,0,1000,STYLE_OPACITY,True,"{""id"": ""N/A"", ""appliesTo"": ""TRIGGER_ELEMENT"", ""useEventTarget"": true}",outQuart,"{""delay"": 0, ""easing"": ""outQuart"", ""duration"": 1000, ""target"": {""id"": ""N/A"", ""appliesTo"": ""TRIGGER_ELEMENT"", ""useEventTarget"": true}, ""value"": 1}","[{""key"": ""main"", ""min"": 992, ""max"": 10000}, {""key"": ""medium"", ""min"": 768, ""max"": 991}, {""key"": ""small"", ""min"": 480, ""max"": 767}, {""key"": ""tiny"", ""min"": 0, ""max"": 479}]","[""raw/published/resources/03c1fa8b77cf-dentvitalis33.schunk.6ecbf8a934abc739.js""]",,,
derived,e-500,e-500,SCROLL_INTO_VIEW,"[""/prestazioni/premium-ponte-fisso-su-impianti""]",e-500-derived-step-0,0,True,,1000,0,0,STYLE_OPACITY,True,"{""id"": ""N/A"", ""appliesTo"": ""TRIGGER_ELEMENT"", ""useEventTarget"": true}",,"{""delay"": 0, ""duration"": 0, ""target"": {""id"": ""N/A"", ""appliesTo"": ""TRIGGER_ELEMENT"", ""useEventTarget"": true}, ""value"": 0}","[{""key"": ""main"", ""min"": 992, ""max"": 10000}]","[""raw/published/resources/03c1fa8b77cf-dentvitalis33.schunk.6ecbf8a934abc739.js""]",,,
derived,e-500,e-500,SCROLL_INTO_VIEW,"[""/prestazioni/premium-ponte-fisso-su-impianti""]",e-500-derived-step-1,1,False,0,1000,0,0,TRANSFORM_MOVE,True,"{""id"": ""N/A"", ""appliesTo"": ""TRIGGER_ELEMENT"", ""useEventTarget"": true}",,"{""delay"": 0, ""duration"": 0, ""target"": {""id"": ""N/A"", ""appliesTo"": ""TRIGGER_ELEMENT"", ""useEventTarget"": true}, ""xValue"": 0, ""yValue"": 100, ""xUnit"": ""PX"", ""yUnit"": ""PX"", ""zUnit"": ""PX""}","[{""key"": ""main"", ""min"": 992, ""max"": 10000}]","[""raw/published/resources/03c1fa8b77cf-dentvitalis33.schunk.6ecbf8a934abc739.js""]",,,
derived,e-500,e-500,SCROLL_INTO_VIEW,"[""/prestazioni/premium-ponte-fisso-su-impianti""]",e-500-derived-step-2,2,False,0,1000,0,1000,TRANSFORM_MOVE,True,"{""id"": ""N/A"", ""appliesTo"": ""TRIGGER_ELEMENT"", ""useEventTarget"": true}",outQuart,"{""delay"": 0, ""easing"": ""outQuart"", ""duration"": 1000, ""target"": {""id"": ""N/A"", ""appliesTo"": ""TRIGGER_ELEMENT"", ""useEventTarget"": true}, ""xValue"": 0, ""yValue"": 0, ""xUnit"": ""PX"", ""yUnit"": ""PX"", ""zUnit"": ""PX""}","[{""key"": ""main"", ""min"": 992, ""max"": 10000}]","[""raw/published/resources/03c1fa8b77cf-dentvitalis33.schunk.6ecbf8a934abc739.js""]",,,
derived,e-500,e-500,SCROLL_INTO_VIEW,"[""/prestazioni/premium-ponte-fisso-su-impianti""]",e-500-derived-step-3,2,False,0,1000,0,1000,STYLE_OPACITY,True,"{""id"": ""N/A"", ""appliesTo"": ""TRIGGER_ELEMENT"", ""useEventTarget"": true}",outQuart,"{""delay"": 0, ""easing"": ""outQuart"", ""duration"": 1000, ""target"": {""id"": ""N/A"", ""appliesTo"": ""TRIGGER_ELEMENT"", ""useEventTarget"": true}, ""value"": 1}","[{""key"": ""main"", ""min"": 992, ""max"": 10000}]","[""raw/published/resources/03c1fa8b77cf-dentvitalis33.schunk.6ecbf8a934abc739.js""]",,,
derived,e-521,e-521,SCROLL_INTO_VIEW,[],e-521-derived-step-0,0,True,,400,0,0,STYLE_OPACITY,True,"{""id"": ""N/A"", ""appliesTo"": ""TRIGGER_ELEMENT"", ""useEventTarget"": true}",,"{""delay"": 0, ""duration"": 0, ""target"": {""id"": ""N/A"", ""appliesTo"": ""TRIGGER_ELEMENT"", ""useEventTarget"": true}, ""value"": 0}","[{""key"": ""main"", ""min"": 992, ""max"": 10000}, {""key"": ""medium"", ""min"": 768, ""max"": 991}, {""key"": ""small"", ""min"": 480, ""max"": 767}, {""key"": ""tiny"", ""min"": 0, ""max"": 479}]","[""raw/published/resources/03c1fa8b77cf-dentvitalis33.schunk.6ecbf8a934abc739.js""]",,,
derived,e-521,e-521,SCROLL_INTO_VIEW,[],e-521-derived-step-1,1,False,0,400,0,0,TRANSFORM_SCALE,True,"{""id"": ""N/A"", ""appliesTo"": ""TRIGGER_ELEMENT"", ""useEventTarget"": true}",,"{""delay"": 0, ""duration"": 0, ""target"": {""id"": ""N/A"", ""appliesTo"": ""TRIGGER_ELEMENT"", ""useEventTarget"": true}, ""xValue"": 0.7500000000000001, ""yValue"": 0.7500000000000001}","[{""key"": ""main"", ""min"": 992, ""max"": 10000}, {""key"": ""medium"", ""min"": 768, ""max"": 991}, {""key"": ""small"", ""min"": 480, ""max"": 767}, {""key"": ""tiny"", ""min"": 0, ""max"": 479}]","[""raw/published/resources/03c1fa8b77cf-dentvitalis33.schunk.6ecbf8a934abc739.js""]",,,
derived,e-521,e-521,SCROLL_INTO_VIEW,[],e-521-derived-step-2,2,False,0,400,0,1000,TRANSFORM_SCALE,True,"{""id"": ""N/A"", ""appliesTo"": ""TRIGGER_ELEMENT"", ""useEventTarget"": true}",outQuart,"{""delay"": 0, ""easing"": ""outQuart"", ""duration"": 1000, ""target"": {""id"": ""N/A"", ""appliesTo"": ""TRIGGER_ELEMENT"", ""useEventTarget"": true}, ""xValue"": 1, ""yValue"": 1}","[{""key"": ""main"", ""min"": 992, ""max"": 10000}, {""key"": ""medium"", ""min"": 768, ""max"": 991}, {""key"": ""small"", ""min"": 480, ""max"": 767}, {""key"": ""tiny"", ""min"": 0, ""max"": 479}]","[""raw/published/resources/03c1fa8b77cf-dentvitalis33.schunk.6ecbf8a934abc739.js""]",,,
derived,e-521,e-521,SCROLL_INTO_VIEW,[],e-521-derived-step-3,2,False,0,400,0,1000,STYLE_OPACITY,True,"{""id"": ""N/A"", ""appliesTo"": ""TRIGGER_ELEMENT"", ""useEventTarget"": true}",outQuart,"{""delay"": 0, ""easing"": ""outQuart"", ""duration"": 1000, ""target"": {""id"": ""N/A"", ""appliesTo"": ""TRIGGER_ELEMENT"", ""useEventTarget"": true}, ""value"": 1}","[{""key"": ""main"", ""min"": 992, ""max"": 10000}, {""key"": ""medium"", ""min"": 768, ""max"": 991}, {""key"": ""small"", ""min"": 480, ""max"": 767}, {""key"": ""tiny"", ""min"": 0, ""max"": 479}]","[""raw/published/resources/03c1fa8b77cf-dentvitalis33.schunk.6ecbf8a934abc739.js""]",,,
derived,e-523,e-523,SCROLL_INTO_VIEW,[],e-523-derived-step-0,0,True,,600,0,0,STYLE_OPACITY,True,"{""id"": ""N/A"", ""appliesTo"": ""TRIGGER_ELEMENT"", ""useEventTarget"": true}",,"{""delay"": 0, ""duration"": 0, ""target"": {""id"": ""N/A"", ""appliesTo"": ""TRIGGER_ELEMENT"", ""useEventTarget"": true}, ""value"": 0}","[{""key"": ""main"", ""min"": 992, ""max"": 10000}, {""key"": ""medium"", ""min"": 768, ""max"": 991}, {""key"": ""small"", ""min"": 480, ""max"": 767}, {""key"": ""tiny"", ""min"": 0, ""max"": 479}]","[""raw/published/resources/03c1fa8b77cf-dentvitalis33.schunk.6ecbf8a934abc739.js""]",,,
derived,e-523,e-523,SCROLL_INTO_VIEW,[],e-523-derived-step-1,1,False,0,600,0,0,TRANSFORM_SCALE,True,"{""id"": ""N/A"", ""appliesTo"": ""TRIGGER_ELEMENT"", ""useEventTarget"": true}",,"{""delay"": 0, ""duration"": 0, ""target"": {""id"": ""N/A"", ""appliesTo"": ""TRIGGER_ELEMENT"", ""useEventTarget"": true}, ""xValue"": 0.7500000000000001, ""yValue"": 0.7500000000000001}","[{""key"": ""main"", ""min"": 992, ""max"": 10000}, {""key"": ""medium"", ""min"": 768, ""max"": 991}, {""key"": ""small"", ""min"": 480, ""max"": 767}, {""key"": ""tiny"", ""min"": 0, ""max"": 479}]","[""raw/published/resources/03c1fa8b77cf-dentvitalis33.schunk.6ecbf8a934abc739.js""]",,,
derived,e-523,e-523,SCROLL_INTO_VIEW,[],e-523-derived-step-2,2,False,0,600,0,1000,TRANSFORM_SCALE,True,"{""id"": ""N/A"", ""appliesTo"": ""TRIGGER_ELEMENT"", ""useEventTarget"": true}",outQuart,"{""delay"": 0, ""easing"": ""outQuart"", ""duration"": 1000, ""target"": {""id"": ""N/A"", ""appliesTo"": ""TRIGGER_ELEMENT"", ""useEventTarget"": true}, ""xValue"": 1, ""yValue"": 1}","[{""key"": ""main"", ""min"": 992, ""max"": 10000}, {""key"": ""medium"", ""min"": 768, ""max"": 991}, {""key"": ""small"", ""min"": 480, ""max"": 767}, {""key"": ""tiny"", ""min"": 0, ""max"": 479}]","[""raw/published/resources/03c1fa8b77cf-dentvitalis33.schunk.6ecbf8a934abc739.js""]",,,
derived,e-523,e-523,SCROLL_INTO_VIEW,[],e-523-derived-step-3,2,False,0,600,0,1000,STYLE_OPACITY,True,"{""id"": ""N/A"", ""appliesTo"": ""TRIGGER_ELEMENT"", ""useEventTarget"": true}",outQuart,"{""delay"": 0, ""easing"": ""outQuart"", ""duration"": 1000, ""target"": {""id"": ""N/A"", ""appliesTo"": ""TRIGGER_ELEMENT"", ""useEventTarget"": true}, ""value"": 1}","[{""key"": ""main"", ""min"": 992, ""max"": 10000}, {""key"": ""medium"", ""min"": 768, ""max"": 991}, {""key"": ""small"", ""min"": 480, ""max"": 767}, {""key"": ""tiny"", ""min"": 0, ""max"": 479}]","[""raw/published/resources/03c1fa8b77cf-dentvitalis33.schunk.6ecbf8a934abc739.js""]",,,
derived,e-525,e-525,SCROLL_INTO_VIEW,[],e-525-derived-step-0,0,True,,200,0,0,STYLE_OPACITY,True,"{""id"": ""N/A"", ""appliesTo"": ""TRIGGER_ELEMENT"", ""useEventTarget"": true}",,"{""delay"": 0, ""duration"": 0, ""target"": {""id"": ""N/A"", ""appliesTo"": ""TRIGGER_ELEMENT"", ""useEventTarget"": true}, ""value"": 0}","[{""key"": ""main"", ""min"": 992, ""max"": 10000}, {""key"": ""medium"", ""min"": 768, ""max"": 991}, {""key"": ""small"", ""min"": 480, ""max"": 767}, {""key"": ""tiny"", ""min"": 0, ""max"": 479}]","[""raw/published/resources/03c1fa8b77cf-dentvitalis33.schunk.6ecbf8a934abc739.js""]",,,
derived,e-525,e-525,SCROLL_INTO_VIEW,[],e-525-derived-step-1,1,False,0,200,0,1000,STYLE_OPACITY,True,"{""id"": ""N/A"", ""appliesTo"": ""TRIGGER_ELEMENT"", ""useEventTarget"": true}",outQuart,"{""delay"": 0, ""easing"": ""outQuart"", ""duration"": 1000, ""target"": {""id"": ""N/A"", ""appliesTo"": ""TRIGGER_ELEMENT"", ""useEventTarget"": true}, ""value"": 1}","[{""key"": ""main"", ""min"": 992, ""max"": 10000}, {""key"": ""medium"", ""min"": 768, ""max"": 991}, {""key"": ""small"", ""min"": 480, ""max"": 767}, {""key"": ""tiny"", ""min"": 0, ""max"": 479}]","[""raw/published/resources/03c1fa8b77cf-dentvitalis33.schunk.6ecbf8a934abc739.js""]",,,
derived,e-575,e-575,SCROLL_INTO_VIEW,"[""/prestazioni/sbiancamento-dei-denti""]",e-575-derived-step-0,0,True,,1000,0,0,STYLE_OPACITY,True,"{""id"": ""N/A"", ""appliesTo"": ""TRIGGER_ELEMENT"", ""useEventTarget"": true}",,"{""delay"": 0, ""duration"": 0, ""target"": {""id"": ""N/A"", ""appliesTo"": ""TRIGGER_ELEMENT"", ""useEventTarget"": true}, ""value"": 0}","[{""key"": ""main"", ""min"": 992, ""max"": 10000}]","[""raw/published/resources/03c1fa8b77cf-dentvitalis33.schunk.6ecbf8a934abc739.js""]",,,
derived,e-575,e-575,SCROLL_INTO_VIEW,"[""/prestazioni/sbiancamento-dei-denti""]",e-575-derived-step-1,1,False,0,1000,0,0,TRANSFORM_MOVE,True,"{""id"": ""N/A"", ""appliesTo"": ""TRIGGER_ELEMENT"", ""useEventTarget"": true}",,"{""delay"": 0, ""duration"": 0, ""target"": {""id"": ""N/A"", ""appliesTo"": ""TRIGGER_ELEMENT"", ""useEventTarget"": true}, ""xValue"": 0, ""yValue"": 100, ""xUnit"": ""PX"", ""yUnit"": ""PX"", ""zUnit"": ""PX""}","[{""key"": ""main"", ""min"": 992, ""max"": 10000}]","[""raw/published/resources/03c1fa8b77cf-dentvitalis33.schunk.6ecbf8a934abc739.js""]",,,
derived,e-575,e-575,SCROLL_INTO_VIEW,"[""/prestazioni/sbiancamento-dei-denti""]",e-575-derived-step-2,2,False,0,1000,0,1000,TRANSFORM_MOVE,True,"{""id"": ""N/A"", ""appliesTo"": ""TRIGGER_ELEMENT"", ""useEventTarget"": true}",outQuart,"{""delay"": 0, ""easing"": ""outQuart"", ""duration"": 1000, ""target"": {""id"": ""N/A"", ""appliesTo"": ""TRIGGER_ELEMENT"", ""useEventTarget"": true}, ""xValue"": 0, ""yValue"": 0, ""xUnit"": ""PX"", ""yUnit"": ""PX"", ""zUnit"": ""PX""}","[{""key"": ""main"", ""min"": 992, ""max"": 10000}]","[""raw/published/resources/03c1fa8b77cf-dentvitalis33.schunk.6ecbf8a934abc739.js""]",,,
derived,e-575,e-575,SCROLL_INTO_VIEW,"[""/prestazioni/sbiancamento-dei-denti""]",e-575-derived-step-3,2,False,0,1000,0,1000,STYLE_OPACITY,True,"{""id"": ""N/A"", ""appliesTo"": ""TRIGGER_ELEMENT"", ""useEventTarget"": true}",outQuart,"{""delay"": 0, ""easing"": ""outQuart"", ""duration"": 1000, ""target"": {""id"": ""N/A"", ""appliesTo"": ""TRIGGER_ELEMENT"", ""useEventTarget"": true}, ""value"": 1}","[{""key"": ""main"", ""min"": 992, ""max"": 10000}]","[""raw/published/resources/03c1fa8b77cf-dentvitalis33.schunk.6ecbf8a934abc739.js""]",,,
derived,e-596,e-596,SCROLL_INTO_VIEW,[],e-596-derived-step-0,0,True,,400,0,0,STYLE_OPACITY,True,"{""id"": ""N/A"", ""appliesTo"": ""TRIGGER_ELEMENT"", ""useEventTarget"": true}",,"{""delay"": 0, ""duration"": 0, ""target"": {""id"": ""N/A"", ""appliesTo"": ""TRIGGER_ELEMENT"", ""useEventTarget"": true}, ""value"": 0}","[{""key"": ""main"", ""min"": 992, ""max"": 10000}, {""key"": ""medium"", ""min"": 768, ""max"": 991}, {""key"": ""small"", ""min"": 480, ""max"": 767}, {""key"": ""tiny"", ""min"": 0, ""max"": 479}]","[""raw/published/resources/03c1fa8b77cf-dentvitalis33.schunk.6ecbf8a934abc739.js""]",,,
derived,e-596,e-596,SCROLL_INTO_VIEW,[],e-596-derived-step-1,1,False,0,400,0,0,TRANSFORM_SCALE,True,"{""id"": ""N/A"", ""appliesTo"": ""TRIGGER_ELEMENT"", ""useEventTarget"": true}",,"{""delay"": 0, ""duration"": 0, ""target"": {""id"": ""N/A"", ""appliesTo"": ""TRIGGER_ELEMENT"", ""useEventTarget"": true}, ""xValue"": 0.7500000000000001, ""yValue"": 0.7500000000000001}","[{""key"": ""main"", ""min"": 992, ""max"": 10000}, {""key"": ""medium"", ""min"": 768, ""max"": 991}, {""key"": ""small"", ""min"": 480, ""max"": 767}, {""key"": ""tiny"", ""min"": 0, ""max"": 479}]","[""raw/published/resources/03c1fa8b77cf-dentvitalis33.schunk.6ecbf8a934abc739.js""]",,,
derived,e-596,e-596,SCROLL_INTO_VIEW,[],e-596-derived-step-2,2,False,0,400,0,1000,TRANSFORM_SCALE,True,"{""id"": ""N/A"", ""appliesTo"": ""TRIGGER_ELEMENT"", ""useEventTarget"": true}",outQuart,"{""delay"": 0, ""easing"": ""outQuart"", ""duration"": 1000, ""target"": {""id"": ""N/A"", ""appliesTo"": ""TRIGGER_ELEMENT"", ""useEventTarget"": true}, ""xValue"": 1, ""yValue"": 1}","[{""key"": ""main"", ""min"": 992, ""max"": 10000}, {""key"": ""medium"", ""min"": 768, ""max"": 991}, {""key"": ""small"", ""min"": 480, ""max"": 767}, {""key"": ""tiny"", ""min"": 0, ""max"": 479}]","[""raw/published/resources/03c1fa8b77cf-dentvitalis33.schunk.6ecbf8a934abc739.js""]",,,
derived,e-596,e-596,SCROLL_INTO_VIEW,[],e-596-derived-step-3,2,False,0,400,0,1000,STYLE_OPACITY,True,"{""id"": ""N/A"", ""appliesTo"": ""TRIGGER_ELEMENT"", ""useEventTarget"": true}",outQuart,"{""delay"": 0, ""easing"": ""outQuart"", ""duration"": 1000, ""target"": {""id"": ""N/A"", ""appliesTo"": ""TRIGGER_ELEMENT"", ""useEventTarget"": true}, ""value"": 1}","[{""key"": ""main"", ""min"": 992, ""max"": 10000}, {""key"": ""medium"", ""min"": 768, ""max"": 991}, {""key"": ""small"", ""min"": 480, ""max"": 767}, {""key"": ""tiny"", ""min"": 0, ""max"": 479}]","[""raw/published/resources/03c1fa8b77cf-dentvitalis33.schunk.6ecbf8a934abc739.js""]",,,
derived,e-598,e-598,SCROLL_INTO_VIEW,[],e-598-derived-step-0,0,True,,600,0,0,STYLE_OPACITY,True,"{""id"": ""N/A"", ""appliesTo"": ""TRIGGER_ELEMENT"", ""useEventTarget"": true}",,"{""delay"": 0, ""duration"": 0, ""target"": {""id"": ""N/A"", ""appliesTo"": ""TRIGGER_ELEMENT"", ""useEventTarget"": true}, ""value"": 0}","[{""key"": ""main"", ""min"": 992, ""max"": 10000}, {""key"": ""medium"", ""min"": 768, ""max"": 991}, {""key"": ""small"", ""min"": 480, ""max"": 767}, {""key"": ""tiny"", ""min"": 0, ""max"": 479}]","[""raw/published/resources/03c1fa8b77cf-dentvitalis33.schunk.6ecbf8a934abc739.js""]",,,
derived,e-598,e-598,SCROLL_INTO_VIEW,[],e-598-derived-step-1,1,False,0,600,0,0,TRANSFORM_SCALE,True,"{""id"": ""N/A"", ""appliesTo"": ""TRIGGER_ELEMENT"", ""useEventTarget"": true}",,"{""delay"": 0, ""duration"": 0, ""target"": {""id"": ""N/A"", ""appliesTo"": ""TRIGGER_ELEMENT"", ""useEventTarget"": true}, ""xValue"": 0.7500000000000001, ""yValue"": 0.7500000000000001}","[{""key"": ""main"", ""min"": 992, ""max"": 10000}, {""key"": ""medium"", ""min"": 768, ""max"": 991}, {""key"": ""small"", ""min"": 480, ""max"": 767}, {""key"": ""tiny"", ""min"": 0, ""max"": 479}]","[""raw/published/resources/03c1fa8b77cf-dentvitalis33.schunk.6ecbf8a934abc739.js""]",,,
derived,e-598,e-598,SCROLL_INTO_VIEW,[],e-598-derived-step-2,2,False,0,600,0,1000,TRANSFORM_SCALE,True,"{""id"": ""N/A"", ""appliesTo"": ""TRIGGER_ELEMENT"", ""useEventTarget"": true}",outQuart,"{""delay"": 0, ""easing"": ""outQuart"", ""duration"": 1000, ""target"": {""id"": ""N/A"", ""appliesTo"": ""TRIGGER_ELEMENT"", ""useEventTarget"": true}, ""xValue"": 1, ""yValue"": 1}","[{""key"": ""main"", ""min"": 992, ""max"": 10000}, {""key"": ""medium"", ""min"": 768, ""max"": 991}, {""key"": ""small"", ""min"": 480, ""max"": 767}, {""key"": ""tiny"", ""min"": 0, ""max"": 479}]","[""raw/published/resources/03c1fa8b77cf-dentvitalis33.schunk.6ecbf8a934abc739.js""]",,,
derived,e-598,e-598,SCROLL_INTO_VIEW,[],e-598-derived-step-3,2,False,0,600,0,1000,STYLE_OPACITY,True,"{""id"": ""N/A"", ""appliesTo"": ""TRIGGER_ELEMENT"", ""useEventTarget"": true}",outQuart,"{""delay"": 0, ""easing"": ""outQuart"", ""duration"": 1000, ""target"": {""id"": ""N/A"", ""appliesTo"": ""TRIGGER_ELEMENT"", ""useEventTarget"": true}, ""value"": 1}","[{""key"": ""main"", ""min"": 992, ""max"": 10000}, {""key"": ""medium"", ""min"": 768, ""max"": 991}, {""key"": ""small"", ""min"": 480, ""max"": 767}, {""key"": ""tiny"", ""min"": 0, ""max"": 479}]","[""raw/published/resources/03c1fa8b77cf-dentvitalis33.schunk.6ecbf8a934abc739.js""]",,,
derived,e-600,e-600,SCROLL_INTO_VIEW,[],e-600-derived-step-0,0,True,,200,0,0,STYLE_OPACITY,True,"{""id"": ""N/A"", ""appliesTo"": ""TRIGGER_ELEMENT"", ""useEventTarget"": true}",,"{""delay"": 0, ""duration"": 0, ""target"": {""id"": ""N/A"", ""appliesTo"": ""TRIGGER_ELEMENT"", ""useEventTarget"": true}, ""value"": 0}","[{""key"": ""main"", ""min"": 992, ""max"": 10000}, {""key"": ""medium"", ""min"": 768, ""max"": 991}, {""key"": ""small"", ""min"": 480, ""max"": 767}, {""key"": ""tiny"", ""min"": 0, ""max"": 479}]","[""raw/published/resources/03c1fa8b77cf-dentvitalis33.schunk.6ecbf8a934abc739.js""]",,,
derived,e-600,e-600,SCROLL_INTO_VIEW,[],e-600-derived-step-1,1,False,0,200,0,1000,STYLE_OPACITY,True,"{""id"": ""N/A"", ""appliesTo"": ""TRIGGER_ELEMENT"", ""useEventTarget"": true}",outQuart,"{""delay"": 0, ""easing"": ""outQuart"", ""duration"": 1000, ""target"": {""id"": ""N/A"", ""appliesTo"": ""TRIGGER_ELEMENT"", ""useEventTarget"": true}, ""value"": 1}","[{""key"": ""main"", ""min"": 992, ""max"": 10000}, {""key"": ""medium"", ""min"": 768, ""max"": 991}, {""key"": ""small"", ""min"": 480, ""max"": 767}, {""key"": ""tiny"", ""min"": 0, ""max"": 479}]","[""raw/published/resources/03c1fa8b77cf-dentvitalis33.schunk.6ecbf8a934abc739.js""]",,,
derived,e-610,FAQ Accordion Opens,DROPDOWN_OPEN,"[""/""]",a-13-n,0,True,,,0,500,STYLE_SIZE,CHILDREN,"{""useEventTarget"": ""CHILDREN"", ""selector"": "".accordion-list"", ""selectorGuids"": [""571b4f22-06fa-4499-f6d0-cb8f5ffe0c7d""]}",,"{""delay"": 0, ""easing"": """", ""duration"": 500, ""target"": {""useEventTarget"": ""CHILDREN"", ""selector"": "".accordion-list"", ""selectorGuids"": [""571b4f22-06fa-4499-f6d0-cb8f5ffe0c7d""]}, ""heightValue"": 0, ""widthUnit"": ""PX"", ""heightUnit"": ""px"", ""locked"": false}","[{""key"": ""main"", ""min"": 992, ""max"": 10000}, {""key"": ""medium"", ""min"": 768, ""max"": 991}, {""key"": ""small"", ""min"": 480, ""max"": 767}, {""key"": ""tiny"", ""min"": 0, ""max"": 479}]","[""raw/published/resources/03c1fa8b77cf-dentvitalis33.schunk.6ecbf8a934abc739.js""]",,,
derived,e-610,FAQ Accordion Opens,DROPDOWN_OPEN,"[""/""]",a-13-n-2,0,True,,,0,500,STYLE_TEXT_COLOR,CHILDREN,"{""useEventTarget"": ""CHILDREN"", ""selector"": "".accordion-title"", ""selectorGuids"": [""571b4f22-06fa-4499-f6d0-cb8f5ffe0c6f""]}",,"{""delay"": 0, ""easing"": """", ""duration"": 500, ""target"": {""useEventTarget"": ""CHILDREN"", ""selector"": "".accordion-title"", ""selectorGuids"": [""571b4f22-06fa-4499-f6d0-cb8f5ffe0c6f""]}, ""globalSwatchId"": ""@var_variable-90781720-7ff3-c909-13c4-45d269bf0a2a"", ""rValue"": 107, ""bValue"": 118, ""gValue"": 112, ""aValue"": 1}","[{""key"": ""main"", ""min"": 992, ""max"": 10000}, {""key"": ""medium"", ""min"": 768, ""max"": 991}, {""key"": ""small"", ""min"": 480, ""max"": 767}, {""key"": ""tiny"", ""min"": 0, ""max"": 479}]","[""raw/published/resources/03c1fa8b77cf-dentvitalis33.schunk.6ecbf8a934abc739.js""]",,,
derived,e-610,FAQ Accordion Opens,DROPDOWN_OPEN,"[""/""]",a-13-n-3,0,True,,,0,500,STYLE_BACKGROUND_COLOR,CHILDREN,"{""useEventTarget"": ""CHILDREN"", ""selector"": "".horizontal-line.primary-color"", ""selectorGuids"": [""571b4f22-06fa-4499-f6d0-cb8f5ffe0c80"", ""571b4f22-06fa-4499-f6d0-cb8f5ffe0c87""]}",,"{""delay"": 0, ""easing"": """", ""duration"": 500, ""target"": {""useEventTarget"": ""CHILDREN"", ""selector"": "".horizontal-line.primary-color"", ""selectorGuids"": [""571b4f22-06fa-4499-f6d0-cb8f5ffe0c80"", ""571b4f22-06fa-4499-f6d0-cb8f5ffe0c87""]}, ""globalSwatchId"": ""@var_variable-90781720-7ff3-c909-13c4-45d269bf0a2a"", ""rValue"": 107, ""bValue"": 118, ""gValue"": 112, ""aValue"": 1}","[{""key"": ""main"", ""min"": 992, ""max"": 10000}, {""key"": ""medium"", ""min"": 768, ""max"": 991}, {""key"": ""small"", ""min"": 480, ""max"": 767}, {""key"": ""tiny"", ""min"": 0, ""max"": 479}]","[""raw/published/resources/03c1fa8b77cf-dentvitalis33.schunk.6ecbf8a934abc739.js""]",,,
derived,e-610,FAQ Accordion Opens,DROPDOWN_OPEN,"[""/""]",a-13-n-4,0,True,,,0,500,STYLE_BACKGROUND_COLOR,CHILDREN,"{""useEventTarget"": ""CHILDREN"", ""selector"": "".vertical-line.primary-color"", ""selectorGuids"": [""571b4f22-06fa-4499-f6d0-cb8f5ffe0c7c"", ""571b4f22-06fa-4499-f6d0-cb8f5ffe0c88""]}",,"{""delay"": 0, ""easing"": """", ""duration"": 500, ""target"": {""useEventTarget"": ""CHILDREN"", ""selector"": "".vertical-line.primary-color"", ""selectorGuids"": [""571b4f22-06fa-4499-f6d0-cb8f5ffe0c7c"", ""571b4f22-06fa-4499-f6d0-cb8f5ffe0c88""]}, ""globalSwatchId"": ""@var_variable-90781720-7ff3-c909-13c4-45d269bf0a2a"", ""rValue"": 107, ""bValue"": 118, ""gValue"": 112, ""aValue"": 1}","[{""key"": ""main"", ""min"": 992, ""max"": 10000}, {""key"": ""medium"", ""min"": 768, ""max"": 991}, {""key"": ""small"", ""min"": 480, ""max"": 767}, {""key"": ""tiny"", ""min"": 0, ""max"": 479}]","[""raw/published/resources/03c1fa8b77cf-dentvitalis33.schunk.6ecbf8a934abc739.js""]",,,
derived,e-610,FAQ Accordion Opens,DROPDOWN_OPEN,"[""/""]",a-13-n-5,0,True,,,0,500,STYLE_OPACITY,CHILDREN,"{""useEventTarget"": ""CHILDREN"", ""selector"": "".large-paragraph-3.accordion-text"", ""selectorGuids"": [""571b4f22-06fa-4499-f6d0-cb8f5ffe0c82"", ""571b4f22-06fa-4499-f6d0-cb8f5ffe0c89""]}",,"{""delay"": 0, ""easing"": """", ""duration"": 500, ""target"": {""useEventTarget"": ""CHILDREN"", ""selector"": "".large-paragraph-3.accordion-text"", ""selectorGuids"": [""571b4f22-06fa-4499-f6d0-cb8f5ffe0c82"", ""571b4f22-06fa-4499-f6d0-cb8f5ffe0c89""]}, ""value"": 0, ""unit"": """"}","[{""key"": ""main"", ""min"": 992, ""max"": 10000}, {""key"": ""medium"", ""min"": 768, ""max"": 991}, {""key"": ""small"", ""min"": 480, ""max"": 767}, {""key"": ""tiny"", ""min"": 0, ""max"": 479}]","[""raw/published/resources/03c1fa8b77cf-dentvitalis33.schunk.6ecbf8a934abc739.js""]",,,
derived,e-610,FAQ Accordion Opens,DROPDOWN_OPEN,"[""/""]",a-13-n-6,1,False,0,,0,400,STYLE_SIZE,CHILDREN,"{""useEventTarget"": ""CHILDREN"", ""selector"": "".accordion-list"", ""selectorGuids"": [""571b4f22-06fa-4499-f6d0-cb8f5ffe0c7d""]}",ease,"{""delay"": 0, ""easing"": ""ease"", ""duration"": 400, ""target"": {""useEventTarget"": ""CHILDREN"", ""selector"": "".accordion-list"", ""selectorGuids"": [""571b4f22-06fa-4499-f6d0-cb8f5ffe0c7d""]}, ""widthUnit"": ""PX"", ""heightUnit"": ""AUTO"", ""locked"": false}","[{""key"": ""main"", ""min"": 992, ""max"": 10000}, {""key"": ""medium"", ""min"": 768, ""max"": 991}, {""key"": ""small"", ""min"": 480, ""max"": 767}, {""key"": ""tiny"", ""min"": 0, ""max"": 479}]","[""raw/published/resources/03c1fa8b77cf-dentvitalis33.schunk.6ecbf8a934abc739.js""]",,,
derived,e-610,FAQ Accordion Opens,DROPDOWN_OPEN,"[""/""]",a-13-n-7,1,False,0,,0,300,TRANSFORM_ROTATE,CHILDREN,"{""useEventTarget"": ""CHILDREN"", ""selector"": "".vertical-line.primary-color"", ""selectorGuids"": [""571b4f22-06fa-4499-f6d0-cb8f5ffe0c7c"", ""571b4f22-06fa-4499-f6d0-cb8f5ffe0c88""]}",,"{""delay"": 0, ""easing"": """", ""duration"": 300, ""target"": {""useEventTarget"": ""CHILDREN"", ""selector"": "".vertical-line.primary-color"", ""selectorGuids"": [""571b4f22-06fa-4499-f6d0-cb8f5ffe0c7c"", ""571b4f22-06fa-4499-f6d0-cb8f5ffe0c88""]}, ""yValue"": null, ""zValue"": -90, ""xUnit"": ""DEG"", ""yUnit"": ""deg"", ""zUnit"": ""deg""}","[{""key"": ""main"", ""min"": 992, ""max"": 10000}, {""key"": ""medium"", ""min"": 768, ""max"": 991}, {""key"": ""small"", ""min"": 480, ""max"": 767}, {""key"": ""tiny"", ""min"": 0, ""max"": 479}]","[""raw/published/resources/03c1fa8b77cf-dentvitalis33.schunk.6ecbf8a934abc739.js""]",,,
derived,e-610,FAQ Accordion Opens,DROPDOWN_OPEN,"[""/""]",a-13-n-8,1,False,0,,0,500,STYLE_TEXT_COLOR,CHILDREN,"{""useEventTarget"": ""CHILDREN"", ""selector"": "".accordion-title"", ""selectorGuids"": [""571b4f22-06fa-4499-f6d0-cb8f5ffe0c6f""]}",,"{""delay"": 0, ""easing"": """", ""duration"": 500, ""target"": {""useEventTarget"": ""CHILDREN"", ""selector"": "".accordion-title"", ""selectorGuids"": [""571b4f22-06fa-4499-f6d0-cb8f5ffe0c6f""]}, ""globalSwatchId"": ""@var_variable-c30fbafd-c704-5f1e-e20f-7ceadfde5500"", ""rValue"": 0, ""bValue"": 0, ""gValue"": 0, ""aValue"": 1}","[{""key"": ""main"", ""min"": 992, ""max"": 10000}, {""key"": ""medium"", ""min"": 768, ""max"": 991}, {""key"": ""small"", ""min"": 480, ""max"": 767}, {""key"": ""tiny"", ""min"": 0, ""max"": 479}]","[""raw/published/resources/03c1fa8b77cf-dentvitalis33.schunk.6ecbf8a934abc739.js""]",,,
derived,e-610,FAQ Accordion Opens,DROPDOWN_OPEN,"[""/""]",a-13-n-9,1,False,0,,0,700,STYLE_OPACITY,CHILDREN,"{""useEventTarget"": ""CHILDREN"", ""selector"": "".large-paragraph-3.accordion-text"", ""selectorGuids"": [""571b4f22-06fa-4499-f6d0-cb8f5ffe0c82"", ""571b4f22-06fa-4499-f6d0-cb8f5ffe0c89""]}",,"{""delay"": 0, ""easing"": """", ""duration"": 700, ""target"": {""useEventTarget"": ""CHILDREN"", ""selector"": "".large-paragraph-3.accordion-text"", ""selectorGuids"": [""571b4f22-06fa-4499-f6d0-cb8f5ffe0c82"", ""571b4f22-06fa-4499-f6d0-cb8f5ffe0c89""]}, ""value"": 1, ""unit"": """"}","[{""key"": ""main"", ""min"": 992, ""max"": 10000}, {""key"": ""medium"", ""min"": 768, ""max"": 991}, {""key"": ""small"", ""min"": 480, ""max"": 767}, {""key"": ""tiny"", ""min"": 0, ""max"": 479}]","[""raw/published/resources/03c1fa8b77cf-dentvitalis33.schunk.6ecbf8a934abc739.js""]",,,
derived,e-611,FAQ Accordion Closes,DROPDOWN_CLOSE,"[""/""]",a-14-n,0,False,0,,0,400,STYLE_SIZE,CHILDREN,"{""useEventTarget"": ""CHILDREN"", ""selector"": "".accordion-list"", ""selectorGuids"": [""571b4f22-06fa-4499-f6d0-cb8f5ffe0c7d""]}",ease,"{""delay"": 0, ""easing"": ""ease"", ""duration"": 400, ""target"": {""useEventTarget"": ""CHILDREN"", ""selector"": "".accordion-list"", ""selectorGuids"": [""571b4f22-06fa-4499-f6d0-cb8f5ffe0c7d""]}, ""heightValue"": 0, ""widthUnit"": ""PX"", ""heightUnit"": ""px"", ""locked"": false}","[{""key"": ""main"", ""min"": 992, ""max"": 10000}, {""key"": ""medium"", ""min"": 768, ""max"": 991}, {""key"": ""small"", ""min"": 480, ""max"": 767}, {""key"": ""tiny"", ""min"": 0, ""max"": 479}]","[""raw/published/resources/03c1fa8b77cf-dentvitalis33.schunk.6ecbf8a934abc739.js""]",,,
derived,e-611,FAQ Accordion Closes,DROPDOWN_CLOSE,"[""/""]",a-14-n-2,0,False,0,,0,500,STYLE_TEXT_COLOR,CHILDREN,"{""useEventTarget"": ""CHILDREN"", ""selector"": "".accordion-title"", ""selectorGuids"": [""571b4f22-06fa-4499-f6d0-cb8f5ffe0c6f""]}",,"{""delay"": 0, ""easing"": """", ""duration"": 500, ""target"": {""useEventTarget"": ""CHILDREN"", ""selector"": "".accordion-title"", ""selectorGuids"": [""571b4f22-06fa-4499-f6d0-cb8f5ffe0c6f""]}, ""globalSwatchId"": ""@var_variable-90781720-7ff3-c909-13c4-45d269bf0a2a"", ""rValue"": 107, ""bValue"": 118, ""gValue"": 112, ""aValue"": 1}","[{""key"": ""main"", ""min"": 992, ""max"": 10000}, {""key"": ""medium"", ""min"": 768, ""max"": 991}, {""key"": ""small"", ""min"": 480, ""max"": 767}, {""key"": ""tiny"", ""min"": 0, ""max"": 479}]","[""raw/published/resources/03c1fa8b77cf-dentvitalis33.schunk.6ecbf8a934abc739.js""]",,,
derived,e-611,FAQ Accordion Closes,DROPDOWN_CLOSE,"[""/""]",a-14-n-3,0,False,0,,0,300,TRANSFORM_ROTATE,CHILDREN,"{""useEventTarget"": ""CHILDREN"", ""selector"": "".vertical-line.primary-color"", ""selectorGuids"": [""571b4f22-06fa-4499-f6d0-cb8f5ffe0c7c"", ""571b4f22-06fa-4499-f6d0-cb8f5ffe0c88""]}",,"{""delay"": 0, ""easing"": """", ""duration"": 300, ""target"": {""useEventTarget"": ""CHILDREN"", ""selector"": "".vertical-line.primary-color"", ""selectorGuids"": [""571b4f22-06fa-4499-f6d0-cb8f5ffe0c7c"", ""571b4f22-06fa-4499-f6d0-cb8f5ffe0c88""]}, ""zValue"": 0, ""xUnit"": ""DEG"", ""yUnit"": ""DEG"", ""zUnit"": ""deg""}","[{""key"": ""main"", ""min"": 992, ""max"": 10000}, {""key"": ""medium"", ""min"": 768, ""max"": 991}, {""key"": ""small"", ""min"": 480, ""max"": 767}, {""key"": ""tiny"", ""min"": 0, ""max"": 479}]","[""raw/published/resources/03c1fa8b77cf-dentvitalis33.schunk.6ecbf8a934abc739.js""]",,,
derived,e-611,FAQ Accordion Closes,DROPDOWN_CLOSE,"[""/""]",a-14-n-4,0,False,0,,0,0,STYLE_OPACITY,CHILDREN,"{""useEventTarget"": ""CHILDREN"", ""selector"": "".large-paragraph-3.accordion-text"", ""selectorGuids"": [""571b4f22-06fa-4499-f6d0-cb8f5ffe0c82"", ""571b4f22-06fa-4499-f6d0-cb8f5ffe0c89""]}",,"{""delay"": 0, ""easing"": """", ""duration"": 0, ""target"": {""useEventTarget"": ""CHILDREN"", ""selector"": "".large-paragraph-3.accordion-text"", ""selectorGuids"": [""571b4f22-06fa-4499-f6d0-cb8f5ffe0c82"", ""571b4f22-06fa-4499-f6d0-cb8f5ffe0c89""]}, ""value"": 0, ""unit"": """"}","[{""key"": ""main"", ""min"": 992, ""max"": 10000}, {""key"": ""medium"", ""min"": 768, ""max"": 991}, {""key"": ""small"", ""min"": 480, ""max"": 767}, {""key"": ""tiny"", ""min"": 0, ""max"": 479}]","[""raw/published/resources/03c1fa8b77cf-dentvitalis33.schunk.6ecbf8a934abc739.js""]",,,
derived,e-612,FAQ Accordion Opens,DROPDOWN_OPEN,"[""/""]",a-13-n,0,True,,,0,500,STYLE_SIZE,CHILDREN,"{""useEventTarget"": ""CHILDREN"", ""selector"": "".accordion-list"", ""selectorGuids"": [""571b4f22-06fa-4499-f6d0-cb8f5ffe0c7d""]}",,"{""delay"": 0, ""easing"": """", ""duration"": 500, ""target"": {""useEventTarget"": ""CHILDREN"", ""selector"": "".accordion-list"", ""selectorGuids"": [""571b4f22-06fa-4499-f6d0-cb8f5ffe0c7d""]}, ""heightValue"": 0, ""widthUnit"": ""PX"", ""heightUnit"": ""px"", ""locked"": false}","[{""key"": ""main"", ""min"": 992, ""max"": 10000}, {""key"": ""medium"", ""min"": 768, ""max"": 991}, {""key"": ""small"", ""min"": 480, ""max"": 767}, {""key"": ""tiny"", ""min"": 0, ""max"": 479}]","[""raw/published/resources/03c1fa8b77cf-dentvitalis33.schunk.6ecbf8a934abc739.js""]",,,
derived,e-612,FAQ Accordion Opens,DROPDOWN_OPEN,"[""/""]",a-13-n-2,0,True,,,0,500,STYLE_TEXT_COLOR,CHILDREN,"{""useEventTarget"": ""CHILDREN"", ""selector"": "".accordion-title"", ""selectorGuids"": [""571b4f22-06fa-4499-f6d0-cb8f5ffe0c6f""]}",,"{""delay"": 0, ""easing"": """", ""duration"": 500, ""target"": {""useEventTarget"": ""CHILDREN"", ""selector"": "".accordion-title"", ""selectorGuids"": [""571b4f22-06fa-4499-f6d0-cb8f5ffe0c6f""]}, ""globalSwatchId"": ""@var_variable-90781720-7ff3-c909-13c4-45d269bf0a2a"", ""rValue"": 107, ""bValue"": 118, ""gValue"": 112, ""aValue"": 1}","[{""key"": ""main"", ""min"": 992, ""max"": 10000}, {""key"": ""medium"", ""min"": 768, ""max"": 991}, {""key"": ""small"", ""min"": 480, ""max"": 767}, {""key"": ""tiny"", ""min"": 0, ""max"": 479}]","[""raw/published/resources/03c1fa8b77cf-dentvitalis33.schunk.6ecbf8a934abc739.js""]",,,
derived,e-612,FAQ Accordion Opens,DROPDOWN_OPEN,"[""/""]",a-13-n-3,0,True,,,0,500,STYLE_BACKGROUND_COLOR,CHILDREN,"{""useEventTarget"": ""CHILDREN"", ""selector"": "".horizontal-line.primary-color"", ""selectorGuids"": [""571b4f22-06fa-4499-f6d0-cb8f5ffe0c80"", ""571b4f22-06fa-4499-f6d0-cb8f5ffe0c87""]}",,"{""delay"": 0, ""easing"": """", ""duration"": 500, ""target"": {""useEventTarget"": ""CHILDREN"", ""selector"": "".horizontal-line.primary-color"", ""selectorGuids"": [""571b4f22-06fa-4499-f6d0-cb8f5ffe0c80"", ""571b4f22-06fa-4499-f6d0-cb8f5ffe0c87""]}, ""globalSwatchId"": ""@var_variable-90781720-7ff3-c909-13c4-45d269bf0a2a"", ""rValue"": 107, ""bValue"": 118, ""gValue"": 112, ""aValue"": 1}","[{""key"": ""main"", ""min"": 992, ""max"": 10000}, {""key"": ""medium"", ""min"": 768, ""max"": 991}, {""key"": ""small"", ""min"": 480, ""max"": 767}, {""key"": ""tiny"", ""min"": 0, ""max"": 479}]","[""raw/published/resources/03c1fa8b77cf-dentvitalis33.schunk.6ecbf8a934abc739.js""]",,,
derived,e-612,FAQ Accordion Opens,DROPDOWN_OPEN,"[""/""]",a-13-n-4,0,True,,,0,500,STYLE_BACKGROUND_COLOR,CHILDREN,"{""useEventTarget"": ""CHILDREN"", ""selector"": "".vertical-line.primary-color"", ""selectorGuids"": [""571b4f22-06fa-4499-f6d0-cb8f5ffe0c7c"", ""571b4f22-06fa-4499-f6d0-cb8f5ffe0c88""]}",,"{""delay"": 0, ""easing"": """", ""duration"": 500, ""target"": {""useEventTarget"": ""CHILDREN"", ""selector"": "".vertical-line.primary-color"", ""selectorGuids"": [""571b4f22-06fa-4499-f6d0-cb8f5ffe0c7c"", ""571b4f22-06fa-4499-f6d0-cb8f5ffe0c88""]}, ""globalSwatchId"": ""@var_variable-90781720-7ff3-c909-13c4-45d269bf0a2a"", ""rValue"": 107, ""bValue"": 118, ""gValue"": 112, ""aValue"": 1}","[{""key"": ""main"", ""min"": 992, ""max"": 10000}, {""key"": ""medium"", ""min"": 768, ""max"": 991}, {""key"": ""small"", ""min"": 480, ""max"": 767}, {""key"": ""tiny"", ""min"": 0, ""max"": 479}]","[""raw/published/resources/03c1fa8b77cf-dentvitalis33.schunk.6ecbf8a934abc739.js""]",,,
derived,e-612,FAQ Accordion Opens,DROPDOWN_OPEN,"[""/""]",a-13-n-5,0,True,,,0,500,STYLE_OPACITY,CHILDREN,"{""useEventTarget"": ""CHILDREN"", ""selector"": "".large-paragraph-3.accordion-text"", ""selectorGuids"": [""571b4f22-06fa-4499-f6d0-cb8f5ffe0c82"", ""571b4f22-06fa-4499-f6d0-cb8f5ffe0c89""]}",,"{""delay"": 0, ""easing"": """", ""duration"": 500, ""target"": {""useEventTarget"": ""CHILDREN"", ""selector"": "".large-paragraph-3.accordion-text"", ""selectorGuids"": [""571b4f22-06fa-4499-f6d0-cb8f5ffe0c82"", ""571b4f22-06fa-4499-f6d0-cb8f5ffe0c89""]}, ""value"": 0, ""unit"": """"}","[{""key"": ""main"", ""min"": 992, ""max"": 10000}, {""key"": ""medium"", ""min"": 768, ""max"": 991}, {""key"": ""small"", ""min"": 480, ""max"": 767}, {""key"": ""tiny"", ""min"": 0, ""max"": 479}]","[""raw/published/resources/03c1fa8b77cf-dentvitalis33.schunk.6ecbf8a934abc739.js""]",,,
derived,e-612,FAQ Accordion Opens,DROPDOWN_OPEN,"[""/""]",a-13-n-6,1,False,0,,0,400,STYLE_SIZE,CHILDREN,"{""useEventTarget"": ""CHILDREN"", ""selector"": "".accordion-list"", ""selectorGuids"": [""571b4f22-06fa-4499-f6d0-cb8f5ffe0c7d""]}",ease,"{""delay"": 0, ""easing"": ""ease"", ""duration"": 400, ""target"": {""useEventTarget"": ""CHILDREN"", ""selector"": "".accordion-list"", ""selectorGuids"": [""571b4f22-06fa-4499-f6d0-cb8f5ffe0c7d""]}, ""widthUnit"": ""PX"", ""heightUnit"": ""AUTO"", ""locked"": false}","[{""key"": ""main"", ""min"": 992, ""max"": 10000}, {""key"": ""medium"", ""min"": 768, ""max"": 991}, {""key"": ""small"", ""min"": 480, ""max"": 767}, {""key"": ""tiny"", ""min"": 0, ""max"": 479}]","[""raw/published/resources/03c1fa8b77cf-dentvitalis33.schunk.6ecbf8a934abc739.js""]",,,
derived,e-612,FAQ Accordion Opens,DROPDOWN_OPEN,"[""/""]",a-13-n-7,1,False,0,,0,300,TRANSFORM_ROTATE,CHILDREN,"{""useEventTarget"": ""CHILDREN"", ""selector"": "".vertical-line.primary-color"", ""selectorGuids"": [""571b4f22-06fa-4499-f6d0-cb8f5ffe0c7c"", ""571b4f22-06fa-4499-f6d0-cb8f5ffe0c88""]}",,"{""delay"": 0, ""easing"": """", ""duration"": 300, ""target"": {""useEventTarget"": ""CHILDREN"", ""selector"": "".vertical-line.primary-color"", ""selectorGuids"": [""571b4f22-06fa-4499-f6d0-cb8f5ffe0c7c"", ""571b4f22-06fa-4499-f6d0-cb8f5ffe0c88""]}, ""yValue"": null, ""zValue"": -90, ""xUnit"": ""DEG"", ""yUnit"": ""deg"", ""zUnit"": ""deg""}","[{""key"": ""main"", ""min"": 992, ""max"": 10000}, {""key"": ""medium"", ""min"": 768, ""max"": 991}, {""key"": ""small"", ""min"": 480, ""max"": 767}, {""key"": ""tiny"", ""min"": 0, ""max"": 479}]","[""raw/published/resources/03c1fa8b77cf-dentvitalis33.schunk.6ecbf8a934abc739.js""]",,,
derived,e-612,FAQ Accordion Opens,DROPDOWN_OPEN,"[""/""]",a-13-n-8,1,False,0,,0,500,STYLE_TEXT_COLOR,CHILDREN,"{""useEventTarget"": ""CHILDREN"", ""selector"": "".accordion-title"", ""selectorGuids"": [""571b4f22-06fa-4499-f6d0-cb8f5ffe0c6f""]}",,"{""delay"": 0, ""easing"": """", ""duration"": 500, ""target"": {""useEventTarget"": ""CHILDREN"", ""selector"": "".accordion-title"", ""selectorGuids"": [""571b4f22-06fa-4499-f6d0-cb8f5ffe0c6f""]}, ""globalSwatchId"": ""@var_variable-c30fbafd-c704-5f1e-e20f-7ceadfde5500"", ""rValue"": 0, ""bValue"": 0, ""gValue"": 0, ""aValue"": 1}","[{""key"": ""main"", ""min"": 992, ""max"": 10000}, {""key"": ""medium"", ""min"": 768, ""max"": 991}, {""key"": ""small"", ""min"": 480, ""max"": 767}, {""key"": ""tiny"", ""min"": 0, ""max"": 479}]","[""raw/published/resources/03c1fa8b77cf-dentvitalis33.schunk.6ecbf8a934abc739.js""]",,,
derived,e-612,FAQ Accordion Opens,DROPDOWN_OPEN,"[""/""]",a-13-n-9,1,False,0,,0,700,STYLE_OPACITY,CHILDREN,"{""useEventTarget"": ""CHILDREN"", ""selector"": "".large-paragraph-3.accordion-text"", ""selectorGuids"": [""571b4f22-06fa-4499-f6d0-cb8f5ffe0c82"", ""571b4f22-06fa-4499-f6d0-cb8f5ffe0c89""]}",,"{""delay"": 0, ""easing"": """", ""duration"": 700, ""target"": {""useEventTarget"": ""CHILDREN"", ""selector"": "".large-paragraph-3.accordion-text"", ""selectorGuids"": [""571b4f22-06fa-4499-f6d0-cb8f5ffe0c82"", ""571b4f22-06fa-4499-f6d0-cb8f5ffe0c89""]}, ""value"": 1, ""unit"": """"}","[{""key"": ""main"", ""min"": 992, ""max"": 10000}, {""key"": ""medium"", ""min"": 768, ""max"": 991}, {""key"": ""small"", ""min"": 480, ""max"": 767}, {""key"": ""tiny"", ""min"": 0, ""max"": 479}]","[""raw/published/resources/03c1fa8b77cf-dentvitalis33.schunk.6ecbf8a934abc739.js""]",,,
derived,e-613,FAQ Accordion Closes,DROPDOWN_CLOSE,"[""/""]",a-14-n,0,False,0,,0,400,STYLE_SIZE,CHILDREN,"{""useEventTarget"": ""CHILDREN"", ""selector"": "".accordion-list"", ""selectorGuids"": [""571b4f22-06fa-4499-f6d0-cb8f5ffe0c7d""]}",ease,"{""delay"": 0, ""easing"": ""ease"", ""duration"": 400, ""target"": {""useEventTarget"": ""CHILDREN"", ""selector"": "".accordion-list"", ""selectorGuids"": [""571b4f22-06fa-4499-f6d0-cb8f5ffe0c7d""]}, ""heightValue"": 0, ""widthUnit"": ""PX"", ""heightUnit"": ""px"", ""locked"": false}","[{""key"": ""main"", ""min"": 992, ""max"": 10000}, {""key"": ""medium"", ""min"": 768, ""max"": 991}, {""key"": ""small"", ""min"": 480, ""max"": 767}, {""key"": ""tiny"", ""min"": 0, ""max"": 479}]","[""raw/published/resources/03c1fa8b77cf-dentvitalis33.schunk.6ecbf8a934abc739.js""]",,,
derived,e-613,FAQ Accordion Closes,DROPDOWN_CLOSE,"[""/""]",a-14-n-2,0,False,0,,0,500,STYLE_TEXT_COLOR,CHILDREN,"{""useEventTarget"": ""CHILDREN"", ""selector"": "".accordion-title"", ""selectorGuids"": [""571b4f22-06fa-4499-f6d0-cb8f5ffe0c6f""]}",,"{""delay"": 0, ""easing"": """", ""duration"": 500, ""target"": {""useEventTarget"": ""CHILDREN"", ""selector"": "".accordion-title"", ""selectorGuids"": [""571b4f22-06fa-4499-f6d0-cb8f5ffe0c6f""]}, ""globalSwatchId"": ""@var_variable-90781720-7ff3-c909-13c4-45d269bf0a2a"", ""rValue"": 107, ""bValue"": 118, ""gValue"": 112, ""aValue"": 1}","[{""key"": ""main"", ""min"": 992, ""max"": 10000}, {""key"": ""medium"", ""min"": 768, ""max"": 991}, {""key"": ""small"", ""min"": 480, ""max"": 767}, {""key"": ""tiny"", ""min"": 0, ""max"": 479}]","[""raw/published/resources/03c1fa8b77cf-dentvitalis33.schunk.6ecbf8a934abc739.js""]",,,
derived,e-613,FAQ Accordion Closes,DROPDOWN_CLOSE,"[""/""]",a-14-n-3,0,False,0,,0,300,TRANSFORM_ROTATE,CHILDREN,"{""useEventTarget"": ""CHILDREN"", ""selector"": "".vertical-line.primary-color"", ""selectorGuids"": [""571b4f22-06fa-4499-f6d0-cb8f5ffe0c7c"", ""571b4f22-06fa-4499-f6d0-cb8f5ffe0c88""]}",,"{""delay"": 0, ""easing"": """", ""duration"": 300, ""target"": {""useEventTarget"": ""CHILDREN"", ""selector"": "".vertical-line.primary-color"", ""selectorGuids"": [""571b4f22-06fa-4499-f6d0-cb8f5ffe0c7c"", ""571b4f22-06fa-4499-f6d0-cb8f5ffe0c88""]}, ""zValue"": 0, ""xUnit"": ""DEG"", ""yUnit"": ""DEG"", ""zUnit"": ""deg""}","[{""key"": ""main"", ""min"": 992, ""max"": 10000}, {""key"": ""medium"", ""min"": 768, ""max"": 991}, {""key"": ""small"", ""min"": 480, ""max"": 767}, {""key"": ""tiny"", ""min"": 0, ""max"": 479}]","[""raw/published/resources/03c1fa8b77cf-dentvitalis33.schunk.6ecbf8a934abc739.js""]",,,
derived,e-613,FAQ Accordion Closes,DROPDOWN_CLOSE,"[""/""]",a-14-n-4,0,False,0,,0,0,STYLE_OPACITY,CHILDREN,"{""useEventTarget"": ""CHILDREN"", ""selector"": "".large-paragraph-3.accordion-text"", ""selectorGuids"": [""571b4f22-06fa-4499-f6d0-cb8f5ffe0c82"", ""571b4f22-06fa-4499-f6d0-cb8f5ffe0c89""]}",,"{""delay"": 0, ""easing"": """", ""duration"": 0, ""target"": {""useEventTarget"": ""CHILDREN"", ""selector"": "".large-paragraph-3.accordion-text"", ""selectorGuids"": [""571b4f22-06fa-4499-f6d0-cb8f5ffe0c82"", ""571b4f22-06fa-4499-f6d0-cb8f5ffe0c89""]}, ""value"": 0, ""unit"": """"}","[{""key"": ""main"", ""min"": 992, ""max"": 10000}, {""key"": ""medium"", ""min"": 768, ""max"": 991}, {""key"": ""small"", ""min"": 480, ""max"": 767}, {""key"": ""tiny"", ""min"": 0, ""max"": 479}]","[""raw/published/resources/03c1fa8b77cf-dentvitalis33.schunk.6ecbf8a934abc739.js""]",,,
derived,e-614,FAQ Accordion Opens,DROPDOWN_OPEN,"[""/""]",a-13-n,0,True,,,0,500,STYLE_SIZE,CHILDREN,"{""useEventTarget"": ""CHILDREN"", ""selector"": "".accordion-list"", ""selectorGuids"": [""571b4f22-06fa-4499-f6d0-cb8f5ffe0c7d""]}",,"{""delay"": 0, ""easing"": """", ""duration"": 500, ""target"": {""useEventTarget"": ""CHILDREN"", ""selector"": "".accordion-list"", ""selectorGuids"": [""571b4f22-06fa-4499-f6d0-cb8f5ffe0c7d""]}, ""heightValue"": 0, ""widthUnit"": ""PX"", ""heightUnit"": ""px"", ""locked"": false}","[{""key"": ""main"", ""min"": 992, ""max"": 10000}, {""key"": ""medium"", ""min"": 768, ""max"": 991}, {""key"": ""small"", ""min"": 480, ""max"": 767}, {""key"": ""tiny"", ""min"": 0, ""max"": 479}]","[""raw/published/resources/03c1fa8b77cf-dentvitalis33.schunk.6ecbf8a934abc739.js""]",,,
derived,e-614,FAQ Accordion Opens,DROPDOWN_OPEN,"[""/""]",a-13-n-2,0,True,,,0,500,STYLE_TEXT_COLOR,CHILDREN,"{""useEventTarget"": ""CHILDREN"", ""selector"": "".accordion-title"", ""selectorGuids"": [""571b4f22-06fa-4499-f6d0-cb8f5ffe0c6f""]}",,"{""delay"": 0, ""easing"": """", ""duration"": 500, ""target"": {""useEventTarget"": ""CHILDREN"", ""selector"": "".accordion-title"", ""selectorGuids"": [""571b4f22-06fa-4499-f6d0-cb8f5ffe0c6f""]}, ""globalSwatchId"": ""@var_variable-90781720-7ff3-c909-13c4-45d269bf0a2a"", ""rValue"": 107, ""bValue"": 118, ""gValue"": 112, ""aValue"": 1}","[{""key"": ""main"", ""min"": 992, ""max"": 10000}, {""key"": ""medium"", ""min"": 768, ""max"": 991}, {""key"": ""small"", ""min"": 480, ""max"": 767}, {""key"": ""tiny"", ""min"": 0, ""max"": 479}]","[""raw/published/resources/03c1fa8b77cf-dentvitalis33.schunk.6ecbf8a934abc739.js""]",,,
derived,e-614,FAQ Accordion Opens,DROPDOWN_OPEN,"[""/""]",a-13-n-3,0,True,,,0,500,STYLE_BACKGROUND_COLOR,CHILDREN,"{""useEventTarget"": ""CHILDREN"", ""selector"": "".horizontal-line.primary-color"", ""selectorGuids"": [""571b4f22-06fa-4499-f6d0-cb8f5ffe0c80"", ""571b4f22-06fa-4499-f6d0-cb8f5ffe0c87""]}",,"{""delay"": 0, ""easing"": """", ""duration"": 500, ""target"": {""useEventTarget"": ""CHILDREN"", ""selector"": "".horizontal-line.primary-color"", ""selectorGuids"": [""571b4f22-06fa-4499-f6d0-cb8f5ffe0c80"", ""571b4f22-06fa-4499-f6d0-cb8f5ffe0c87""]}, ""globalSwatchId"": ""@var_variable-90781720-7ff3-c909-13c4-45d269bf0a2a"", ""rValue"": 107, ""bValue"": 118, ""gValue"": 112, ""aValue"": 1}","[{""key"": ""main"", ""min"": 992, ""max"": 10000}, {""key"": ""medium"", ""min"": 768, ""max"": 991}, {""key"": ""small"", ""min"": 480, ""max"": 767}, {""key"": ""tiny"", ""min"": 0, ""max"": 479}]","[""raw/published/resources/03c1fa8b77cf-dentvitalis33.schunk.6ecbf8a934abc739.js""]",,,
derived,e-614,FAQ Accordion Opens,DROPDOWN_OPEN,"[""/""]",a-13-n-4,0,True,,,0,500,STYLE_BACKGROUND_COLOR,CHILDREN,"{""useEventTarget"": ""CHILDREN"", ""selector"": "".vertical-line.primary-color"", ""selectorGuids"": [""571b4f22-06fa-4499-f6d0-cb8f5ffe0c7c"", ""571b4f22-06fa-4499-f6d0-cb8f5ffe0c88""]}",,"{""delay"": 0, ""easing"": """", ""duration"": 500, ""target"": {""useEventTarget"": ""CHILDREN"", ""selector"": "".vertical-line.primary-color"", ""selectorGuids"": [""571b4f22-06fa-4499-f6d0-cb8f5ffe0c7c"", ""571b4f22-06fa-4499-f6d0-cb8f5ffe0c88""]}, ""globalSwatchId"": ""@var_variable-90781720-7ff3-c909-13c4-45d269bf0a2a"", ""rValue"": 107, ""bValue"": 118, ""gValue"": 112, ""aValue"": 1}","[{""key"": ""main"", ""min"": 992, ""max"": 10000}, {""key"": ""medium"", ""min"": 768, ""max"": 991}, {""key"": ""small"", ""min"": 480, ""max"": 767}, {""key"": ""tiny"", ""min"": 0, ""max"": 479}]","[""raw/published/resources/03c1fa8b77cf-dentvitalis33.schunk.6ecbf8a934abc739.js""]",,,
derived,e-614,FAQ Accordion Opens,DROPDOWN_OPEN,"[""/""]",a-13-n-5,0,True,,,0,500,STYLE_OPACITY,CHILDREN,"{""useEventTarget"": ""CHILDREN"", ""selector"": "".large-paragraph-3.accordion-text"", ""selectorGuids"": [""571b4f22-06fa-4499-f6d0-cb8f5ffe0c82"", ""571b4f22-06fa-4499-f6d0-cb8f5ffe0c89""]}",,"{""delay"": 0, ""easing"": """", ""duration"": 500, ""target"": {""useEventTarget"": ""CHILDREN"", ""selector"": "".large-paragraph-3.accordion-text"", ""selectorGuids"": [""571b4f22-06fa-4499-f6d0-cb8f5ffe0c82"", ""571b4f22-06fa-4499-f6d0-cb8f5ffe0c89""]}, ""value"": 0, ""unit"": """"}","[{""key"": ""main"", ""min"": 992, ""max"": 10000}, {""key"": ""medium"", ""min"": 768, ""max"": 991}, {""key"": ""small"", ""min"": 480, ""max"": 767}, {""key"": ""tiny"", ""min"": 0, ""max"": 479}]","[""raw/published/resources/03c1fa8b77cf-dentvitalis33.schunk.6ecbf8a934abc739.js""]",,,
derived,e-614,FAQ Accordion Opens,DROPDOWN_OPEN,"[""/""]",a-13-n-6,1,False,0,,0,400,STYLE_SIZE,CHILDREN,"{""useEventTarget"": ""CHILDREN"", ""selector"": "".accordion-list"", ""selectorGuids"": [""571b4f22-06fa-4499-f6d0-cb8f5ffe0c7d""]}",ease,"{""delay"": 0, ""easing"": ""ease"", ""duration"": 400, ""target"": {""useEventTarget"": ""CHILDREN"", ""selector"": "".accordion-list"", ""selectorGuids"": [""571b4f22-06fa-4499-f6d0-cb8f5ffe0c7d""]}, ""widthUnit"": ""PX"", ""heightUnit"": ""AUTO"", ""locked"": false}","[{""key"": ""main"", ""min"": 992, ""max"": 10000}, {""key"": ""medium"", ""min"": 768, ""max"": 991}, {""key"": ""small"", ""min"": 480, ""max"": 767}, {""key"": ""tiny"", ""min"": 0, ""max"": 479}]","[""raw/published/resources/03c1fa8b77cf-dentvitalis33.schunk.6ecbf8a934abc739.js""]",,,
derived,e-614,FAQ Accordion Opens,DROPDOWN_OPEN,"[""/""]",a-13-n-7,1,False,0,,0,300,TRANSFORM_ROTATE,CHILDREN,"{""useEventTarget"": ""CHILDREN"", ""selector"": "".vertical-line.primary-color"", ""selectorGuids"": [""571b4f22-06fa-4499-f6d0-cb8f5ffe0c7c"", ""571b4f22-06fa-4499-f6d0-cb8f5ffe0c88""]}",,"{""delay"": 0, ""easing"": """", ""duration"": 300, ""target"": {""useEventTarget"": ""CHILDREN"", ""selector"": "".vertical-line.primary-color"", ""selectorGuids"": [""571b4f22-06fa-4499-f6d0-cb8f5ffe0c7c"", ""571b4f22-06fa-4499-f6d0-cb8f5ffe0c88""]}, ""yValue"": null, ""zValue"": -90, ""xUnit"": ""DEG"", ""yUnit"": ""deg"", ""zUnit"": ""deg""}","[{""key"": ""main"", ""min"": 992, ""max"": 10000}, {""key"": ""medium"", ""min"": 768, ""max"": 991}, {""key"": ""small"", ""min"": 480, ""max"": 767}, {""key"": ""tiny"", ""min"": 0, ""max"": 479}]","[""raw/published/resources/03c1fa8b77cf-dentvitalis33.schunk.6ecbf8a934abc739.js""]",,,
derived,e-614,FAQ Accordion Opens,DROPDOWN_OPEN,"[""/""]",a-13-n-8,1,False,0,,0,500,STYLE_TEXT_COLOR,CHILDREN,"{""useEventTarget"": ""CHILDREN"", ""selector"": "".accordion-title"", ""selectorGuids"": [""571b4f22-06fa-4499-f6d0-cb8f5ffe0c6f""]}",,"{""delay"": 0, ""easing"": """", ""duration"": 500, ""target"": {""useEventTarget"": ""CHILDREN"", ""selector"": "".accordion-title"", ""selectorGuids"": [""571b4f22-06fa-4499-f6d0-cb8f5ffe0c6f""]}, ""globalSwatchId"": ""@var_variable-c30fbafd-c704-5f1e-e20f-7ceadfde5500"", ""rValue"": 0, ""bValue"": 0, ""gValue"": 0, ""aValue"": 1}","[{""key"": ""main"", ""min"": 992, ""max"": 10000}, {""key"": ""medium"", ""min"": 768, ""max"": 991}, {""key"": ""small"", ""min"": 480, ""max"": 767}, {""key"": ""tiny"", ""min"": 0, ""max"": 479}]","[""raw/published/resources/03c1fa8b77cf-dentvitalis33.schunk.6ecbf8a934abc739.js""]",,,
derived,e-614,FAQ Accordion Opens,DROPDOWN_OPEN,"[""/""]",a-13-n-9,1,False,0,,0,700,STYLE_OPACITY,CHILDREN,"{""useEventTarget"": ""CHILDREN"", ""selector"": "".large-paragraph-3.accordion-text"", ""selectorGuids"": [""571b4f22-06fa-4499-f6d0-cb8f5ffe0c82"", ""571b4f22-06fa-4499-f6d0-cb8f5ffe0c89""]}",,"{""delay"": 0, ""easing"": """", ""duration"": 700, ""target"": {""useEventTarget"": ""CHILDREN"", ""selector"": "".large-paragraph-3.accordion-text"", ""selectorGuids"": [""571b4f22-06fa-4499-f6d0-cb8f5ffe0c82"", ""571b4f22-06fa-4499-f6d0-cb8f5ffe0c89""]}, ""value"": 1, ""unit"": """"}","[{""key"": ""main"", ""min"": 992, ""max"": 10000}, {""key"": ""medium"", ""min"": 768, ""max"": 991}, {""key"": ""small"", ""min"": 480, ""max"": 767}, {""key"": ""tiny"", ""min"": 0, ""max"": 479}]","[""raw/published/resources/03c1fa8b77cf-dentvitalis33.schunk.6ecbf8a934abc739.js""]",,,
derived,e-615,FAQ Accordion Closes,DROPDOWN_CLOSE,"[""/""]",a-14-n,0,False,0,,0,400,STYLE_SIZE,CHILDREN,"{""useEventTarget"": ""CHILDREN"", ""selector"": "".accordion-list"", ""selectorGuids"": [""571b4f22-06fa-4499-f6d0-cb8f5ffe0c7d""]}",ease,"{""delay"": 0, ""easing"": ""ease"", ""duration"": 400, ""target"": {""useEventTarget"": ""CHILDREN"", ""selector"": "".accordion-list"", ""selectorGuids"": [""571b4f22-06fa-4499-f6d0-cb8f5ffe0c7d""]}, ""heightValue"": 0, ""widthUnit"": ""PX"", ""heightUnit"": ""px"", ""locked"": false}","[{""key"": ""main"", ""min"": 992, ""max"": 10000}, {""key"": ""medium"", ""min"": 768, ""max"": 991}, {""key"": ""small"", ""min"": 480, ""max"": 767}, {""key"": ""tiny"", ""min"": 0, ""max"": 479}]","[""raw/published/resources/03c1fa8b77cf-dentvitalis33.schunk.6ecbf8a934abc739.js""]",,,
derived,e-615,FAQ Accordion Closes,DROPDOWN_CLOSE,"[""/""]",a-14-n-2,0,False,0,,0,500,STYLE_TEXT_COLOR,CHILDREN,"{""useEventTarget"": ""CHILDREN"", ""selector"": "".accordion-title"", ""selectorGuids"": [""571b4f22-06fa-4499-f6d0-cb8f5ffe0c6f""]}",,"{""delay"": 0, ""easing"": """", ""duration"": 500, ""target"": {""useEventTarget"": ""CHILDREN"", ""selector"": "".accordion-title"", ""selectorGuids"": [""571b4f22-06fa-4499-f6d0-cb8f5ffe0c6f""]}, ""globalSwatchId"": ""@var_variable-90781720-7ff3-c909-13c4-45d269bf0a2a"", ""rValue"": 107, ""bValue"": 118, ""gValue"": 112, ""aValue"": 1}","[{""key"": ""main"", ""min"": 992, ""max"": 10000}, {""key"": ""medium"", ""min"": 768, ""max"": 991}, {""key"": ""small"", ""min"": 480, ""max"": 767}, {""key"": ""tiny"", ""min"": 0, ""max"": 479}]","[""raw/published/resources/03c1fa8b77cf-dentvitalis33.schunk.6ecbf8a934abc739.js""]",,,
derived,e-615,FAQ Accordion Closes,DROPDOWN_CLOSE,"[""/""]",a-14-n-3,0,False,0,,0,300,TRANSFORM_ROTATE,CHILDREN,"{""useEventTarget"": ""CHILDREN"", ""selector"": "".vertical-line.primary-color"", ""selectorGuids"": [""571b4f22-06fa-4499-f6d0-cb8f5ffe0c7c"", ""571b4f22-06fa-4499-f6d0-cb8f5ffe0c88""]}",,"{""delay"": 0, ""easing"": """", ""duration"": 300, ""target"": {""useEventTarget"": ""CHILDREN"", ""selector"": "".vertical-line.primary-color"", ""selectorGuids"": [""571b4f22-06fa-4499-f6d0-cb8f5ffe0c7c"", ""571b4f22-06fa-4499-f6d0-cb8f5ffe0c88""]}, ""zValue"": 0, ""xUnit"": ""DEG"", ""yUnit"": ""DEG"", ""zUnit"": ""deg""}","[{""key"": ""main"", ""min"": 992, ""max"": 10000}, {""key"": ""medium"", ""min"": 768, ""max"": 991}, {""key"": ""small"", ""min"": 480, ""max"": 767}, {""key"": ""tiny"", ""min"": 0, ""max"": 479}]","[""raw/published/resources/03c1fa8b77cf-dentvitalis33.schunk.6ecbf8a934abc739.js""]",,,
derived,e-615,FAQ Accordion Closes,DROPDOWN_CLOSE,"[""/""]",a-14-n-4,0,False,0,,0,0,STYLE_OPACITY,CHILDREN,"{""useEventTarget"": ""CHILDREN"", ""selector"": "".large-paragraph-3.accordion-text"", ""selectorGuids"": [""571b4f22-06fa-4499-f6d0-cb8f5ffe0c82"", ""571b4f22-06fa-4499-f6d0-cb8f5ffe0c89""]}",,"{""delay"": 0, ""easing"": """", ""duration"": 0, ""target"": {""useEventTarget"": ""CHILDREN"", ""selector"": "".large-paragraph-3.accordion-text"", ""selectorGuids"": [""571b4f22-06fa-4499-f6d0-cb8f5ffe0c82"", ""571b4f22-06fa-4499-f6d0-cb8f5ffe0c89""]}, ""value"": 0, ""unit"": """"}","[{""key"": ""main"", ""min"": 992, ""max"": 10000}, {""key"": ""medium"", ""min"": 768, ""max"": 991}, {""key"": ""small"", ""min"": 480, ""max"": 767}, {""key"": ""tiny"", ""min"": 0, ""max"": 479}]","[""raw/published/resources/03c1fa8b77cf-dentvitalis33.schunk.6ecbf8a934abc739.js""]",,,
derived,e-616,FAQ Accordion Opens,DROPDOWN_OPEN,"[""/""]",a-13-n,0,True,,,0,500,STYLE_SIZE,CHILDREN,"{""useEventTarget"": ""CHILDREN"", ""selector"": "".accordion-list"", ""selectorGuids"": [""571b4f22-06fa-4499-f6d0-cb8f5ffe0c7d""]}",,"{""delay"": 0, ""easing"": """", ""duration"": 500, ""target"": {""useEventTarget"": ""CHILDREN"", ""selector"": "".accordion-list"", ""selectorGuids"": [""571b4f22-06fa-4499-f6d0-cb8f5ffe0c7d""]}, ""heightValue"": 0, ""widthUnit"": ""PX"", ""heightUnit"": ""px"", ""locked"": false}","[{""key"": ""main"", ""min"": 992, ""max"": 10000}, {""key"": ""medium"", ""min"": 768, ""max"": 991}, {""key"": ""small"", ""min"": 480, ""max"": 767}, {""key"": ""tiny"", ""min"": 0, ""max"": 479}]","[""raw/published/resources/03c1fa8b77cf-dentvitalis33.schunk.6ecbf8a934abc739.js""]",,,
derived,e-616,FAQ Accordion Opens,DROPDOWN_OPEN,"[""/""]",a-13-n-2,0,True,,,0,500,STYLE_TEXT_COLOR,CHILDREN,"{""useEventTarget"": ""CHILDREN"", ""selector"": "".accordion-title"", ""selectorGuids"": [""571b4f22-06fa-4499-f6d0-cb8f5ffe0c6f""]}",,"{""delay"": 0, ""easing"": """", ""duration"": 500, ""target"": {""useEventTarget"": ""CHILDREN"", ""selector"": "".accordion-title"", ""selectorGuids"": [""571b4f22-06fa-4499-f6d0-cb8f5ffe0c6f""]}, ""globalSwatchId"": ""@var_variable-90781720-7ff3-c909-13c4-45d269bf0a2a"", ""rValue"": 107, ""bValue"": 118, ""gValue"": 112, ""aValue"": 1}","[{""key"": ""main"", ""min"": 992, ""max"": 10000}, {""key"": ""medium"", ""min"": 768, ""max"": 991}, {""key"": ""small"", ""min"": 480, ""max"": 767}, {""key"": ""tiny"", ""min"": 0, ""max"": 479}]","[""raw/published/resources/03c1fa8b77cf-dentvitalis33.schunk.6ecbf8a934abc739.js""]",,,
derived,e-616,FAQ Accordion Opens,DROPDOWN_OPEN,"[""/""]",a-13-n-3,0,True,,,0,500,STYLE_BACKGROUND_COLOR,CHILDREN,"{""useEventTarget"": ""CHILDREN"", ""selector"": "".horizontal-line.primary-color"", ""selectorGuids"": [""571b4f22-06fa-4499-f6d0-cb8f5ffe0c80"", ""571b4f22-06fa-4499-f6d0-cb8f5ffe0c87""]}",,"{""delay"": 0, ""easing"": """", ""duration"": 500, ""target"": {""useEventTarget"": ""CHILDREN"", ""selector"": "".horizontal-line.primary-color"", ""selectorGuids"": [""571b4f22-06fa-4499-f6d0-cb8f5ffe0c80"", ""571b4f22-06fa-4499-f6d0-cb8f5ffe0c87""]}, ""globalSwatchId"": ""@var_variable-90781720-7ff3-c909-13c4-45d269bf0a2a"", ""rValue"": 107, ""bValue"": 118, ""gValue"": 112, ""aValue"": 1}","[{""key"": ""main"", ""min"": 992, ""max"": 10000}, {""key"": ""medium"", ""min"": 768, ""max"": 991}, {""key"": ""small"", ""min"": 480, ""max"": 767}, {""key"": ""tiny"", ""min"": 0, ""max"": 479}]","[""raw/published/resources/03c1fa8b77cf-dentvitalis33.schunk.6ecbf8a934abc739.js""]",,,
derived,e-616,FAQ Accordion Opens,DROPDOWN_OPEN,"[""/""]",a-13-n-4,0,True,,,0,500,STYLE_BACKGROUND_COLOR,CHILDREN,"{""useEventTarget"": ""CHILDREN"", ""selector"": "".vertical-line.primary-color"", ""selectorGuids"": [""571b4f22-06fa-4499-f6d0-cb8f5ffe0c7c"", ""571b4f22-06fa-4499-f6d0-cb8f5ffe0c88""]}",,"{""delay"": 0, ""easing"": """", ""duration"": 500, ""target"": {""useEventTarget"": ""CHILDREN"", ""selector"": "".vertical-line.primary-color"", ""selectorGuids"": [""571b4f22-06fa-4499-f6d0-cb8f5ffe0c7c"", ""571b4f22-06fa-4499-f6d0-cb8f5ffe0c88""]}, ""globalSwatchId"": ""@var_variable-90781720-7ff3-c909-13c4-45d269bf0a2a"", ""rValue"": 107, ""bValue"": 118, ""gValue"": 112, ""aValue"": 1}","[{""key"": ""main"", ""min"": 992, ""max"": 10000}, {""key"": ""medium"", ""min"": 768, ""max"": 991}, {""key"": ""small"", ""min"": 480, ""max"": 767}, {""key"": ""tiny"", ""min"": 0, ""max"": 479}]","[""raw/published/resources/03c1fa8b77cf-dentvitalis33.schunk.6ecbf8a934abc739.js""]",,,
derived,e-616,FAQ Accordion Opens,DROPDOWN_OPEN,"[""/""]",a-13-n-5,0,True,,,0,500,STYLE_OPACITY,CHILDREN,"{""useEventTarget"": ""CHILDREN"", ""selector"": "".large-paragraph-3.accordion-text"", ""selectorGuids"": [""571b4f22-06fa-4499-f6d0-cb8f5ffe0c82"", ""571b4f22-06fa-4499-f6d0-cb8f5ffe0c89""]}",,"{""delay"": 0, ""easing"": """", ""duration"": 500, ""target"": {""useEventTarget"": ""CHILDREN"", ""selector"": "".large-paragraph-3.accordion-text"", ""selectorGuids"": [""571b4f22-06fa-4499-f6d0-cb8f5ffe0c82"", ""571b4f22-06fa-4499-f6d0-cb8f5ffe0c89""]}, ""value"": 0, ""unit"": """"}","[{""key"": ""main"", ""min"": 992, ""max"": 10000}, {""key"": ""medium"", ""min"": 768, ""max"": 991}, {""key"": ""small"", ""min"": 480, ""max"": 767}, {""key"": ""tiny"", ""min"": 0, ""max"": 479}]","[""raw/published/resources/03c1fa8b77cf-dentvitalis33.schunk.6ecbf8a934abc739.js""]",,,
derived,e-616,FAQ Accordion Opens,DROPDOWN_OPEN,"[""/""]",a-13-n-6,1,False,0,,0,400,STYLE_SIZE,CHILDREN,"{""useEventTarget"": ""CHILDREN"", ""selector"": "".accordion-list"", ""selectorGuids"": [""571b4f22-06fa-4499-f6d0-cb8f5ffe0c7d""]}",ease,"{""delay"": 0, ""easing"": ""ease"", ""duration"": 400, ""target"": {""useEventTarget"": ""CHILDREN"", ""selector"": "".accordion-list"", ""selectorGuids"": [""571b4f22-06fa-4499-f6d0-cb8f5ffe0c7d""]}, ""widthUnit"": ""PX"", ""heightUnit"": ""AUTO"", ""locked"": false}","[{""key"": ""main"", ""min"": 992, ""max"": 10000}, {""key"": ""medium"", ""min"": 768, ""max"": 991}, {""key"": ""small"", ""min"": 480, ""max"": 767}, {""key"": ""tiny"", ""min"": 0, ""max"": 479}]","[""raw/published/resources/03c1fa8b77cf-dentvitalis33.schunk.6ecbf8a934abc739.js""]",,,
derived,e-616,FAQ Accordion Opens,DROPDOWN_OPEN,"[""/""]",a-13-n-7,1,False,0,,0,300,TRANSFORM_ROTATE,CHILDREN,"{""useEventTarget"": ""CHILDREN"", ""selector"": "".vertical-line.primary-color"", ""selectorGuids"": [""571b4f22-06fa-4499-f6d0-cb8f5ffe0c7c"", ""571b4f22-06fa-4499-f6d0-cb8f5ffe0c88""]}",,"{""delay"": 0, ""easing"": """", ""duration"": 300, ""target"": {""useEventTarget"": ""CHILDREN"", ""selector"": "".vertical-line.primary-color"", ""selectorGuids"": [""571b4f22-06fa-4499-f6d0-cb8f5ffe0c7c"", ""571b4f22-06fa-4499-f6d0-cb8f5ffe0c88""]}, ""yValue"": null, ""zValue"": -90, ""xUnit"": ""DEG"", ""yUnit"": ""deg"", ""zUnit"": ""deg""}","[{""key"": ""main"", ""min"": 992, ""max"": 10000}, {""key"": ""medium"", ""min"": 768, ""max"": 991}, {""key"": ""small"", ""min"": 480, ""max"": 767}, {""key"": ""tiny"", ""min"": 0, ""max"": 479}]","[""raw/published/resources/03c1fa8b77cf-dentvitalis33.schunk.6ecbf8a934abc739.js""]",,,
derived,e-616,FAQ Accordion Opens,DROPDOWN_OPEN,"[""/""]",a-13-n-8,1,False,0,,0,500,STYLE_TEXT_COLOR,CHILDREN,"{""useEventTarget"": ""CHILDREN"", ""selector"": "".accordion-title"", ""selectorGuids"": [""571b4f22-06fa-4499-f6d0-cb8f5ffe0c6f""]}",,"{""delay"": 0, ""easing"": """", ""duration"": 500, ""target"": {""useEventTarget"": ""CHILDREN"", ""selector"": "".accordion-title"", ""selectorGuids"": [""571b4f22-06fa-4499-f6d0-cb8f5ffe0c6f""]}, ""globalSwatchId"": ""@var_variable-c30fbafd-c704-5f1e-e20f-7ceadfde5500"", ""rValue"": 0, ""bValue"": 0, ""gValue"": 0, ""aValue"": 1}","[{""key"": ""main"", ""min"": 992, ""max"": 10000}, {""key"": ""medium"", ""min"": 768, ""max"": 991}, {""key"": ""small"", ""min"": 480, ""max"": 767}, {""key"": ""tiny"", ""min"": 0, ""max"": 479}]","[""raw/published/resources/03c1fa8b77cf-dentvitalis33.schunk.6ecbf8a934abc739.js""]",,,
derived,e-616,FAQ Accordion Opens,DROPDOWN_OPEN,"[""/""]",a-13-n-9,1,False,0,,0,700,STYLE_OPACITY,CHILDREN,"{""useEventTarget"": ""CHILDREN"", ""selector"": "".large-paragraph-3.accordion-text"", ""selectorGuids"": [""571b4f22-06fa-4499-f6d0-cb8f5ffe0c82"", ""571b4f22-06fa-4499-f6d0-cb8f5ffe0c89""]}",,"{""delay"": 0, ""easing"": """", ""duration"": 700, ""target"": {""useEventTarget"": ""CHILDREN"", ""selector"": "".large-paragraph-3.accordion-text"", ""selectorGuids"": [""571b4f22-06fa-4499-f6d0-cb8f5ffe0c82"", ""571b4f22-06fa-4499-f6d0-cb8f5ffe0c89""]}, ""value"": 1, ""unit"": """"}","[{""key"": ""main"", ""min"": 992, ""max"": 10000}, {""key"": ""medium"", ""min"": 768, ""max"": 991}, {""key"": ""small"", ""min"": 480, ""max"": 767}, {""key"": ""tiny"", ""min"": 0, ""max"": 479}]","[""raw/published/resources/03c1fa8b77cf-dentvitalis33.schunk.6ecbf8a934abc739.js""]",,,
derived,e-617,FAQ Accordion Closes,DROPDOWN_CLOSE,"[""/""]",a-14-n,0,False,0,,0,400,STYLE_SIZE,CHILDREN,"{""useEventTarget"": ""CHILDREN"", ""selector"": "".accordion-list"", ""selectorGuids"": [""571b4f22-06fa-4499-f6d0-cb8f5ffe0c7d""]}",ease,"{""delay"": 0, ""easing"": ""ease"", ""duration"": 400, ""target"": {""useEventTarget"": ""CHILDREN"", ""selector"": "".accordion-list"", ""selectorGuids"": [""571b4f22-06fa-4499-f6d0-cb8f5ffe0c7d""]}, ""heightValue"": 0, ""widthUnit"": ""PX"", ""heightUnit"": ""px"", ""locked"": false}","[{""key"": ""main"", ""min"": 992, ""max"": 10000}, {""key"": ""medium"", ""min"": 768, ""max"": 991}, {""key"": ""small"", ""min"": 480, ""max"": 767}, {""key"": ""tiny"", ""min"": 0, ""max"": 479}]","[""raw/published/resources/03c1fa8b77cf-dentvitalis33.schunk.6ecbf8a934abc739.js""]",,,
derived,e-617,FAQ Accordion Closes,DROPDOWN_CLOSE,"[""/""]",a-14-n-2,0,False,0,,0,500,STYLE_TEXT_COLOR,CHILDREN,"{""useEventTarget"": ""CHILDREN"", ""selector"": "".accordion-title"", ""selectorGuids"": [""571b4f22-06fa-4499-f6d0-cb8f5ffe0c6f""]}",,"{""delay"": 0, ""easing"": """", ""duration"": 500, ""target"": {""useEventTarget"": ""CHILDREN"", ""selector"": "".accordion-title"", ""selectorGuids"": [""571b4f22-06fa-4499-f6d0-cb8f5ffe0c6f""]}, ""globalSwatchId"": ""@var_variable-90781720-7ff3-c909-13c4-45d269bf0a2a"", ""rValue"": 107, ""bValue"": 118, ""gValue"": 112, ""aValue"": 1}","[{""key"": ""main"", ""min"": 992, ""max"": 10000}, {""key"": ""medium"", ""min"": 768, ""max"": 991}, {""key"": ""small"", ""min"": 480, ""max"": 767}, {""key"": ""tiny"", ""min"": 0, ""max"": 479}]","[""raw/published/resources/03c1fa8b77cf-dentvitalis33.schunk.6ecbf8a934abc739.js""]",,,
derived,e-617,FAQ Accordion Closes,DROPDOWN_CLOSE,"[""/""]",a-14-n-3,0,False,0,,0,300,TRANSFORM_ROTATE,CHILDREN,"{""useEventTarget"": ""CHILDREN"", ""selector"": "".vertical-line.primary-color"", ""selectorGuids"": [""571b4f22-06fa-4499-f6d0-cb8f5ffe0c7c"", ""571b4f22-06fa-4499-f6d0-cb8f5ffe0c88""]}",,"{""delay"": 0, ""easing"": """", ""duration"": 300, ""target"": {""useEventTarget"": ""CHILDREN"", ""selector"": "".vertical-line.primary-color"", ""selectorGuids"": [""571b4f22-06fa-4499-f6d0-cb8f5ffe0c7c"", ""571b4f22-06fa-4499-f6d0-cb8f5ffe0c88""]}, ""zValue"": 0, ""xUnit"": ""DEG"", ""yUnit"": ""DEG"", ""zUnit"": ""deg""}","[{""key"": ""main"", ""min"": 992, ""max"": 10000}, {""key"": ""medium"", ""min"": 768, ""max"": 991}, {""key"": ""small"", ""min"": 480, ""max"": 767}, {""key"": ""tiny"", ""min"": 0, ""max"": 479}]","[""raw/published/resources/03c1fa8b77cf-dentvitalis33.schunk.6ecbf8a934abc739.js""]",,,
derived,e-617,FAQ Accordion Closes,DROPDOWN_CLOSE,"[""/""]",a-14-n-4,0,False,0,,0,0,STYLE_OPACITY,CHILDREN,"{""useEventTarget"": ""CHILDREN"", ""selector"": "".large-paragraph-3.accordion-text"", ""selectorGuids"": [""571b4f22-06fa-4499-f6d0-cb8f5ffe0c82"", ""571b4f22-06fa-4499-f6d0-cb8f5ffe0c89""]}",,"{""delay"": 0, ""easing"": """", ""duration"": 0, ""target"": {""useEventTarget"": ""CHILDREN"", ""selector"": "".large-paragraph-3.accordion-text"", ""selectorGuids"": [""571b4f22-06fa-4499-f6d0-cb8f5ffe0c82"", ""571b4f22-06fa-4499-f6d0-cb8f5ffe0c89""]}, ""value"": 0, ""unit"": """"}","[{""key"": ""main"", ""min"": 992, ""max"": 10000}, {""key"": ""medium"", ""min"": 768, ""max"": 991}, {""key"": ""small"", ""min"": 480, ""max"": 767}, {""key"": ""tiny"", ""min"": 0, ""max"": 479}]","[""raw/published/resources/03c1fa8b77cf-dentvitalis33.schunk.6ecbf8a934abc739.js""]",,,
derived,e-618,FAQ Accordion Opens,DROPDOWN_OPEN,"[""/""]",a-13-n,0,True,,,0,500,STYLE_SIZE,CHILDREN,"{""useEventTarget"": ""CHILDREN"", ""selector"": "".accordion-list"", ""selectorGuids"": [""571b4f22-06fa-4499-f6d0-cb8f5ffe0c7d""]}",,"{""delay"": 0, ""easing"": """", ""duration"": 500, ""target"": {""useEventTarget"": ""CHILDREN"", ""selector"": "".accordion-list"", ""selectorGuids"": [""571b4f22-06fa-4499-f6d0-cb8f5ffe0c7d""]}, ""heightValue"": 0, ""widthUnit"": ""PX"", ""heightUnit"": ""px"", ""locked"": false}","[{""key"": ""main"", ""min"": 992, ""max"": 10000}, {""key"": ""medium"", ""min"": 768, ""max"": 991}, {""key"": ""small"", ""min"": 480, ""max"": 767}, {""key"": ""tiny"", ""min"": 0, ""max"": 479}]","[""raw/published/resources/03c1fa8b77cf-dentvitalis33.schunk.6ecbf8a934abc739.js""]",,,
derived,e-618,FAQ Accordion Opens,DROPDOWN_OPEN,"[""/""]",a-13-n-2,0,True,,,0,500,STYLE_TEXT_COLOR,CHILDREN,"{""useEventTarget"": ""CHILDREN"", ""selector"": "".accordion-title"", ""selectorGuids"": [""571b4f22-06fa-4499-f6d0-cb8f5ffe0c6f""]}",,"{""delay"": 0, ""easing"": """", ""duration"": 500, ""target"": {""useEventTarget"": ""CHILDREN"", ""selector"": "".accordion-title"", ""selectorGuids"": [""571b4f22-06fa-4499-f6d0-cb8f5ffe0c6f""]}, ""globalSwatchId"": ""@var_variable-90781720-7ff3-c909-13c4-45d269bf0a2a"", ""rValue"": 107, ""bValue"": 118, ""gValue"": 112, ""aValue"": 1}","[{""key"": ""main"", ""min"": 992, ""max"": 10000}, {""key"": ""medium"", ""min"": 768, ""max"": 991}, {""key"": ""small"", ""min"": 480, ""max"": 767}, {""key"": ""tiny"", ""min"": 0, ""max"": 479}]","[""raw/published/resources/03c1fa8b77cf-dentvitalis33.schunk.6ecbf8a934abc739.js""]",,,
derived,e-618,FAQ Accordion Opens,DROPDOWN_OPEN,"[""/""]",a-13-n-3,0,True,,,0,500,STYLE_BACKGROUND_COLOR,CHILDREN,"{""useEventTarget"": ""CHILDREN"", ""selector"": "".horizontal-line.primary-color"", ""selectorGuids"": [""571b4f22-06fa-4499-f6d0-cb8f5ffe0c80"", ""571b4f22-06fa-4499-f6d0-cb8f5ffe0c87""]}",,"{""delay"": 0, ""easing"": """", ""duration"": 500, ""target"": {""useEventTarget"": ""CHILDREN"", ""selector"": "".horizontal-line.primary-color"", ""selectorGuids"": [""571b4f22-06fa-4499-f6d0-cb8f5ffe0c80"", ""571b4f22-06fa-4499-f6d0-cb8f5ffe0c87""]}, ""globalSwatchId"": ""@var_variable-90781720-7ff3-c909-13c4-45d269bf0a2a"", ""rValue"": 107, ""bValue"": 118, ""gValue"": 112, ""aValue"": 1}","[{""key"": ""main"", ""min"": 992, ""max"": 10000}, {""key"": ""medium"", ""min"": 768, ""max"": 991}, {""key"": ""small"", ""min"": 480, ""max"": 767}, {""key"": ""tiny"", ""min"": 0, ""max"": 479}]","[""raw/published/resources/03c1fa8b77cf-dentvitalis33.schunk.6ecbf8a934abc739.js""]",,,
derived,e-618,FAQ Accordion Opens,DROPDOWN_OPEN,"[""/""]",a-13-n-4,0,True,,,0,500,STYLE_BACKGROUND_COLOR,CHILDREN,"{""useEventTarget"": ""CHILDREN"", ""selector"": "".vertical-line.primary-color"", ""selectorGuids"": [""571b4f22-06fa-4499-f6d0-cb8f5ffe0c7c"", ""571b4f22-06fa-4499-f6d0-cb8f5ffe0c88""]}",,"{""delay"": 0, ""easing"": """", ""duration"": 500, ""target"": {""useEventTarget"": ""CHILDREN"", ""selector"": "".vertical-line.primary-color"", ""selectorGuids"": [""571b4f22-06fa-4499-f6d0-cb8f5ffe0c7c"", ""571b4f22-06fa-4499-f6d0-cb8f5ffe0c88""]}, ""globalSwatchId"": ""@var_variable-90781720-7ff3-c909-13c4-45d269bf0a2a"", ""rValue"": 107, ""bValue"": 118, ""gValue"": 112, ""aValue"": 1}","[{""key"": ""main"", ""min"": 992, ""max"": 10000}, {""key"": ""medium"", ""min"": 768, ""max"": 991}, {""key"": ""small"", ""min"": 480, ""max"": 767}, {""key"": ""tiny"", ""min"": 0, ""max"": 479}]","[""raw/published/resources/03c1fa8b77cf-dentvitalis33.schunk.6ecbf8a934abc739.js""]",,,
derived,e-618,FAQ Accordion Opens,DROPDOWN_OPEN,"[""/""]",a-13-n-5,0,True,,,0,500,STYLE_OPACITY,CHILDREN,"{""useEventTarget"": ""CHILDREN"", ""selector"": "".large-paragraph-3.accordion-text"", ""selectorGuids"": [""571b4f22-06fa-4499-f6d0-cb8f5ffe0c82"", ""571b4f22-06fa-4499-f6d0-cb8f5ffe0c89""]}",,"{""delay"": 0, ""easing"": """", ""duration"": 500, ""target"": {""useEventTarget"": ""CHILDREN"", ""selector"": "".large-paragraph-3.accordion-text"", ""selectorGuids"": [""571b4f22-06fa-4499-f6d0-cb8f5ffe0c82"", ""571b4f22-06fa-4499-f6d0-cb8f5ffe0c89""]}, ""value"": 0, ""unit"": """"}","[{""key"": ""main"", ""min"": 992, ""max"": 10000}, {""key"": ""medium"", ""min"": 768, ""max"": 991}, {""key"": ""small"", ""min"": 480, ""max"": 767}, {""key"": ""tiny"", ""min"": 0, ""max"": 479}]","[""raw/published/resources/03c1fa8b77cf-dentvitalis33.schunk.6ecbf8a934abc739.js""]",,,
derived,e-618,FAQ Accordion Opens,DROPDOWN_OPEN,"[""/""]",a-13-n-6,1,False,0,,0,400,STYLE_SIZE,CHILDREN,"{""useEventTarget"": ""CHILDREN"", ""selector"": "".accordion-list"", ""selectorGuids"": [""571b4f22-06fa-4499-f6d0-cb8f5ffe0c7d""]}",ease,"{""delay"": 0, ""easing"": ""ease"", ""duration"": 400, ""target"": {""useEventTarget"": ""CHILDREN"", ""selector"": "".accordion-list"", ""selectorGuids"": [""571b4f22-06fa-4499-f6d0-cb8f5ffe0c7d""]}, ""widthUnit"": ""PX"", ""heightUnit"": ""AUTO"", ""locked"": false}","[{""key"": ""main"", ""min"": 992, ""max"": 10000}, {""key"": ""medium"", ""min"": 768, ""max"": 991}, {""key"": ""small"", ""min"": 480, ""max"": 767}, {""key"": ""tiny"", ""min"": 0, ""max"": 479}]","[""raw/published/resources/03c1fa8b77cf-dentvitalis33.schunk.6ecbf8a934abc739.js""]",,,
derived,e-618,FAQ Accordion Opens,DROPDOWN_OPEN,"[""/""]",a-13-n-7,1,False,0,,0,300,TRANSFORM_ROTATE,CHILDREN,"{""useEventTarget"": ""CHILDREN"", ""selector"": "".vertical-line.primary-color"", ""selectorGuids"": [""571b4f22-06fa-4499-f6d0-cb8f5ffe0c7c"", ""571b4f22-06fa-4499-f6d0-cb8f5ffe0c88""]}",,"{""delay"": 0, ""easing"": """", ""duration"": 300, ""target"": {""useEventTarget"": ""CHILDREN"", ""selector"": "".vertical-line.primary-color"", ""selectorGuids"": [""571b4f22-06fa-4499-f6d0-cb8f5ffe0c7c"", ""571b4f22-06fa-4499-f6d0-cb8f5ffe0c88""]}, ""yValue"": null, ""zValue"": -90, ""xUnit"": ""DEG"", ""yUnit"": ""deg"", ""zUnit"": ""deg""}","[{""key"": ""main"", ""min"": 992, ""max"": 10000}, {""key"": ""medium"", ""min"": 768, ""max"": 991}, {""key"": ""small"", ""min"": 480, ""max"": 767}, {""key"": ""tiny"", ""min"": 0, ""max"": 479}]","[""raw/published/resources/03c1fa8b77cf-dentvitalis33.schunk.6ecbf8a934abc739.js""]",,,
derived,e-618,FAQ Accordion Opens,DROPDOWN_OPEN,"[""/""]",a-13-n-8,1,False,0,,0,500,STYLE_TEXT_COLOR,CHILDREN,"{""useEventTarget"": ""CHILDREN"", ""selector"": "".accordion-title"", ""selectorGuids"": [""571b4f22-06fa-4499-f6d0-cb8f5ffe0c6f""]}",,"{""delay"": 0, ""easing"": """", ""duration"": 500, ""target"": {""useEventTarget"": ""CHILDREN"", ""selector"": "".accordion-title"", ""selectorGuids"": [""571b4f22-06fa-4499-f6d0-cb8f5ffe0c6f""]}, ""globalSwatchId"": ""@var_variable-c30fbafd-c704-5f1e-e20f-7ceadfde5500"", ""rValue"": 0, ""bValue"": 0, ""gValue"": 0, ""aValue"": 1}","[{""key"": ""main"", ""min"": 992, ""max"": 10000}, {""key"": ""medium"", ""min"": 768, ""max"": 991}, {""key"": ""small"", ""min"": 480, ""max"": 767}, {""key"": ""tiny"", ""min"": 0, ""max"": 479}]","[""raw/published/resources/03c1fa8b77cf-dentvitalis33.schunk.6ecbf8a934abc739.js""]",,,
derived,e-618,FAQ Accordion Opens,DROPDOWN_OPEN,"[""/""]",a-13-n-9,1,False,0,,0,700,STYLE_OPACITY,CHILDREN,"{""useEventTarget"": ""CHILDREN"", ""selector"": "".large-paragraph-3.accordion-text"", ""selectorGuids"": [""571b4f22-06fa-4499-f6d0-cb8f5ffe0c82"", ""571b4f22-06fa-4499-f6d0-cb8f5ffe0c89""]}",,"{""delay"": 0, ""easing"": """", ""duration"": 700, ""target"": {""useEventTarget"": ""CHILDREN"", ""selector"": "".large-paragraph-3.accordion-text"", ""selectorGuids"": [""571b4f22-06fa-4499-f6d0-cb8f5ffe0c82"", ""571b4f22-06fa-4499-f6d0-cb8f5ffe0c89""]}, ""value"": 1, ""unit"": """"}","[{""key"": ""main"", ""min"": 992, ""max"": 10000}, {""key"": ""medium"", ""min"": 768, ""max"": 991}, {""key"": ""small"", ""min"": 480, ""max"": 767}, {""key"": ""tiny"", ""min"": 0, ""max"": 479}]","[""raw/published/resources/03c1fa8b77cf-dentvitalis33.schunk.6ecbf8a934abc739.js""]",,,
derived,e-619,FAQ Accordion Closes,DROPDOWN_CLOSE,"[""/""]",a-14-n,0,False,0,,0,400,STYLE_SIZE,CHILDREN,"{""useEventTarget"": ""CHILDREN"", ""selector"": "".accordion-list"", ""selectorGuids"": [""571b4f22-06fa-4499-f6d0-cb8f5ffe0c7d""]}",ease,"{""delay"": 0, ""easing"": ""ease"", ""duration"": 400, ""target"": {""useEventTarget"": ""CHILDREN"", ""selector"": "".accordion-list"", ""selectorGuids"": [""571b4f22-06fa-4499-f6d0-cb8f5ffe0c7d""]}, ""heightValue"": 0, ""widthUnit"": ""PX"", ""heightUnit"": ""px"", ""locked"": false}","[{""key"": ""main"", ""min"": 992, ""max"": 10000}, {""key"": ""medium"", ""min"": 768, ""max"": 991}, {""key"": ""small"", ""min"": 480, ""max"": 767}, {""key"": ""tiny"", ""min"": 0, ""max"": 479}]","[""raw/published/resources/03c1fa8b77cf-dentvitalis33.schunk.6ecbf8a934abc739.js""]",,,
derived,e-619,FAQ Accordion Closes,DROPDOWN_CLOSE,"[""/""]",a-14-n-2,0,False,0,,0,500,STYLE_TEXT_COLOR,CHILDREN,"{""useEventTarget"": ""CHILDREN"", ""selector"": "".accordion-title"", ""selectorGuids"": [""571b4f22-06fa-4499-f6d0-cb8f5ffe0c6f""]}",,"{""delay"": 0, ""easing"": """", ""duration"": 500, ""target"": {""useEventTarget"": ""CHILDREN"", ""selector"": "".accordion-title"", ""selectorGuids"": [""571b4f22-06fa-4499-f6d0-cb8f5ffe0c6f""]}, ""globalSwatchId"": ""@var_variable-90781720-7ff3-c909-13c4-45d269bf0a2a"", ""rValue"": 107, ""bValue"": 118, ""gValue"": 112, ""aValue"": 1}","[{""key"": ""main"", ""min"": 992, ""max"": 10000}, {""key"": ""medium"", ""min"": 768, ""max"": 991}, {""key"": ""small"", ""min"": 480, ""max"": 767}, {""key"": ""tiny"", ""min"": 0, ""max"": 479}]","[""raw/published/resources/03c1fa8b77cf-dentvitalis33.schunk.6ecbf8a934abc739.js""]",,,
derived,e-619,FAQ Accordion Closes,DROPDOWN_CLOSE,"[""/""]",a-14-n-3,0,False,0,,0,300,TRANSFORM_ROTATE,CHILDREN,"{""useEventTarget"": ""CHILDREN"", ""selector"": "".vertical-line.primary-color"", ""selectorGuids"": [""571b4f22-06fa-4499-f6d0-cb8f5ffe0c7c"", ""571b4f22-06fa-4499-f6d0-cb8f5ffe0c88""]}",,"{""delay"": 0, ""easing"": """", ""duration"": 300, ""target"": {""useEventTarget"": ""CHILDREN"", ""selector"": "".vertical-line.primary-color"", ""selectorGuids"": [""571b4f22-06fa-4499-f6d0-cb8f5ffe0c7c"", ""571b4f22-06fa-4499-f6d0-cb8f5ffe0c88""]}, ""zValue"": 0, ""xUnit"": ""DEG"", ""yUnit"": ""DEG"", ""zUnit"": ""deg""}","[{""key"": ""main"", ""min"": 992, ""max"": 10000}, {""key"": ""medium"", ""min"": 768, ""max"": 991}, {""key"": ""small"", ""min"": 480, ""max"": 767}, {""key"": ""tiny"", ""min"": 0, ""max"": 479}]","[""raw/published/resources/03c1fa8b77cf-dentvitalis33.schunk.6ecbf8a934abc739.js""]",,,
derived,e-619,FAQ Accordion Closes,DROPDOWN_CLOSE,"[""/""]",a-14-n-4,0,False,0,,0,0,STYLE_OPACITY,CHILDREN,"{""useEventTarget"": ""CHILDREN"", ""selector"": "".large-paragraph-3.accordion-text"", ""selectorGuids"": [""571b4f22-06fa-4499-f6d0-cb8f5ffe0c82"", ""571b4f22-06fa-4499-f6d0-cb8f5ffe0c89""]}",,"{""delay"": 0, ""easing"": """", ""duration"": 0, ""target"": {""useEventTarget"": ""CHILDREN"", ""selector"": "".large-paragraph-3.accordion-text"", ""selectorGuids"": [""571b4f22-06fa-4499-f6d0-cb8f5ffe0c82"", ""571b4f22-06fa-4499-f6d0-cb8f5ffe0c89""]}, ""value"": 0, ""unit"": """"}","[{""key"": ""main"", ""min"": 992, ""max"": 10000}, {""key"": ""medium"", ""min"": 768, ""max"": 991}, {""key"": ""small"", ""min"": 480, ""max"": 767}, {""key"": ""tiny"", ""min"": 0, ""max"": 479}]","[""raw/published/resources/03c1fa8b77cf-dentvitalis33.schunk.6ecbf8a934abc739.js""]",,,
derived,e-632,e-632,SCROLL_INTO_VIEW,"[""/""]",e-632-derived-step-0,0,True,,200,0,0,STYLE_OPACITY,True,"{""id"": ""N/A"", ""appliesTo"": ""TRIGGER_ELEMENT"", ""useEventTarget"": true}",,"{""delay"": 0, ""duration"": 0, ""target"": {""id"": ""N/A"", ""appliesTo"": ""TRIGGER_ELEMENT"", ""useEventTarget"": true}, ""value"": 0}","[{""key"": ""main"", ""min"": 992, ""max"": 10000}, {""key"": ""medium"", ""min"": 768, ""max"": 991}, {""key"": ""small"", ""min"": 480, ""max"": 767}, {""key"": ""tiny"", ""min"": 0, ""max"": 479}]","[""raw/published/resources/03c1fa8b77cf-dentvitalis33.schunk.6ecbf8a934abc739.js""]",,,
derived,e-632,e-632,SCROLL_INTO_VIEW,"[""/""]",e-632-derived-step-1,1,False,0,200,0,0,TRANSFORM_MOVE,True,"{""id"": ""N/A"", ""appliesTo"": ""TRIGGER_ELEMENT"", ""useEventTarget"": true}",,"{""delay"": 0, ""duration"": 0, ""target"": {""id"": ""N/A"", ""appliesTo"": ""TRIGGER_ELEMENT"", ""useEventTarget"": true}, ""xValue"": 0, ""yValue"": 100, ""xUnit"": ""PX"", ""yUnit"": ""PX"", ""zUnit"": ""PX""}","[{""key"": ""main"", ""min"": 992, ""max"": 10000}, {""key"": ""medium"", ""min"": 768, ""max"": 991}, {""key"": ""small"", ""min"": 480, ""max"": 767}, {""key"": ""tiny"", ""min"": 0, ""max"": 479}]","[""raw/published/resources/03c1fa8b77cf-dentvitalis33.schunk.6ecbf8a934abc739.js""]",,,
derived,e-632,e-632,SCROLL_INTO_VIEW,"[""/""]",e-632-derived-step-2,2,False,0,200,0,1000,TRANSFORM_MOVE,True,"{""id"": ""N/A"", ""appliesTo"": ""TRIGGER_ELEMENT"", ""useEventTarget"": true}",outQuart,"{""delay"": 0, ""easing"": ""outQuart"", ""duration"": 1000, ""target"": {""id"": ""N/A"", ""appliesTo"": ""TRIGGER_ELEMENT"", ""useEventTarget"": true}, ""xValue"": 0, ""yValue"": 0, ""xUnit"": ""PX"", ""yUnit"": ""PX"", ""zUnit"": ""PX""}","[{""key"": ""main"", ""min"": 992, ""max"": 10000}, {""key"": ""medium"", ""min"": 768, ""max"": 991}, {""key"": ""small"", ""min"": 480, ""max"": 767}, {""key"": ""tiny"", ""min"": 0, ""max"": 479}]","[""raw/published/resources/03c1fa8b77cf-dentvitalis33.schunk.6ecbf8a934abc739.js""]",,,
derived,e-632,e-632,SCROLL_INTO_VIEW,"[""/""]",e-632-derived-step-3,2,False,0,200,0,1000,STYLE_OPACITY,True,"{""id"": ""N/A"", ""appliesTo"": ""TRIGGER_ELEMENT"", ""useEventTarget"": true}",outQuart,"{""delay"": 0, ""easing"": ""outQuart"", ""duration"": 1000, ""target"": {""id"": ""N/A"", ""appliesTo"": ""TRIGGER_ELEMENT"", ""useEventTarget"": true}, ""value"": 1}","[{""key"": ""main"", ""min"": 992, ""max"": 10000}, {""key"": ""medium"", ""min"": 768, ""max"": 991}, {""key"": ""small"", ""min"": 480, ""max"": 767}, {""key"": ""tiny"", ""min"": 0, ""max"": 479}]","[""raw/published/resources/03c1fa8b77cf-dentvitalis33.schunk.6ecbf8a934abc739.js""]",,,
derived,e-642,FAQ Accordion Opens,DROPDOWN_OPEN,"[""/""]",a-13-n,0,True,,,0,500,STYLE_SIZE,CHILDREN,"{""useEventTarget"": ""CHILDREN"", ""selector"": "".accordion-list"", ""selectorGuids"": [""571b4f22-06fa-4499-f6d0-cb8f5ffe0c7d""]}",,"{""delay"": 0, ""easing"": """", ""duration"": 500, ""target"": {""useEventTarget"": ""CHILDREN"", ""selector"": "".accordion-list"", ""selectorGuids"": [""571b4f22-06fa-4499-f6d0-cb8f5ffe0c7d""]}, ""heightValue"": 0, ""widthUnit"": ""PX"", ""heightUnit"": ""px"", ""locked"": false}","[{""key"": ""main"", ""min"": 992, ""max"": 10000}, {""key"": ""medium"", ""min"": 768, ""max"": 991}, {""key"": ""small"", ""min"": 480, ""max"": 767}, {""key"": ""tiny"", ""min"": 0, ""max"": 479}]","[""raw/published/resources/03c1fa8b77cf-dentvitalis33.schunk.6ecbf8a934abc739.js""]",,,
derived,e-642,FAQ Accordion Opens,DROPDOWN_OPEN,"[""/""]",a-13-n-2,0,True,,,0,500,STYLE_TEXT_COLOR,CHILDREN,"{""useEventTarget"": ""CHILDREN"", ""selector"": "".accordion-title"", ""selectorGuids"": [""571b4f22-06fa-4499-f6d0-cb8f5ffe0c6f""]}",,"{""delay"": 0, ""easing"": """", ""duration"": 500, ""target"": {""useEventTarget"": ""CHILDREN"", ""selector"": "".accordion-title"", ""selectorGuids"": [""571b4f22-06fa-4499-f6d0-cb8f5ffe0c6f""]}, ""globalSwatchId"": ""@var_variable-90781720-7ff3-c909-13c4-45d269bf0a2a"", ""rValue"": 107, ""bValue"": 118, ""gValue"": 112, ""aValue"": 1}","[{""key"": ""main"", ""min"": 992, ""max"": 10000}, {""key"": ""medium"", ""min"": 768, ""max"": 991}, {""key"": ""small"", ""min"": 480, ""max"": 767}, {""key"": ""tiny"", ""min"": 0, ""max"": 479}]","[""raw/published/resources/03c1fa8b77cf-dentvitalis33.schunk.6ecbf8a934abc739.js""]",,,
derived,e-642,FAQ Accordion Opens,DROPDOWN_OPEN,"[""/""]",a-13-n-3,0,True,,,0,500,STYLE_BACKGROUND_COLOR,CHILDREN,"{""useEventTarget"": ""CHILDREN"", ""selector"": "".horizontal-line.primary-color"", ""selectorGuids"": [""571b4f22-06fa-4499-f6d0-cb8f5ffe0c80"", ""571b4f22-06fa-4499-f6d0-cb8f5ffe0c87""]}",,"{""delay"": 0, ""easing"": """", ""duration"": 500, ""target"": {""useEventTarget"": ""CHILDREN"", ""selector"": "".horizontal-line.primary-color"", ""selectorGuids"": [""571b4f22-06fa-4499-f6d0-cb8f5ffe0c80"", ""571b4f22-06fa-4499-f6d0-cb8f5ffe0c87""]}, ""globalSwatchId"": ""@var_variable-90781720-7ff3-c909-13c4-45d269bf0a2a"", ""rValue"": 107, ""bValue"": 118, ""gValue"": 112, ""aValue"": 1}","[{""key"": ""main"", ""min"": 992, ""max"": 10000}, {""key"": ""medium"", ""min"": 768, ""max"": 991}, {""key"": ""small"", ""min"": 480, ""max"": 767}, {""key"": ""tiny"", ""min"": 0, ""max"": 479}]","[""raw/published/resources/03c1fa8b77cf-dentvitalis33.schunk.6ecbf8a934abc739.js""]",,,
derived,e-642,FAQ Accordion Opens,DROPDOWN_OPEN,"[""/""]",a-13-n-4,0,True,,,0,500,STYLE_BACKGROUND_COLOR,CHILDREN,"{""useEventTarget"": ""CHILDREN"", ""selector"": "".vertical-line.primary-color"", ""selectorGuids"": [""571b4f22-06fa-4499-f6d0-cb8f5ffe0c7c"", ""571b4f22-06fa-4499-f6d0-cb8f5ffe0c88""]}",,"{""delay"": 0, ""easing"": """", ""duration"": 500, ""target"": {""useEventTarget"": ""CHILDREN"", ""selector"": "".vertical-line.primary-color"", ""selectorGuids"": [""571b4f22-06fa-4499-f6d0-cb8f5ffe0c7c"", ""571b4f22-06fa-4499-f6d0-cb8f5ffe0c88""]}, ""globalSwatchId"": ""@var_variable-90781720-7ff3-c909-13c4-45d269bf0a2a"", ""rValue"": 107, ""bValue"": 118, ""gValue"": 112, ""aValue"": 1}","[{""key"": ""main"", ""min"": 992, ""max"": 10000}, {""key"": ""medium"", ""min"": 768, ""max"": 991}, {""key"": ""small"", ""min"": 480, ""max"": 767}, {""key"": ""tiny"", ""min"": 0, ""max"": 479}]","[""raw/published/resources/03c1fa8b77cf-dentvitalis33.schunk.6ecbf8a934abc739.js""]",,,
derived,e-642,FAQ Accordion Opens,DROPDOWN_OPEN,"[""/""]",a-13-n-5,0,True,,,0,500,STYLE_OPACITY,CHILDREN,"{""useEventTarget"": ""CHILDREN"", ""selector"": "".large-paragraph-3.accordion-text"", ""selectorGuids"": [""571b4f22-06fa-4499-f6d0-cb8f5ffe0c82"", ""571b4f22-06fa-4499-f6d0-cb8f5ffe0c89""]}",,"{""delay"": 0, ""easing"": """", ""duration"": 500, ""target"": {""useEventTarget"": ""CHILDREN"", ""selector"": "".large-paragraph-3.accordion-text"", ""selectorGuids"": [""571b4f22-06fa-4499-f6d0-cb8f5ffe0c82"", ""571b4f22-06fa-4499-f6d0-cb8f5ffe0c89""]}, ""value"": 0, ""unit"": """"}","[{""key"": ""main"", ""min"": 992, ""max"": 10000}, {""key"": ""medium"", ""min"": 768, ""max"": 991}, {""key"": ""small"", ""min"": 480, ""max"": 767}, {""key"": ""tiny"", ""min"": 0, ""max"": 479}]","[""raw/published/resources/03c1fa8b77cf-dentvitalis33.schunk.6ecbf8a934abc739.js""]",,,
derived,e-642,FAQ Accordion Opens,DROPDOWN_OPEN,"[""/""]",a-13-n-6,1,False,0,,0,400,STYLE_SIZE,CHILDREN,"{""useEventTarget"": ""CHILDREN"", ""selector"": "".accordion-list"", ""selectorGuids"": [""571b4f22-06fa-4499-f6d0-cb8f5ffe0c7d""]}",ease,"{""delay"": 0, ""easing"": ""ease"", ""duration"": 400, ""target"": {""useEventTarget"": ""CHILDREN"", ""selector"": "".accordion-list"", ""selectorGuids"": [""571b4f22-06fa-4499-f6d0-cb8f5ffe0c7d""]}, ""widthUnit"": ""PX"", ""heightUnit"": ""AUTO"", ""locked"": false}","[{""key"": ""main"", ""min"": 992, ""max"": 10000}, {""key"": ""medium"", ""min"": 768, ""max"": 991}, {""key"": ""small"", ""min"": 480, ""max"": 767}, {""key"": ""tiny"", ""min"": 0, ""max"": 479}]","[""raw/published/resources/03c1fa8b77cf-dentvitalis33.schunk.6ecbf8a934abc739.js""]",,,
derived,e-642,FAQ Accordion Opens,DROPDOWN_OPEN,"[""/""]",a-13-n-7,1,False,0,,0,300,TRANSFORM_ROTATE,CHILDREN,"{""useEventTarget"": ""CHILDREN"", ""selector"": "".vertical-line.primary-color"", ""selectorGuids"": [""571b4f22-06fa-4499-f6d0-cb8f5ffe0c7c"", ""571b4f22-06fa-4499-f6d0-cb8f5ffe0c88""]}",,"{""delay"": 0, ""easing"": """", ""duration"": 300, ""target"": {""useEventTarget"": ""CHILDREN"", ""selector"": "".vertical-line.primary-color"", ""selectorGuids"": [""571b4f22-06fa-4499-f6d0-cb8f5ffe0c7c"", ""571b4f22-06fa-4499-f6d0-cb8f5ffe0c88""]}, ""yValue"": null, ""zValue"": -90, ""xUnit"": ""DEG"", ""yUnit"": ""deg"", ""zUnit"": ""deg""}","[{""key"": ""main"", ""min"": 992, ""max"": 10000}, {""key"": ""medium"", ""min"": 768, ""max"": 991}, {""key"": ""small"", ""min"": 480, ""max"": 767}, {""key"": ""tiny"", ""min"": 0, ""max"": 479}]","[""raw/published/resources/03c1fa8b77cf-dentvitalis33.schunk.6ecbf8a934abc739.js""]",,,
derived,e-642,FAQ Accordion Opens,DROPDOWN_OPEN,"[""/""]",a-13-n-8,1,False,0,,0,500,STYLE_TEXT_COLOR,CHILDREN,"{""useEventTarget"": ""CHILDREN"", ""selector"": "".accordion-title"", ""selectorGuids"": [""571b4f22-06fa-4499-f6d0-cb8f5ffe0c6f""]}",,"{""delay"": 0, ""easing"": """", ""duration"": 500, ""target"": {""useEventTarget"": ""CHILDREN"", ""selector"": "".accordion-title"", ""selectorGuids"": [""571b4f22-06fa-4499-f6d0-cb8f5ffe0c6f""]}, ""globalSwatchId"": ""@var_variable-c30fbafd-c704-5f1e-e20f-7ceadfde5500"", ""rValue"": 0, ""bValue"": 0, ""gValue"": 0, ""aValue"": 1}","[{""key"": ""main"", ""min"": 992, ""max"": 10000}, {""key"": ""medium"", ""min"": 768, ""max"": 991}, {""key"": ""small"", ""min"": 480, ""max"": 767}, {""key"": ""tiny"", ""min"": 0, ""max"": 479}]","[""raw/published/resources/03c1fa8b77cf-dentvitalis33.schunk.6ecbf8a934abc739.js""]",,,
derived,e-642,FAQ Accordion Opens,DROPDOWN_OPEN,"[""/""]",a-13-n-9,1,False,0,,0,700,STYLE_OPACITY,CHILDREN,"{""useEventTarget"": ""CHILDREN"", ""selector"": "".large-paragraph-3.accordion-text"", ""selectorGuids"": [""571b4f22-06fa-4499-f6d0-cb8f5ffe0c82"", ""571b4f22-06fa-4499-f6d0-cb8f5ffe0c89""]}",,"{""delay"": 0, ""easing"": """", ""duration"": 700, ""target"": {""useEventTarget"": ""CHILDREN"", ""selector"": "".large-paragraph-3.accordion-text"", ""selectorGuids"": [""571b4f22-06fa-4499-f6d0-cb8f5ffe0c82"", ""571b4f22-06fa-4499-f6d0-cb8f5ffe0c89""]}, ""value"": 1, ""unit"": """"}","[{""key"": ""main"", ""min"": 992, ""max"": 10000}, {""key"": ""medium"", ""min"": 768, ""max"": 991}, {""key"": ""small"", ""min"": 480, ""max"": 767}, {""key"": ""tiny"", ""min"": 0, ""max"": 479}]","[""raw/published/resources/03c1fa8b77cf-dentvitalis33.schunk.6ecbf8a934abc739.js""]",,,
derived,e-643,FAQ Accordion Closes,DROPDOWN_CLOSE,"[""/""]",a-14-n,0,False,0,,0,400,STYLE_SIZE,CHILDREN,"{""useEventTarget"": ""CHILDREN"", ""selector"": "".accordion-list"", ""selectorGuids"": [""571b4f22-06fa-4499-f6d0-cb8f5ffe0c7d""]}",ease,"{""delay"": 0, ""easing"": ""ease"", ""duration"": 400, ""target"": {""useEventTarget"": ""CHILDREN"", ""selector"": "".accordion-list"", ""selectorGuids"": [""571b4f22-06fa-4499-f6d0-cb8f5ffe0c7d""]}, ""heightValue"": 0, ""widthUnit"": ""PX"", ""heightUnit"": ""px"", ""locked"": false}","[{""key"": ""main"", ""min"": 992, ""max"": 10000}, {""key"": ""medium"", ""min"": 768, ""max"": 991}, {""key"": ""small"", ""min"": 480, ""max"": 767}, {""key"": ""tiny"", ""min"": 0, ""max"": 479}]","[""raw/published/resources/03c1fa8b77cf-dentvitalis33.schunk.6ecbf8a934abc739.js""]",,,
derived,e-643,FAQ Accordion Closes,DROPDOWN_CLOSE,"[""/""]",a-14-n-2,0,False,0,,0,500,STYLE_TEXT_COLOR,CHILDREN,"{""useEventTarget"": ""CHILDREN"", ""selector"": "".accordion-title"", ""selectorGuids"": [""571b4f22-06fa-4499-f6d0-cb8f5ffe0c6f""]}",,"{""delay"": 0, ""easing"": """", ""duration"": 500, ""target"": {""useEventTarget"": ""CHILDREN"", ""selector"": "".accordion-title"", ""selectorGuids"": [""571b4f22-06fa-4499-f6d0-cb8f5ffe0c6f""]}, ""globalSwatchId"": ""@var_variable-90781720-7ff3-c909-13c4-45d269bf0a2a"", ""rValue"": 107, ""bValue"": 118, ""gValue"": 112, ""aValue"": 1}","[{""key"": ""main"", ""min"": 992, ""max"": 10000}, {""key"": ""medium"", ""min"": 768, ""max"": 991}, {""key"": ""small"", ""min"": 480, ""max"": 767}, {""key"": ""tiny"", ""min"": 0, ""max"": 479}]","[""raw/published/resources/03c1fa8b77cf-dentvitalis33.schunk.6ecbf8a934abc739.js""]",,,
derived,e-643,FAQ Accordion Closes,DROPDOWN_CLOSE,"[""/""]",a-14-n-3,0,False,0,,0,300,TRANSFORM_ROTATE,CHILDREN,"{""useEventTarget"": ""CHILDREN"", ""selector"": "".vertical-line.primary-color"", ""selectorGuids"": [""571b4f22-06fa-4499-f6d0-cb8f5ffe0c7c"", ""571b4f22-06fa-4499-f6d0-cb8f5ffe0c88""]}",,"{""delay"": 0, ""easing"": """", ""duration"": 300, ""target"": {""useEventTarget"": ""CHILDREN"", ""selector"": "".vertical-line.primary-color"", ""selectorGuids"": [""571b4f22-06fa-4499-f6d0-cb8f5ffe0c7c"", ""571b4f22-06fa-4499-f6d0-cb8f5ffe0c88""]}, ""zValue"": 0, ""xUnit"": ""DEG"", ""yUnit"": ""DEG"", ""zUnit"": ""deg""}","[{""key"": ""main"", ""min"": 992, ""max"": 10000}, {""key"": ""medium"", ""min"": 768, ""max"": 991}, {""key"": ""small"", ""min"": 480, ""max"": 767}, {""key"": ""tiny"", ""min"": 0, ""max"": 479}]","[""raw/published/resources/03c1fa8b77cf-dentvitalis33.schunk.6ecbf8a934abc739.js""]",,,
derived,e-643,FAQ Accordion Closes,DROPDOWN_CLOSE,"[""/""]",a-14-n-4,0,False,0,,0,0,STYLE_OPACITY,CHILDREN,"{""useEventTarget"": ""CHILDREN"", ""selector"": "".large-paragraph-3.accordion-text"", ""selectorGuids"": [""571b4f22-06fa-4499-f6d0-cb8f5ffe0c82"", ""571b4f22-06fa-4499-f6d0-cb8f5ffe0c89""]}",,"{""delay"": 0, ""easing"": """", ""duration"": 0, ""target"": {""useEventTarget"": ""CHILDREN"", ""selector"": "".large-paragraph-3.accordion-text"", ""selectorGuids"": [""571b4f22-06fa-4499-f6d0-cb8f5ffe0c82"", ""571b4f22-06fa-4499-f6d0-cb8f5ffe0c89""]}, ""value"": 0, ""unit"": """"}","[{""key"": ""main"", ""min"": 992, ""max"": 10000}, {""key"": ""medium"", ""min"": 768, ""max"": 991}, {""key"": ""small"", ""min"": 480, ""max"": 767}, {""key"": ""tiny"", ""min"": 0, ""max"": 479}]","[""raw/published/resources/03c1fa8b77cf-dentvitalis33.schunk.6ecbf8a934abc739.js""]",,,
derived,e-650,e-650,SCROLL_INTO_VIEW,"[""/prestazioni/corone-faccette-ponti-e-protesi""]",e-650-derived-step-0,0,True,,1000,0,0,STYLE_OPACITY,True,"{""id"": ""N/A"", ""appliesTo"": ""TRIGGER_ELEMENT"", ""useEventTarget"": true}",,"{""delay"": 0, ""duration"": 0, ""target"": {""id"": ""N/A"", ""appliesTo"": ""TRIGGER_ELEMENT"", ""useEventTarget"": true}, ""value"": 0}","[{""key"": ""main"", ""min"": 992, ""max"": 10000}]","[""raw/published/resources/03c1fa8b77cf-dentvitalis33.schunk.6ecbf8a934abc739.js""]",,,
derived,e-650,e-650,SCROLL_INTO_VIEW,"[""/prestazioni/corone-faccette-ponti-e-protesi""]",e-650-derived-step-1,1,False,0,1000,0,0,TRANSFORM_MOVE,True,"{""id"": ""N/A"", ""appliesTo"": ""TRIGGER_ELEMENT"", ""useEventTarget"": true}",,"{""delay"": 0, ""duration"": 0, ""target"": {""id"": ""N/A"", ""appliesTo"": ""TRIGGER_ELEMENT"", ""useEventTarget"": true}, ""xValue"": 0, ""yValue"": 100, ""xUnit"": ""PX"", ""yUnit"": ""PX"", ""zUnit"": ""PX""}","[{""key"": ""main"", ""min"": 992, ""max"": 10000}]","[""raw/published/resources/03c1fa8b77cf-dentvitalis33.schunk.6ecbf8a934abc739.js""]",,,
derived,e-650,e-650,SCROLL_INTO_VIEW,"[""/prestazioni/corone-faccette-ponti-e-protesi""]",e-650-derived-step-2,2,False,0,1000,0,1000,TRANSFORM_MOVE,True,"{""id"": ""N/A"", ""appliesTo"": ""TRIGGER_ELEMENT"", ""useEventTarget"": true}",outQuart,"{""delay"": 0, ""easing"": ""outQuart"", ""duration"": 1000, ""target"": {""id"": ""N/A"", ""appliesTo"": ""TRIGGER_ELEMENT"", ""useEventTarget"": true}, ""xValue"": 0, ""yValue"": 0, ""xUnit"": ""PX"", ""yUnit"": ""PX"", ""zUnit"": ""PX""}","[{""key"": ""main"", ""min"": 992, ""max"": 10000}]","[""raw/published/resources/03c1fa8b77cf-dentvitalis33.schunk.6ecbf8a934abc739.js""]",,,
derived,e-650,e-650,SCROLL_INTO_VIEW,"[""/prestazioni/corone-faccette-ponti-e-protesi""]",e-650-derived-step-3,2,False,0,1000,0,1000,STYLE_OPACITY,True,"{""id"": ""N/A"", ""appliesTo"": ""TRIGGER_ELEMENT"", ""useEventTarget"": true}",outQuart,"{""delay"": 0, ""easing"": ""outQuart"", ""duration"": 1000, ""target"": {""id"": ""N/A"", ""appliesTo"": ""TRIGGER_ELEMENT"", ""useEventTarget"": true}, ""value"": 1}","[{""key"": ""main"", ""min"": 992, ""max"": 10000}]","[""raw/published/resources/03c1fa8b77cf-dentvitalis33.schunk.6ecbf8a934abc739.js""]",,,
extracted,e-652,Project Teaser Scroll Animation 2,SCROLLING_IN_VIEW,"[""/""]",a-16-n,,,,,,,STYLE_OPACITY,,"{""selector"": "".teaser-img._1"", ""selectorGuids"": [""b47f39b8-b9d8-5e09-e67c-1a8e34eb5a18"", ""b47f39b8-b9d8-5e09-e67c-1a8e34eb5a23""]}",,"{""delay"": 0, ""easing"": """", ""duration"": 500, ""target"": {""selector"": "".teaser-img._1"", ""selectorGuids"": [""b47f39b8-b9d8-5e09-e67c-1a8e34eb5a18"", ""b47f39b8-b9d8-5e09-e67c-1a8e34eb5a23""]}, ""value"": 1, ""unit"": """"}",,"[""raw/published/resources/03c1fa8b77cf-dentvitalis33.schunk.6ecbf8a934abc739.js""]",a-16-p,33,"[{""continuousParameterGroupId"": ""a-16-p"", ""smoothing"": 80, ""startsEntering"": true, ""addStartOffset"": false, ""addOffsetValue"": 50, ""startsExiting"": false, ""addEndOffset"": false, ""endOffsetValue"": 50}]"
extracted,e-652,Project Teaser Scroll Animation 2,SCROLLING_IN_VIEW,"[""/""]",a-16-n-2,,,,,,,TRANSFORM_SCALE,,"{""selector"": "".teaser-img._1"", ""selectorGuids"": [""b47f39b8-b9d8-5e09-e67c-1a8e34eb5a18"", ""b47f39b8-b9d8-5e09-e67c-1a8e34eb5a23""]}",,"{""delay"": 0, ""easing"": """", ""duration"": 500, ""target"": {""selector"": "".teaser-img._1"", ""selectorGuids"": [""b47f39b8-b9d8-5e09-e67c-1a8e34eb5a18"", ""b47f39b8-b9d8-5e09-e67c-1a8e34eb5a23""]}, ""xValue"": 1, ""yValue"": 1, ""locked"": true}",,"[""raw/published/resources/03c1fa8b77cf-dentvitalis33.schunk.6ecbf8a934abc739.js""]",a-16-p,33,"[{""continuousParameterGroupId"": ""a-16-p"", ""smoothing"": 80, ""startsEntering"": true, ""addStartOffset"": false, ""addOffsetValue"": 50, ""startsExiting"": false, ""addEndOffset"": false, ""endOffsetValue"": 50}]"
extracted,e-652,Project Teaser Scroll Animation 2,SCROLLING_IN_VIEW,"[""/""]",a-16-n-3,,,,,,,STYLE_OPACITY,,"{""selector"": "".teaser-img._1"", ""selectorGuids"": [""b47f39b8-b9d8-5e09-e67c-1a8e34eb5a18"", ""b47f39b8-b9d8-5e09-e67c-1a8e34eb5a23""]}",,"{""delay"": 0, ""easing"": """", ""duration"": 500, ""target"": {""selector"": "".teaser-img._1"", ""selectorGuids"": [""b47f39b8-b9d8-5e09-e67c-1a8e34eb5a18"", ""b47f39b8-b9d8-5e09-e67c-1a8e34eb5a23""]}, ""value"": 0, ""unit"": """"}",,"[""raw/published/resources/03c1fa8b77cf-dentvitalis33.schunk.6ecbf8a934abc739.js""]",a-16-p,38,"[{""continuousParameterGroupId"": ""a-16-p"", ""smoothing"": 80, ""startsEntering"": true, ""addStartOffset"": false, ""addOffsetValue"": 50, ""startsExiting"": false, ""addEndOffset"": false, ""endOffsetValue"": 50}]"
extracted,e-652,Project Teaser Scroll Animation 2,SCROLLING_IN_VIEW,"[""/""]",a-16-n-4,,,,,,,TRANSFORM_SCALE,,"{""selector"": "".teaser-img._1"", ""selectorGuids"": [""b47f39b8-b9d8-5e09-e67c-1a8e34eb5a18"", ""b47f39b8-b9d8-5e09-e67c-1a8e34eb5a23""]}",,"{""delay"": 0, ""easing"": """", ""duration"": 500, ""target"": {""selector"": "".teaser-img._1"", ""selectorGuids"": [""b47f39b8-b9d8-5e09-e67c-1a8e34eb5a18"", ""b47f39b8-b9d8-5e09-e67c-1a8e34eb5a23""]}, ""xValue"": 1.2, ""yValue"": 1.2, ""locked"": true}",,"[""raw/published/resources/03c1fa8b77cf-dentvitalis33.schunk.6ecbf8a934abc739.js""]",a-16-p,38,"[{""continuousParameterGroupId"": ""a-16-p"", ""smoothing"": 80, ""startsEntering"": true, ""addStartOffset"": false, ""addOffsetValue"": 50, ""startsExiting"": false, ""addEndOffset"": false, ""endOffsetValue"": 50}]"
extracted,e-652,Project Teaser Scroll Animation 2,SCROLLING_IN_VIEW,"[""/""]",a-16-n-5,,,,,,,STYLE_OPACITY,,"{""selector"": "".teaser-img._2"", ""selectorGuids"": [""b47f39b8-b9d8-5e09-e67c-1a8e34eb5a18"", ""b47f39b8-b9d8-5e09-e67c-1a8e34eb5a24""]}",,"{""delay"": 0, ""easing"": """", ""duration"": 500, ""target"": {""selector"": "".teaser-img._2"", ""selectorGuids"": [""b47f39b8-b9d8-5e09-e67c-1a8e34eb5a18"", ""b47f39b8-b9d8-5e09-e67c-1a8e34eb5a24""]}, ""value"": 1, ""unit"": """"}",,"[""raw/published/resources/03c1fa8b77cf-dentvitalis33.schunk.6ecbf8a934abc739.js""]",a-16-p,53,"[{""continuousParameterGroupId"": ""a-16-p"", ""smoothing"": 80, ""startsEntering"": true, ""addStartOffset"": false, ""addOffsetValue"": 50, ""startsExiting"": false, ""addEndOffset"": false, ""endOffsetValue"": 50}]"
extracted,e-652,Project Teaser Scroll Animation 2,SCROLLING_IN_VIEW,"[""/""]",a-16-n-6,,,,,,,TRANSFORM_SCALE,,"{""selector"": "".teaser-img._2"", ""selectorGuids"": [""b47f39b8-b9d8-5e09-e67c-1a8e34eb5a18"", ""b47f39b8-b9d8-5e09-e67c-1a8e34eb5a24""]}",,"{""delay"": 0, ""easing"": """", ""duration"": 500, ""target"": {""selector"": "".teaser-img._2"", ""selectorGuids"": [""b47f39b8-b9d8-5e09-e67c-1a8e34eb5a18"", ""b47f39b8-b9d8-5e09-e67c-1a8e34eb5a24""]}, ""xValue"": 1, ""yValue"": 1, ""locked"": true}",,"[""raw/published/resources/03c1fa8b77cf-dentvitalis33.schunk.6ecbf8a934abc739.js""]",a-16-p,53,"[{""continuousParameterGroupId"": ""a-16-p"", ""smoothing"": 80, ""startsEntering"": true, ""addStartOffset"": false, ""addOffsetValue"": 50, ""startsExiting"": false, ""addEndOffset"": false, ""endOffsetValue"": 50}]"
extracted,e-652,Project Teaser Scroll Animation 2,SCROLLING_IN_VIEW,"[""/""]",a-16-n-7,,,,,,,STYLE_OPACITY,,"{""selector"": "".teaser-img._2"", ""selectorGuids"": [""b47f39b8-b9d8-5e09-e67c-1a8e34eb5a18"", ""b47f39b8-b9d8-5e09-e67c-1a8e34eb5a24""]}",,"{""delay"": 0, ""easing"": """", ""duration"": 500, ""target"": {""selector"": "".teaser-img._2"", ""selectorGuids"": [""b47f39b8-b9d8-5e09-e67c-1a8e34eb5a18"", ""b47f39b8-b9d8-5e09-e67c-1a8e34eb5a24""]}, ""value"": 0, ""unit"": """"}",,"[""raw/published/resources/03c1fa8b77cf-dentvitalis33.schunk.6ecbf8a934abc739.js""]",a-16-p,58,"[{""continuousParameterGroupId"": ""a-16-p"", ""smoothing"": 80, ""startsEntering"": true, ""addStartOffset"": false, ""addOffsetValue"": 50, ""startsExiting"": false, ""addEndOffset"": false, ""endOffsetValue"": 50}]"
extracted,e-652,Project Teaser Scroll Animation 2,SCROLLING_IN_VIEW,"[""/""]",a-16-n-8,,,,,,,TRANSFORM_SCALE,,"{""selector"": "".teaser-img._2"", ""selectorGuids"": [""b47f39b8-b9d8-5e09-e67c-1a8e34eb5a18"", ""b47f39b8-b9d8-5e09-e67c-1a8e34eb5a24""]}",,"{""delay"": 0, ""easing"": """", ""duration"": 500, ""target"": {""selector"": "".teaser-img._2"", ""selectorGuids"": [""b47f39b8-b9d8-5e09-e67c-1a8e34eb5a18"", ""b47f39b8-b9d8-5e09-e67c-1a8e34eb5a24""]}, ""xValue"": 1.2, ""yValue"": 1.2, ""locked"": true}",,"[""raw/published/resources/03c1fa8b77cf-dentvitalis33.schunk.6ecbf8a934abc739.js""]",a-16-p,58,"[{""continuousParameterGroupId"": ""a-16-p"", ""smoothing"": 80, ""startsEntering"": true, ""addStartOffset"": false, ""addOffsetValue"": 50, ""startsExiting"": false, ""addEndOffset"": false, ""endOffsetValue"": 50}]"
extracted,e-652,Project Teaser Scroll Animation 2,SCROLLING_IN_VIEW,"[""/""]",a-16-n-9,,,,,,,STYLE_OPACITY,,"{""selector"": "".teaser-img._3"", ""selectorGuids"": [""b47f39b8-b9d8-5e09-e67c-1a8e34eb5a18"", ""b47f39b8-b9d8-5e09-e67c-1a8e34eb5a22""]}",,"{""delay"": 0, ""easing"": """", ""duration"": 500, ""target"": {""selector"": "".teaser-img._3"", ""selectorGuids"": [""b47f39b8-b9d8-5e09-e67c-1a8e34eb5a18"", ""b47f39b8-b9d8-5e09-e67c-1a8e34eb5a22""]}, ""value"": 1, ""unit"": """"}",,"[""raw/published/resources/03c1fa8b77cf-dentvitalis33.schunk.6ecbf8a934abc739.js""]",a-16-p,73,"[{""continuousParameterGroupId"": ""a-16-p"", ""smoothing"": 80, ""startsEntering"": true, ""addStartOffset"": false, ""addOffsetValue"": 50, ""startsExiting"": false, ""addEndOffset"": false, ""endOffsetValue"": 50}]"
extracted,e-652,Project Teaser Scroll Animation 2,SCROLLING_IN_VIEW,"[""/""]",a-16-n-10,,,,,,,TRANSFORM_SCALE,,"{""selector"": "".teaser-img._3"", ""selectorGuids"": [""b47f39b8-b9d8-5e09-e67c-1a8e34eb5a18"", ""b47f39b8-b9d8-5e09-e67c-1a8e34eb5a22""]}",,"{""delay"": 0, ""easing"": """", ""duration"": 500, ""target"": {""selector"": "".teaser-img._3"", ""selectorGuids"": [""b47f39b8-b9d8-5e09-e67c-1a8e34eb5a18"", ""b47f39b8-b9d8-5e09-e67c-1a8e34eb5a22""]}, ""xValue"": 1, ""yValue"": 1, ""locked"": true}",,"[""raw/published/resources/03c1fa8b77cf-dentvitalis33.schunk.6ecbf8a934abc739.js""]",a-16-p,73,"[{""continuousParameterGroupId"": ""a-16-p"", ""smoothing"": 80, ""startsEntering"": true, ""addStartOffset"": false, ""addOffsetValue"": 50, ""startsExiting"": false, ""addEndOffset"": false, ""endOffsetValue"": 50}]"
extracted,e-652,Project Teaser Scroll Animation 2,SCROLLING_IN_VIEW,"[""/""]",a-16-n-11,,,,,,,STYLE_OPACITY,,"{""selector"": "".teaser-img._3"", ""selectorGuids"": [""b47f39b8-b9d8-5e09-e67c-1a8e34eb5a18"", ""b47f39b8-b9d8-5e09-e67c-1a8e34eb5a22""]}",,"{""delay"": 0, ""easing"": """", ""duration"": 500, ""target"": {""selector"": "".teaser-img._3"", ""selectorGuids"": [""b47f39b8-b9d8-5e09-e67c-1a8e34eb5a18"", ""b47f39b8-b9d8-5e09-e67c-1a8e34eb5a22""]}, ""value"": 0, ""unit"": """"}",,"[""raw/published/resources/03c1fa8b77cf-dentvitalis33.schunk.6ecbf8a934abc739.js""]",a-16-p,78,"[{""continuousParameterGroupId"": ""a-16-p"", ""smoothing"": 80, ""startsEntering"": true, ""addStartOffset"": false, ""addOffsetValue"": 50, ""startsExiting"": false, ""addEndOffset"": false, ""endOffsetValue"": 50}]"
extracted,e-652,Project Teaser Scroll Animation 2,SCROLLING_IN_VIEW,"[""/""]",a-16-n-12,,,,,,,TRANSFORM_SCALE,,"{""selector"": "".teaser-img._3"", ""selectorGuids"": [""b47f39b8-b9d8-5e09-e67c-1a8e34eb5a18"", ""b47f39b8-b9d8-5e09-e67c-1a8e34eb5a22""]}",,"{""delay"": 0, ""easing"": """", ""duration"": 500, ""target"": {""selector"": "".teaser-img._3"", ""selectorGuids"": [""b47f39b8-b9d8-5e09-e67c-1a8e34eb5a18"", ""b47f39b8-b9d8-5e09-e67c-1a8e34eb5a22""]}, ""xValue"": 1.2, ""yValue"": 1.2, ""locked"": true}",,"[""raw/published/resources/03c1fa8b77cf-dentvitalis33.schunk.6ecbf8a934abc739.js""]",a-16-p,78,"[{""continuousParameterGroupId"": ""a-16-p"", ""smoothing"": 80, ""startsEntering"": true, ""addStartOffset"": false, ""addOffsetValue"": 50, ""startsExiting"": false, ""addEndOffset"": false, ""endOffsetValue"": 50}]"
extracted,e-652,Project Teaser Scroll Animation 2,SCROLLING_IN_VIEW,"[""/""]",a-16-n-14,,,,,,,TRANSFORM_SCALE,,"{""selector"": "".teaser-img._3"", ""selectorGuids"": [""b47f39b8-b9d8-5e09-e67c-1a8e34eb5a18"", ""b47f39b8-b9d8-5e09-e67c-1a8e34eb5a22""]}",,"{""delay"": 0, ""easing"": """", ""duration"": 500, ""target"": {""selector"": "".teaser-img._3"", ""selectorGuids"": [""b47f39b8-b9d8-5e09-e67c-1a8e34eb5a18"", ""b47f39b8-b9d8-5e09-e67c-1a8e34eb5a22""]}, ""xValue"": 1, ""yValue"": 1, ""locked"": true}",,"[""raw/published/resources/03c1fa8b77cf-dentvitalis33.schunk.6ecbf8a934abc739.js""]",a-16-p,89,"[{""continuousParameterGroupId"": ""a-16-p"", ""smoothing"": 80, ""startsEntering"": true, ""addStartOffset"": false, ""addOffsetValue"": 50, ""startsExiting"": false, ""addEndOffset"": false, ""endOffsetValue"": 50}]"
derived,e-653,e-653,SCROLL_INTO_VIEW,"[""/""]",e-653-derived-step-0,0,True,,200,0,0,STYLE_OPACITY,True,"{""id"": ""N/A"", ""appliesTo"": ""TRIGGER_ELEMENT"", ""useEventTarget"": true}",,"{""delay"": 0, ""duration"": 0, ""target"": {""id"": ""N/A"", ""appliesTo"": ""TRIGGER_ELEMENT"", ""useEventTarget"": true}, ""value"": 0}","[{""key"": ""main"", ""min"": 992, ""max"": 10000}, {""key"": ""medium"", ""min"": 768, ""max"": 991}, {""key"": ""small"", ""min"": 480, ""max"": 767}, {""key"": ""tiny"", ""min"": 0, ""max"": 479}]","[""raw/published/resources/03c1fa8b77cf-dentvitalis33.schunk.6ecbf8a934abc739.js""]",,,
derived,e-653,e-653,SCROLL_INTO_VIEW,"[""/""]",e-653-derived-step-1,1,False,0,200,0,0,TRANSFORM_MOVE,True,"{""id"": ""N/A"", ""appliesTo"": ""TRIGGER_ELEMENT"", ""useEventTarget"": true}",,"{""delay"": 0, ""duration"": 0, ""target"": {""id"": ""N/A"", ""appliesTo"": ""TRIGGER_ELEMENT"", ""useEventTarget"": true}, ""xValue"": 0, ""yValue"": 100, ""xUnit"": ""PX"", ""yUnit"": ""PX"", ""zUnit"": ""PX""}","[{""key"": ""main"", ""min"": 992, ""max"": 10000}, {""key"": ""medium"", ""min"": 768, ""max"": 991}, {""key"": ""small"", ""min"": 480, ""max"": 767}, {""key"": ""tiny"", ""min"": 0, ""max"": 479}]","[""raw/published/resources/03c1fa8b77cf-dentvitalis33.schunk.6ecbf8a934abc739.js""]",,,
derived,e-653,e-653,SCROLL_INTO_VIEW,"[""/""]",e-653-derived-step-2,2,False,0,200,0,1000,TRANSFORM_MOVE,True,"{""id"": ""N/A"", ""appliesTo"": ""TRIGGER_ELEMENT"", ""useEventTarget"": true}",outQuart,"{""delay"": 0, ""easing"": ""outQuart"", ""duration"": 1000, ""target"": {""id"": ""N/A"", ""appliesTo"": ""TRIGGER_ELEMENT"", ""useEventTarget"": true}, ""xValue"": 0, ""yValue"": 0, ""xUnit"": ""PX"", ""yUnit"": ""PX"", ""zUnit"": ""PX""}","[{""key"": ""main"", ""min"": 992, ""max"": 10000}, {""key"": ""medium"", ""min"": 768, ""max"": 991}, {""key"": ""small"", ""min"": 480, ""max"": 767}, {""key"": ""tiny"", ""min"": 0, ""max"": 479}]","[""raw/published/resources/03c1fa8b77cf-dentvitalis33.schunk.6ecbf8a934abc739.js""]",,,
derived,e-653,e-653,SCROLL_INTO_VIEW,"[""/""]",e-653-derived-step-3,2,False,0,200,0,1000,STYLE_OPACITY,True,"{""id"": ""N/A"", ""appliesTo"": ""TRIGGER_ELEMENT"", ""useEventTarget"": true}",outQuart,"{""delay"": 0, ""easing"": ""outQuart"", ""duration"": 1000, ""target"": {""id"": ""N/A"", ""appliesTo"": ""TRIGGER_ELEMENT"", ""useEventTarget"": true}, ""value"": 1}","[{""key"": ""main"", ""min"": 992, ""max"": 10000}, {""key"": ""medium"", ""min"": 768, ""max"": 991}, {""key"": ""small"", ""min"": 480, ""max"": 767}, {""key"": ""tiny"", ""min"": 0, ""max"": 479}]","[""raw/published/resources/03c1fa8b77cf-dentvitalis33.schunk.6ecbf8a934abc739.js""]",,,
derived,e-655,e-655,SCROLL_INTO_VIEW,[],e-655-derived-step-0,0,True,,400,0,0,STYLE_OPACITY,True,"{""id"": ""N/A"", ""appliesTo"": ""TRIGGER_ELEMENT"", ""useEventTarget"": true}",,"{""delay"": 0, ""duration"": 0, ""target"": {""id"": ""N/A"", ""appliesTo"": ""TRIGGER_ELEMENT"", ""useEventTarget"": true}, ""value"": 0}","[{""key"": ""main"", ""min"": 992, ""max"": 10000}, {""key"": ""medium"", ""min"": 768, ""max"": 991}, {""key"": ""small"", ""min"": 480, ""max"": 767}, {""key"": ""tiny"", ""min"": 0, ""max"": 479}]","[""raw/published/resources/03c1fa8b77cf-dentvitalis33.schunk.6ecbf8a934abc739.js""]",,,
derived,e-655,e-655,SCROLL_INTO_VIEW,[],e-655-derived-step-1,1,False,0,400,0,0,TRANSFORM_SCALE,True,"{""id"": ""N/A"", ""appliesTo"": ""TRIGGER_ELEMENT"", ""useEventTarget"": true}",,"{""delay"": 0, ""duration"": 0, ""target"": {""id"": ""N/A"", ""appliesTo"": ""TRIGGER_ELEMENT"", ""useEventTarget"": true}, ""xValue"": 0.7500000000000001, ""yValue"": 0.7500000000000001}","[{""key"": ""main"", ""min"": 992, ""max"": 10000}, {""key"": ""medium"", ""min"": 768, ""max"": 991}, {""key"": ""small"", ""min"": 480, ""max"": 767}, {""key"": ""tiny"", ""min"": 0, ""max"": 479}]","[""raw/published/resources/03c1fa8b77cf-dentvitalis33.schunk.6ecbf8a934abc739.js""]",,,
derived,e-655,e-655,SCROLL_INTO_VIEW,[],e-655-derived-step-2,2,False,0,400,0,1000,TRANSFORM_SCALE,True,"{""id"": ""N/A"", ""appliesTo"": ""TRIGGER_ELEMENT"", ""useEventTarget"": true}",outQuart,"{""delay"": 0, ""easing"": ""outQuart"", ""duration"": 1000, ""target"": {""id"": ""N/A"", ""appliesTo"": ""TRIGGER_ELEMENT"", ""useEventTarget"": true}, ""xValue"": 1, ""yValue"": 1}","[{""key"": ""main"", ""min"": 992, ""max"": 10000}, {""key"": ""medium"", ""min"": 768, ""max"": 991}, {""key"": ""small"", ""min"": 480, ""max"": 767}, {""key"": ""tiny"", ""min"": 0, ""max"": 479}]","[""raw/published/resources/03c1fa8b77cf-dentvitalis33.schunk.6ecbf8a934abc739.js""]",,,
derived,e-655,e-655,SCROLL_INTO_VIEW,[],e-655-derived-step-3,2,False,0,400,0,1000,STYLE_OPACITY,True,"{""id"": ""N/A"", ""appliesTo"": ""TRIGGER_ELEMENT"", ""useEventTarget"": true}",outQuart,"{""delay"": 0, ""easing"": ""outQuart"", ""duration"": 1000, ""target"": {""id"": ""N/A"", ""appliesTo"": ""TRIGGER_ELEMENT"", ""useEventTarget"": true}, ""value"": 1}","[{""key"": ""main"", ""min"": 992, ""max"": 10000}, {""key"": ""medium"", ""min"": 768, ""max"": 991}, {""key"": ""small"", ""min"": 480, ""max"": 767}, {""key"": ""tiny"", ""min"": 0, ""max"": 479}]","[""raw/published/resources/03c1fa8b77cf-dentvitalis33.schunk.6ecbf8a934abc739.js""]",,,
derived,e-657,e-657,SCROLL_INTO_VIEW,[],e-657-derived-step-0,0,True,,600,0,0,STYLE_OPACITY,True,"{""id"": ""N/A"", ""appliesTo"": ""TRIGGER_ELEMENT"", ""useEventTarget"": true}",,"{""delay"": 0, ""duration"": 0, ""target"": {""id"": ""N/A"", ""appliesTo"": ""TRIGGER_ELEMENT"", ""useEventTarget"": true}, ""value"": 0}","[{""key"": ""main"", ""min"": 992, ""max"": 10000}, {""key"": ""medium"", ""min"": 768, ""max"": 991}, {""key"": ""small"", ""min"": 480, ""max"": 767}, {""key"": ""tiny"", ""min"": 0, ""max"": 479}]","[""raw/published/resources/03c1fa8b77cf-dentvitalis33.schunk.6ecbf8a934abc739.js""]",,,
derived,e-657,e-657,SCROLL_INTO_VIEW,[],e-657-derived-step-1,1,False,0,600,0,0,TRANSFORM_SCALE,True,"{""id"": ""N/A"", ""appliesTo"": ""TRIGGER_ELEMENT"", ""useEventTarget"": true}",,"{""delay"": 0, ""duration"": 0, ""target"": {""id"": ""N/A"", ""appliesTo"": ""TRIGGER_ELEMENT"", ""useEventTarget"": true}, ""xValue"": 0.7500000000000001, ""yValue"": 0.7500000000000001}","[{""key"": ""main"", ""min"": 992, ""max"": 10000}, {""key"": ""medium"", ""min"": 768, ""max"": 991}, {""key"": ""small"", ""min"": 480, ""max"": 767}, {""key"": ""tiny"", ""min"": 0, ""max"": 479}]","[""raw/published/resources/03c1fa8b77cf-dentvitalis33.schunk.6ecbf8a934abc739.js""]",,,
derived,e-657,e-657,SCROLL_INTO_VIEW,[],e-657-derived-step-2,2,False,0,600,0,1000,TRANSFORM_SCALE,True,"{""id"": ""N/A"", ""appliesTo"": ""TRIGGER_ELEMENT"", ""useEventTarget"": true}",outQuart,"{""delay"": 0, ""easing"": ""outQuart"", ""duration"": 1000, ""target"": {""id"": ""N/A"", ""appliesTo"": ""TRIGGER_ELEMENT"", ""useEventTarget"": true}, ""xValue"": 1, ""yValue"": 1}","[{""key"": ""main"", ""min"": 992, ""max"": 10000}, {""key"": ""medium"", ""min"": 768, ""max"": 991}, {""key"": ""small"", ""min"": 480, ""max"": 767}, {""key"": ""tiny"", ""min"": 0, ""max"": 479}]","[""raw/published/resources/03c1fa8b77cf-dentvitalis33.schunk.6ecbf8a934abc739.js""]",,,
derived,e-657,e-657,SCROLL_INTO_VIEW,[],e-657-derived-step-3,2,False,0,600,0,1000,STYLE_OPACITY,True,"{""id"": ""N/A"", ""appliesTo"": ""TRIGGER_ELEMENT"", ""useEventTarget"": true}",outQuart,"{""delay"": 0, ""easing"": ""outQuart"", ""duration"": 1000, ""target"": {""id"": ""N/A"", ""appliesTo"": ""TRIGGER_ELEMENT"", ""useEventTarget"": true}, ""value"": 1}","[{""key"": ""main"", ""min"": 992, ""max"": 10000}, {""key"": ""medium"", ""min"": 768, ""max"": 991}, {""key"": ""small"", ""min"": 480, ""max"": 767}, {""key"": ""tiny"", ""min"": 0, ""max"": 479}]","[""raw/published/resources/03c1fa8b77cf-dentvitalis33.schunk.6ecbf8a934abc739.js""]",,,
derived,e-659,e-659,SCROLL_INTO_VIEW,[],e-659-derived-step-0,0,True,,200,0,0,STYLE_OPACITY,True,"{""id"": ""N/A"", ""appliesTo"": ""TRIGGER_ELEMENT"", ""useEventTarget"": true}",,"{""delay"": 0, ""duration"": 0, ""target"": {""id"": ""N/A"", ""appliesTo"": ""TRIGGER_ELEMENT"", ""useEventTarget"": true}, ""value"": 0}","[{""key"": ""main"", ""min"": 992, ""max"": 10000}, {""key"": ""medium"", ""min"": 768, ""max"": 991}, {""key"": ""small"", ""min"": 480, ""max"": 767}, {""key"": ""tiny"", ""min"": 0, ""max"": 479}]","[""raw/published/resources/03c1fa8b77cf-dentvitalis33.schunk.6ecbf8a934abc739.js""]",,,
derived,e-659,e-659,SCROLL_INTO_VIEW,[],e-659-derived-step-1,1,False,0,200,0,1000,STYLE_OPACITY,True,"{""id"": ""N/A"", ""appliesTo"": ""TRIGGER_ELEMENT"", ""useEventTarget"": true}",outQuart,"{""delay"": 0, ""easing"": ""outQuart"", ""duration"": 1000, ""target"": {""id"": ""N/A"", ""appliesTo"": ""TRIGGER_ELEMENT"", ""useEventTarget"": true}, ""value"": 1}","[{""key"": ""main"", ""min"": 992, ""max"": 10000}, {""key"": ""medium"", ""min"": 768, ""max"": 991}, {""key"": ""small"", ""min"": 480, ""max"": 767}, {""key"": ""tiny"", ""min"": 0, ""max"": 479}]","[""raw/published/resources/03c1fa8b77cf-dentvitalis33.schunk.6ecbf8a934abc739.js""]",,,
derived,e-667,e-667,SCROLL_INTO_VIEW,"[""/su-di-noi/come-raggiungerci"", ""/su-di-noi/i-nostri-specialisti"", ""/su-di-noi/impianti-di-nuova-generazione"", ""/su-di-noi/laboratorio-odontotecnico"", ""/su-di-noi/materiali-e-apparecchiature"", ""/su-di-noi/tutto-in-un-unico-luogo""]",e-667-derived-step-0,0,True,,1000,0,0,STYLE_OPACITY,True,"{""id"": ""N/A"", ""appliesTo"": ""TRIGGER_ELEMENT"", ""useEventTarget"": true}",,"{""delay"": 0, ""duration"": 0, ""target"": {""id"": ""N/A"", ""appliesTo"": ""TRIGGER_ELEMENT"", ""useEventTarget"": true}, ""value"": 0}","[{""key"": ""main"", ""min"": 992, ""max"": 10000}]","[""raw/published/resources/03c1fa8b77cf-dentvitalis33.schunk.6ecbf8a934abc739.js""]",,,
derived,e-667,e-667,SCROLL_INTO_VIEW,"[""/su-di-noi/come-raggiungerci"", ""/su-di-noi/i-nostri-specialisti"", ""/su-di-noi/impianti-di-nuova-generazione"", ""/su-di-noi/laboratorio-odontotecnico"", ""/su-di-noi/materiali-e-apparecchiature"", ""/su-di-noi/tutto-in-un-unico-luogo""]",e-667-derived-step-1,1,False,0,1000,0,0,TRANSFORM_MOVE,True,"{""id"": ""N/A"", ""appliesTo"": ""TRIGGER_ELEMENT"", ""useEventTarget"": true}",,"{""delay"": 0, ""duration"": 0, ""target"": {""id"": ""N/A"", ""appliesTo"": ""TRIGGER_ELEMENT"", ""useEventTarget"": true}, ""xValue"": 0, ""yValue"": 100, ""xUnit"": ""PX"", ""yUnit"": ""PX"", ""zUnit"": ""PX""}","[{""key"": ""main"", ""min"": 992, ""max"": 10000}]","[""raw/published/resources/03c1fa8b77cf-dentvitalis33.schunk.6ecbf8a934abc739.js""]",,,
derived,e-667,e-667,SCROLL_INTO_VIEW,"[""/su-di-noi/come-raggiungerci"", ""/su-di-noi/i-nostri-specialisti"", ""/su-di-noi/impianti-di-nuova-generazione"", ""/su-di-noi/laboratorio-odontotecnico"", ""/su-di-noi/materiali-e-apparecchiature"", ""/su-di-noi/tutto-in-un-unico-luogo""]",e-667-derived-step-2,2,False,0,1000,0,1000,TRANSFORM_MOVE,True,"{""id"": ""N/A"", ""appliesTo"": ""TRIGGER_ELEMENT"", ""useEventTarget"": true}",outQuart,"{""delay"": 0, ""easing"": ""outQuart"", ""duration"": 1000, ""target"": {""id"": ""N/A"", ""appliesTo"": ""TRIGGER_ELEMENT"", ""useEventTarget"": true}, ""xValue"": 0, ""yValue"": 0, ""xUnit"": ""PX"", ""yUnit"": ""PX"", ""zUnit"": ""PX""}","[{""key"": ""main"", ""min"": 992, ""max"": 10000}]","[""raw/published/resources/03c1fa8b77cf-dentvitalis33.schunk.6ecbf8a934abc739.js""]",,,
derived,e-667,e-667,SCROLL_INTO_VIEW,"[""/su-di-noi/come-raggiungerci"", ""/su-di-noi/i-nostri-specialisti"", ""/su-di-noi/impianti-di-nuova-generazione"", ""/su-di-noi/laboratorio-odontotecnico"", ""/su-di-noi/materiali-e-apparecchiature"", ""/su-di-noi/tutto-in-un-unico-luogo""]",e-667-derived-step-3,2,False,0,1000,0,1000,STYLE_OPACITY,True,"{""id"": ""N/A"", ""appliesTo"": ""TRIGGER_ELEMENT"", ""useEventTarget"": true}",outQuart,"{""delay"": 0, ""easing"": ""outQuart"", ""duration"": 1000, ""target"": {""id"": ""N/A"", ""appliesTo"": ""TRIGGER_ELEMENT"", ""useEventTarget"": true}, ""value"": 1}","[{""key"": ""main"", ""min"": 992, ""max"": 10000}]","[""raw/published/resources/03c1fa8b77cf-dentvitalis33.schunk.6ecbf8a934abc739.js""]",,,
derived,e-669,e-669,SCROLL_INTO_VIEW,[],e-669-derived-step-0,0,True,,400,0,0,STYLE_OPACITY,True,"{""id"": ""N/A"", ""appliesTo"": ""TRIGGER_ELEMENT"", ""useEventTarget"": true}",,"{""delay"": 0, ""duration"": 0, ""target"": {""id"": ""N/A"", ""appliesTo"": ""TRIGGER_ELEMENT"", ""useEventTarget"": true}, ""value"": 0}","[{""key"": ""main"", ""min"": 992, ""max"": 10000}, {""key"": ""medium"", ""min"": 768, ""max"": 991}, {""key"": ""small"", ""min"": 480, ""max"": 767}, {""key"": ""tiny"", ""min"": 0, ""max"": 479}]","[""raw/published/resources/03c1fa8b77cf-dentvitalis33.schunk.6ecbf8a934abc739.js""]",,,
derived,e-669,e-669,SCROLL_INTO_VIEW,[],e-669-derived-step-1,1,False,0,400,0,0,TRANSFORM_SCALE,True,"{""id"": ""N/A"", ""appliesTo"": ""TRIGGER_ELEMENT"", ""useEventTarget"": true}",,"{""delay"": 0, ""duration"": 0, ""target"": {""id"": ""N/A"", ""appliesTo"": ""TRIGGER_ELEMENT"", ""useEventTarget"": true}, ""xValue"": 0.7500000000000001, ""yValue"": 0.7500000000000001}","[{""key"": ""main"", ""min"": 992, ""max"": 10000}, {""key"": ""medium"", ""min"": 768, ""max"": 991}, {""key"": ""small"", ""min"": 480, ""max"": 767}, {""key"": ""tiny"", ""min"": 0, ""max"": 479}]","[""raw/published/resources/03c1fa8b77cf-dentvitalis33.schunk.6ecbf8a934abc739.js""]",,,
derived,e-669,e-669,SCROLL_INTO_VIEW,[],e-669-derived-step-2,2,False,0,400,0,1000,TRANSFORM_SCALE,True,"{""id"": ""N/A"", ""appliesTo"": ""TRIGGER_ELEMENT"", ""useEventTarget"": true}",outQuart,"{""delay"": 0, ""easing"": ""outQuart"", ""duration"": 1000, ""target"": {""id"": ""N/A"", ""appliesTo"": ""TRIGGER_ELEMENT"", ""useEventTarget"": true}, ""xValue"": 1, ""yValue"": 1}","[{""key"": ""main"", ""min"": 992, ""max"": 10000}, {""key"": ""medium"", ""min"": 768, ""max"": 991}, {""key"": ""small"", ""min"": 480, ""max"": 767}, {""key"": ""tiny"", ""min"": 0, ""max"": 479}]","[""raw/published/resources/03c1fa8b77cf-dentvitalis33.schunk.6ecbf8a934abc739.js""]",,,
derived,e-669,e-669,SCROLL_INTO_VIEW,[],e-669-derived-step-3,2,False,0,400,0,1000,STYLE_OPACITY,True,"{""id"": ""N/A"", ""appliesTo"": ""TRIGGER_ELEMENT"", ""useEventTarget"": true}",outQuart,"{""delay"": 0, ""easing"": ""outQuart"", ""duration"": 1000, ""target"": {""id"": ""N/A"", ""appliesTo"": ""TRIGGER_ELEMENT"", ""useEventTarget"": true}, ""value"": 1}","[{""key"": ""main"", ""min"": 992, ""max"": 10000}, {""key"": ""medium"", ""min"": 768, ""max"": 991}, {""key"": ""small"", ""min"": 480, ""max"": 767}, {""key"": ""tiny"", ""min"": 0, ""max"": 479}]","[""raw/published/resources/03c1fa8b77cf-dentvitalis33.schunk.6ecbf8a934abc739.js""]",,,
derived,e-671,e-671,SCROLL_INTO_VIEW,[],e-671-derived-step-0,0,True,,600,0,0,STYLE_OPACITY,True,"{""id"": ""N/A"", ""appliesTo"": ""TRIGGER_ELEMENT"", ""useEventTarget"": true}",,"{""delay"": 0, ""duration"": 0, ""target"": {""id"": ""N/A"", ""appliesTo"": ""TRIGGER_ELEMENT"", ""useEventTarget"": true}, ""value"": 0}","[{""key"": ""main"", ""min"": 992, ""max"": 10000}, {""key"": ""medium"", ""min"": 768, ""max"": 991}, {""key"": ""small"", ""min"": 480, ""max"": 767}, {""key"": ""tiny"", ""min"": 0, ""max"": 479}]","[""raw/published/resources/03c1fa8b77cf-dentvitalis33.schunk.6ecbf8a934abc739.js""]",,,
derived,e-671,e-671,SCROLL_INTO_VIEW,[],e-671-derived-step-1,1,False,0,600,0,0,TRANSFORM_SCALE,True,"{""id"": ""N/A"", ""appliesTo"": ""TRIGGER_ELEMENT"", ""useEventTarget"": true}",,"{""delay"": 0, ""duration"": 0, ""target"": {""id"": ""N/A"", ""appliesTo"": ""TRIGGER_ELEMENT"", ""useEventTarget"": true}, ""xValue"": 0.7500000000000001, ""yValue"": 0.7500000000000001}","[{""key"": ""main"", ""min"": 992, ""max"": 10000}, {""key"": ""medium"", ""min"": 768, ""max"": 991}, {""key"": ""small"", ""min"": 480, ""max"": 767}, {""key"": ""tiny"", ""min"": 0, ""max"": 479}]","[""raw/published/resources/03c1fa8b77cf-dentvitalis33.schunk.6ecbf8a934abc739.js""]",,,
derived,e-671,e-671,SCROLL_INTO_VIEW,[],e-671-derived-step-2,2,False,0,600,0,1000,TRANSFORM_SCALE,True,"{""id"": ""N/A"", ""appliesTo"": ""TRIGGER_ELEMENT"", ""useEventTarget"": true}",outQuart,"{""delay"": 0, ""easing"": ""outQuart"", ""duration"": 1000, ""target"": {""id"": ""N/A"", ""appliesTo"": ""TRIGGER_ELEMENT"", ""useEventTarget"": true}, ""xValue"": 1, ""yValue"": 1}","[{""key"": ""main"", ""min"": 992, ""max"": 10000}, {""key"": ""medium"", ""min"": 768, ""max"": 991}, {""key"": ""small"", ""min"": 480, ""max"": 767}, {""key"": ""tiny"", ""min"": 0, ""max"": 479}]","[""raw/published/resources/03c1fa8b77cf-dentvitalis33.schunk.6ecbf8a934abc739.js""]",,,
derived,e-671,e-671,SCROLL_INTO_VIEW,[],e-671-derived-step-3,2,False,0,600,0,1000,STYLE_OPACITY,True,"{""id"": ""N/A"", ""appliesTo"": ""TRIGGER_ELEMENT"", ""useEventTarget"": true}",outQuart,"{""delay"": 0, ""easing"": ""outQuart"", ""duration"": 1000, ""target"": {""id"": ""N/A"", ""appliesTo"": ""TRIGGER_ELEMENT"", ""useEventTarget"": true}, ""value"": 1}","[{""key"": ""main"", ""min"": 992, ""max"": 10000}, {""key"": ""medium"", ""min"": 768, ""max"": 991}, {""key"": ""small"", ""min"": 480, ""max"": 767}, {""key"": ""tiny"", ""min"": 0, ""max"": 479}]","[""raw/published/resources/03c1fa8b77cf-dentvitalis33.schunk.6ecbf8a934abc739.js""]",,,
derived,e-673,e-673,SCROLL_INTO_VIEW,[],e-673-derived-step-0,0,True,,200,0,0,STYLE_OPACITY,True,"{""id"": ""N/A"", ""appliesTo"": ""TRIGGER_ELEMENT"", ""useEventTarget"": true}",,"{""delay"": 0, ""duration"": 0, ""target"": {""id"": ""N/A"", ""appliesTo"": ""TRIGGER_ELEMENT"", ""useEventTarget"": true}, ""value"": 0}","[{""key"": ""main"", ""min"": 992, ""max"": 10000}, {""key"": ""medium"", ""min"": 768, ""max"": 991}, {""key"": ""small"", ""min"": 480, ""max"": 767}, {""key"": ""tiny"", ""min"": 0, ""max"": 479}]","[""raw/published/resources/03c1fa8b77cf-dentvitalis33.schunk.6ecbf8a934abc739.js""]",,,
derived,e-673,e-673,SCROLL_INTO_VIEW,[],e-673-derived-step-1,1,False,0,200,0,1000,STYLE_OPACITY,True,"{""id"": ""N/A"", ""appliesTo"": ""TRIGGER_ELEMENT"", ""useEventTarget"": true}",outQuart,"{""delay"": 0, ""easing"": ""outQuart"", ""duration"": 1000, ""target"": {""id"": ""N/A"", ""appliesTo"": ""TRIGGER_ELEMENT"", ""useEventTarget"": true}, ""value"": 1}","[{""key"": ""main"", ""min"": 992, ""max"": 10000}, {""key"": ""medium"", ""min"": 768, ""max"": 991}, {""key"": ""small"", ""min"": 480, ""max"": 767}, {""key"": ""tiny"", ""min"": 0, ""max"": 479}]","[""raw/published/resources/03c1fa8b77cf-dentvitalis33.schunk.6ecbf8a934abc739.js""]",,,
derived,e-683,e-683,SCROLL_INTO_VIEW,[],e-683-derived-step-0,0,True,,400,0,0,STYLE_OPACITY,True,"{""id"": ""N/A"", ""appliesTo"": ""TRIGGER_ELEMENT"", ""useEventTarget"": true}",,"{""delay"": 0, ""duration"": 0, ""target"": {""id"": ""N/A"", ""appliesTo"": ""TRIGGER_ELEMENT"", ""useEventTarget"": true}, ""value"": 0}","[{""key"": ""main"", ""min"": 992, ""max"": 10000}, {""key"": ""medium"", ""min"": 768, ""max"": 991}, {""key"": ""small"", ""min"": 480, ""max"": 767}, {""key"": ""tiny"", ""min"": 0, ""max"": 479}]","[""raw/published/resources/03c1fa8b77cf-dentvitalis33.schunk.6ecbf8a934abc739.js""]",,,
derived,e-683,e-683,SCROLL_INTO_VIEW,[],e-683-derived-step-1,1,False,0,400,0,0,TRANSFORM_SCALE,True,"{""id"": ""N/A"", ""appliesTo"": ""TRIGGER_ELEMENT"", ""useEventTarget"": true}",,"{""delay"": 0, ""duration"": 0, ""target"": {""id"": ""N/A"", ""appliesTo"": ""TRIGGER_ELEMENT"", ""useEventTarget"": true}, ""xValue"": 0.7500000000000001, ""yValue"": 0.7500000000000001}","[{""key"": ""main"", ""min"": 992, ""max"": 10000}, {""key"": ""medium"", ""min"": 768, ""max"": 991}, {""key"": ""small"", ""min"": 480, ""max"": 767}, {""key"": ""tiny"", ""min"": 0, ""max"": 479}]","[""raw/published/resources/03c1fa8b77cf-dentvitalis33.schunk.6ecbf8a934abc739.js""]",,,
derived,e-683,e-683,SCROLL_INTO_VIEW,[],e-683-derived-step-2,2,False,0,400,0,1000,TRANSFORM_SCALE,True,"{""id"": ""N/A"", ""appliesTo"": ""TRIGGER_ELEMENT"", ""useEventTarget"": true}",outQuart,"{""delay"": 0, ""easing"": ""outQuart"", ""duration"": 1000, ""target"": {""id"": ""N/A"", ""appliesTo"": ""TRIGGER_ELEMENT"", ""useEventTarget"": true}, ""xValue"": 1, ""yValue"": 1}","[{""key"": ""main"", ""min"": 992, ""max"": 10000}, {""key"": ""medium"", ""min"": 768, ""max"": 991}, {""key"": ""small"", ""min"": 480, ""max"": 767}, {""key"": ""tiny"", ""min"": 0, ""max"": 479}]","[""raw/published/resources/03c1fa8b77cf-dentvitalis33.schunk.6ecbf8a934abc739.js""]",,,
derived,e-683,e-683,SCROLL_INTO_VIEW,[],e-683-derived-step-3,2,False,0,400,0,1000,STYLE_OPACITY,True,"{""id"": ""N/A"", ""appliesTo"": ""TRIGGER_ELEMENT"", ""useEventTarget"": true}",outQuart,"{""delay"": 0, ""easing"": ""outQuart"", ""duration"": 1000, ""target"": {""id"": ""N/A"", ""appliesTo"": ""TRIGGER_ELEMENT"", ""useEventTarget"": true}, ""value"": 1}","[{""key"": ""main"", ""min"": 992, ""max"": 10000}, {""key"": ""medium"", ""min"": 768, ""max"": 991}, {""key"": ""small"", ""min"": 480, ""max"": 767}, {""key"": ""tiny"", ""min"": 0, ""max"": 479}]","[""raw/published/resources/03c1fa8b77cf-dentvitalis33.schunk.6ecbf8a934abc739.js""]",,,
derived,e-685,e-685,SCROLL_INTO_VIEW,[],e-685-derived-step-0,0,True,,600,0,0,STYLE_OPACITY,True,"{""id"": ""N/A"", ""appliesTo"": ""TRIGGER_ELEMENT"", ""useEventTarget"": true}",,"{""delay"": 0, ""duration"": 0, ""target"": {""id"": ""N/A"", ""appliesTo"": ""TRIGGER_ELEMENT"", ""useEventTarget"": true}, ""value"": 0}","[{""key"": ""main"", ""min"": 992, ""max"": 10000}, {""key"": ""medium"", ""min"": 768, ""max"": 991}, {""key"": ""small"", ""min"": 480, ""max"": 767}, {""key"": ""tiny"", ""min"": 0, ""max"": 479}]","[""raw/published/resources/03c1fa8b77cf-dentvitalis33.schunk.6ecbf8a934abc739.js""]",,,
derived,e-685,e-685,SCROLL_INTO_VIEW,[],e-685-derived-step-1,1,False,0,600,0,0,TRANSFORM_SCALE,True,"{""id"": ""N/A"", ""appliesTo"": ""TRIGGER_ELEMENT"", ""useEventTarget"": true}",,"{""delay"": 0, ""duration"": 0, ""target"": {""id"": ""N/A"", ""appliesTo"": ""TRIGGER_ELEMENT"", ""useEventTarget"": true}, ""xValue"": 0.7500000000000001, ""yValue"": 0.7500000000000001}","[{""key"": ""main"", ""min"": 992, ""max"": 10000}, {""key"": ""medium"", ""min"": 768, ""max"": 991}, {""key"": ""small"", ""min"": 480, ""max"": 767}, {""key"": ""tiny"", ""min"": 0, ""max"": 479}]","[""raw/published/resources/03c1fa8b77cf-dentvitalis33.schunk.6ecbf8a934abc739.js""]",,,
derived,e-685,e-685,SCROLL_INTO_VIEW,[],e-685-derived-step-2,2,False,0,600,0,1000,TRANSFORM_SCALE,True,"{""id"": ""N/A"", ""appliesTo"": ""TRIGGER_ELEMENT"", ""useEventTarget"": true}",outQuart,"{""delay"": 0, ""easing"": ""outQuart"", ""duration"": 1000, ""target"": {""id"": ""N/A"", ""appliesTo"": ""TRIGGER_ELEMENT"", ""useEventTarget"": true}, ""xValue"": 1, ""yValue"": 1}","[{""key"": ""main"", ""min"": 992, ""max"": 10000}, {""key"": ""medium"", ""min"": 768, ""max"": 991}, {""key"": ""small"", ""min"": 480, ""max"": 767}, {""key"": ""tiny"", ""min"": 0, ""max"": 479}]","[""raw/published/resources/03c1fa8b77cf-dentvitalis33.schunk.6ecbf8a934abc739.js""]",,,
derived,e-685,e-685,SCROLL_INTO_VIEW,[],e-685-derived-step-3,2,False,0,600,0,1000,STYLE_OPACITY,True,"{""id"": ""N/A"", ""appliesTo"": ""TRIGGER_ELEMENT"", ""useEventTarget"": true}",outQuart,"{""delay"": 0, ""easing"": ""outQuart"", ""duration"": 1000, ""target"": {""id"": ""N/A"", ""appliesTo"": ""TRIGGER_ELEMENT"", ""useEventTarget"": true}, ""value"": 1}","[{""key"": ""main"", ""min"": 992, ""max"": 10000}, {""key"": ""medium"", ""min"": 768, ""max"": 991}, {""key"": ""small"", ""min"": 480, ""max"": 767}, {""key"": ""tiny"", ""min"": 0, ""max"": 479}]","[""raw/published/resources/03c1fa8b77cf-dentvitalis33.schunk.6ecbf8a934abc739.js""]",,,
derived,e-687,e-687,SCROLL_INTO_VIEW,[],e-687-derived-step-0,0,True,,200,0,0,STYLE_OPACITY,True,"{""id"": ""N/A"", ""appliesTo"": ""TRIGGER_ELEMENT"", ""useEventTarget"": true}",,"{""delay"": 0, ""duration"": 0, ""target"": {""id"": ""N/A"", ""appliesTo"": ""TRIGGER_ELEMENT"", ""useEventTarget"": true}, ""value"": 0}","[{""key"": ""main"", ""min"": 992, ""max"": 10000}, {""key"": ""medium"", ""min"": 768, ""max"": 991}, {""key"": ""small"", ""min"": 480, ""max"": 767}, {""key"": ""tiny"", ""min"": 0, ""max"": 479}]","[""raw/published/resources/03c1fa8b77cf-dentvitalis33.schunk.6ecbf8a934abc739.js""]",,,
derived,e-687,e-687,SCROLL_INTO_VIEW,[],e-687-derived-step-1,1,False,0,200,0,1000,STYLE_OPACITY,True,"{""id"": ""N/A"", ""appliesTo"": ""TRIGGER_ELEMENT"", ""useEventTarget"": true}",outQuart,"{""delay"": 0, ""easing"": ""outQuart"", ""duration"": 1000, ""target"": {""id"": ""N/A"", ""appliesTo"": ""TRIGGER_ELEMENT"", ""useEventTarget"": true}, ""value"": 1}","[{""key"": ""main"", ""min"": 992, ""max"": 10000}, {""key"": ""medium"", ""min"": 768, ""max"": 991}, {""key"": ""small"", ""min"": 480, ""max"": 767}, {""key"": ""tiny"", ""min"": 0, ""max"": 479}]","[""raw/published/resources/03c1fa8b77cf-dentvitalis33.schunk.6ecbf8a934abc739.js""]",,,
derived,e-697,e-697,SCROLL_INTO_VIEW,[],e-697-derived-step-0,0,True,,400,0,0,STYLE_OPACITY,True,"{""id"": ""N/A"", ""appliesTo"": ""TRIGGER_ELEMENT"", ""useEventTarget"": true}",,"{""delay"": 0, ""duration"": 0, ""target"": {""id"": ""N/A"", ""appliesTo"": ""TRIGGER_ELEMENT"", ""useEventTarget"": true}, ""value"": 0}","[{""key"": ""main"", ""min"": 992, ""max"": 10000}, {""key"": ""medium"", ""min"": 768, ""max"": 991}, {""key"": ""small"", ""min"": 480, ""max"": 767}, {""key"": ""tiny"", ""min"": 0, ""max"": 479}]","[""raw/published/resources/03c1fa8b77cf-dentvitalis33.schunk.6ecbf8a934abc739.js""]",,,
derived,e-697,e-697,SCROLL_INTO_VIEW,[],e-697-derived-step-1,1,False,0,400,0,0,TRANSFORM_SCALE,True,"{""id"": ""N/A"", ""appliesTo"": ""TRIGGER_ELEMENT"", ""useEventTarget"": true}",,"{""delay"": 0, ""duration"": 0, ""target"": {""id"": ""N/A"", ""appliesTo"": ""TRIGGER_ELEMENT"", ""useEventTarget"": true}, ""xValue"": 0.7500000000000001, ""yValue"": 0.7500000000000001}","[{""key"": ""main"", ""min"": 992, ""max"": 10000}, {""key"": ""medium"", ""min"": 768, ""max"": 991}, {""key"": ""small"", ""min"": 480, ""max"": 767}, {""key"": ""tiny"", ""min"": 0, ""max"": 479}]","[""raw/published/resources/03c1fa8b77cf-dentvitalis33.schunk.6ecbf8a934abc739.js""]",,,
derived,e-697,e-697,SCROLL_INTO_VIEW,[],e-697-derived-step-2,2,False,0,400,0,1000,TRANSFORM_SCALE,True,"{""id"": ""N/A"", ""appliesTo"": ""TRIGGER_ELEMENT"", ""useEventTarget"": true}",outQuart,"{""delay"": 0, ""easing"": ""outQuart"", ""duration"": 1000, ""target"": {""id"": ""N/A"", ""appliesTo"": ""TRIGGER_ELEMENT"", ""useEventTarget"": true}, ""xValue"": 1, ""yValue"": 1}","[{""key"": ""main"", ""min"": 992, ""max"": 10000}, {""key"": ""medium"", ""min"": 768, ""max"": 991}, {""key"": ""small"", ""min"": 480, ""max"": 767}, {""key"": ""tiny"", ""min"": 0, ""max"": 479}]","[""raw/published/resources/03c1fa8b77cf-dentvitalis33.schunk.6ecbf8a934abc739.js""]",,,
derived,e-697,e-697,SCROLL_INTO_VIEW,[],e-697-derived-step-3,2,False,0,400,0,1000,STYLE_OPACITY,True,"{""id"": ""N/A"", ""appliesTo"": ""TRIGGER_ELEMENT"", ""useEventTarget"": true}",outQuart,"{""delay"": 0, ""easing"": ""outQuart"", ""duration"": 1000, ""target"": {""id"": ""N/A"", ""appliesTo"": ""TRIGGER_ELEMENT"", ""useEventTarget"": true}, ""value"": 1}","[{""key"": ""main"", ""min"": 992, ""max"": 10000}, {""key"": ""medium"", ""min"": 768, ""max"": 991}, {""key"": ""small"", ""min"": 480, ""max"": 767}, {""key"": ""tiny"", ""min"": 0, ""max"": 479}]","[""raw/published/resources/03c1fa8b77cf-dentvitalis33.schunk.6ecbf8a934abc739.js""]",,,
derived,e-699,e-699,SCROLL_INTO_VIEW,[],e-699-derived-step-0,0,True,,600,0,0,STYLE_OPACITY,True,"{""id"": ""N/A"", ""appliesTo"": ""TRIGGER_ELEMENT"", ""useEventTarget"": true}",,"{""delay"": 0, ""duration"": 0, ""target"": {""id"": ""N/A"", ""appliesTo"": ""TRIGGER_ELEMENT"", ""useEventTarget"": true}, ""value"": 0}","[{""key"": ""main"", ""min"": 992, ""max"": 10000}, {""key"": ""medium"", ""min"": 768, ""max"": 991}, {""key"": ""small"", ""min"": 480, ""max"": 767}, {""key"": ""tiny"", ""min"": 0, ""max"": 479}]","[""raw/published/resources/03c1fa8b77cf-dentvitalis33.schunk.6ecbf8a934abc739.js""]",,,
derived,e-699,e-699,SCROLL_INTO_VIEW,[],e-699-derived-step-1,1,False,0,600,0,0,TRANSFORM_SCALE,True,"{""id"": ""N/A"", ""appliesTo"": ""TRIGGER_ELEMENT"", ""useEventTarget"": true}",,"{""delay"": 0, ""duration"": 0, ""target"": {""id"": ""N/A"", ""appliesTo"": ""TRIGGER_ELEMENT"", ""useEventTarget"": true}, ""xValue"": 0.7500000000000001, ""yValue"": 0.7500000000000001}","[{""key"": ""main"", ""min"": 992, ""max"": 10000}, {""key"": ""medium"", ""min"": 768, ""max"": 991}, {""key"": ""small"", ""min"": 480, ""max"": 767}, {""key"": ""tiny"", ""min"": 0, ""max"": 479}]","[""raw/published/resources/03c1fa8b77cf-dentvitalis33.schunk.6ecbf8a934abc739.js""]",,,
derived,e-699,e-699,SCROLL_INTO_VIEW,[],e-699-derived-step-2,2,False,0,600,0,1000,TRANSFORM_SCALE,True,"{""id"": ""N/A"", ""appliesTo"": ""TRIGGER_ELEMENT"", ""useEventTarget"": true}",outQuart,"{""delay"": 0, ""easing"": ""outQuart"", ""duration"": 1000, ""target"": {""id"": ""N/A"", ""appliesTo"": ""TRIGGER_ELEMENT"", ""useEventTarget"": true}, ""xValue"": 1, ""yValue"": 1}","[{""key"": ""main"", ""min"": 992, ""max"": 10000}, {""key"": ""medium"", ""min"": 768, ""max"": 991}, {""key"": ""small"", ""min"": 480, ""max"": 767}, {""key"": ""tiny"", ""min"": 0, ""max"": 479}]","[""raw/published/resources/03c1fa8b77cf-dentvitalis33.schunk.6ecbf8a934abc739.js""]",,,
derived,e-699,e-699,SCROLL_INTO_VIEW,[],e-699-derived-step-3,2,False,0,600,0,1000,STYLE_OPACITY,True,"{""id"": ""N/A"", ""appliesTo"": ""TRIGGER_ELEMENT"", ""useEventTarget"": true}",outQuart,"{""delay"": 0, ""easing"": ""outQuart"", ""duration"": 1000, ""target"": {""id"": ""N/A"", ""appliesTo"": ""TRIGGER_ELEMENT"", ""useEventTarget"": true}, ""value"": 1}","[{""key"": ""main"", ""min"": 992, ""max"": 10000}, {""key"": ""medium"", ""min"": 768, ""max"": 991}, {""key"": ""small"", ""min"": 480, ""max"": 767}, {""key"": ""tiny"", ""min"": 0, ""max"": 479}]","[""raw/published/resources/03c1fa8b77cf-dentvitalis33.schunk.6ecbf8a934abc739.js""]",,,
derived,e-701,e-701,SCROLL_INTO_VIEW,[],e-701-derived-step-0,0,True,,200,0,0,STYLE_OPACITY,True,"{""id"": ""N/A"", ""appliesTo"": ""TRIGGER_ELEMENT"", ""useEventTarget"": true}",,"{""delay"": 0, ""duration"": 0, ""target"": {""id"": ""N/A"", ""appliesTo"": ""TRIGGER_ELEMENT"", ""useEventTarget"": true}, ""value"": 0}","[{""key"": ""main"", ""min"": 992, ""max"": 10000}, {""key"": ""medium"", ""min"": 768, ""max"": 991}, {""key"": ""small"", ""min"": 480, ""max"": 767}, {""key"": ""tiny"", ""min"": 0, ""max"": 479}]","[""raw/published/resources/03c1fa8b77cf-dentvitalis33.schunk.6ecbf8a934abc739.js""]",,,
derived,e-701,e-701,SCROLL_INTO_VIEW,[],e-701-derived-step-1,1,False,0,200,0,1000,STYLE_OPACITY,True,"{""id"": ""N/A"", ""appliesTo"": ""TRIGGER_ELEMENT"", ""useEventTarget"": true}",outQuart,"{""delay"": 0, ""easing"": ""outQuart"", ""duration"": 1000, ""target"": {""id"": ""N/A"", ""appliesTo"": ""TRIGGER_ELEMENT"", ""useEventTarget"": true}, ""value"": 1}","[{""key"": ""main"", ""min"": 992, ""max"": 10000}, {""key"": ""medium"", ""min"": 768, ""max"": 991}, {""key"": ""small"", ""min"": 480, ""max"": 767}, {""key"": ""tiny"", ""min"": 0, ""max"": 479}]","[""raw/published/resources/03c1fa8b77cf-dentvitalis33.schunk.6ecbf8a934abc739.js""]",,,
derived,e-711,e-711,SCROLL_INTO_VIEW,[],e-711-derived-step-0,0,True,,400,0,0,STYLE_OPACITY,True,"{""id"": ""N/A"", ""appliesTo"": ""TRIGGER_ELEMENT"", ""useEventTarget"": true}",,"{""delay"": 0, ""duration"": 0, ""target"": {""id"": ""N/A"", ""appliesTo"": ""TRIGGER_ELEMENT"", ""useEventTarget"": true}, ""value"": 0}","[{""key"": ""main"", ""min"": 992, ""max"": 10000}, {""key"": ""medium"", ""min"": 768, ""max"": 991}, {""key"": ""small"", ""min"": 480, ""max"": 767}, {""key"": ""tiny"", ""min"": 0, ""max"": 479}]","[""raw/published/resources/03c1fa8b77cf-dentvitalis33.schunk.6ecbf8a934abc739.js""]",,,
derived,e-711,e-711,SCROLL_INTO_VIEW,[],e-711-derived-step-1,1,False,0,400,0,0,TRANSFORM_SCALE,True,"{""id"": ""N/A"", ""appliesTo"": ""TRIGGER_ELEMENT"", ""useEventTarget"": true}",,"{""delay"": 0, ""duration"": 0, ""target"": {""id"": ""N/A"", ""appliesTo"": ""TRIGGER_ELEMENT"", ""useEventTarget"": true}, ""xValue"": 0.7500000000000001, ""yValue"": 0.7500000000000001}","[{""key"": ""main"", ""min"": 992, ""max"": 10000}, {""key"": ""medium"", ""min"": 768, ""max"": 991}, {""key"": ""small"", ""min"": 480, ""max"": 767}, {""key"": ""tiny"", ""min"": 0, ""max"": 479}]","[""raw/published/resources/03c1fa8b77cf-dentvitalis33.schunk.6ecbf8a934abc739.js""]",,,
derived,e-711,e-711,SCROLL_INTO_VIEW,[],e-711-derived-step-2,2,False,0,400,0,1000,TRANSFORM_SCALE,True,"{""id"": ""N/A"", ""appliesTo"": ""TRIGGER_ELEMENT"", ""useEventTarget"": true}",outQuart,"{""delay"": 0, ""easing"": ""outQuart"", ""duration"": 1000, ""target"": {""id"": ""N/A"", ""appliesTo"": ""TRIGGER_ELEMENT"", ""useEventTarget"": true}, ""xValue"": 1, ""yValue"": 1}","[{""key"": ""main"", ""min"": 992, ""max"": 10000}, {""key"": ""medium"", ""min"": 768, ""max"": 991}, {""key"": ""small"", ""min"": 480, ""max"": 767}, {""key"": ""tiny"", ""min"": 0, ""max"": 479}]","[""raw/published/resources/03c1fa8b77cf-dentvitalis33.schunk.6ecbf8a934abc739.js""]",,,
derived,e-711,e-711,SCROLL_INTO_VIEW,[],e-711-derived-step-3,2,False,0,400,0,1000,STYLE_OPACITY,True,"{""id"": ""N/A"", ""appliesTo"": ""TRIGGER_ELEMENT"", ""useEventTarget"": true}",outQuart,"{""delay"": 0, ""easing"": ""outQuart"", ""duration"": 1000, ""target"": {""id"": ""N/A"", ""appliesTo"": ""TRIGGER_ELEMENT"", ""useEventTarget"": true}, ""value"": 1}","[{""key"": ""main"", ""min"": 992, ""max"": 10000}, {""key"": ""medium"", ""min"": 768, ""max"": 991}, {""key"": ""small"", ""min"": 480, ""max"": 767}, {""key"": ""tiny"", ""min"": 0, ""max"": 479}]","[""raw/published/resources/03c1fa8b77cf-dentvitalis33.schunk.6ecbf8a934abc739.js""]",,,
derived,e-713,e-713,SCROLL_INTO_VIEW,[],e-713-derived-step-0,0,True,,600,0,0,STYLE_OPACITY,True,"{""id"": ""N/A"", ""appliesTo"": ""TRIGGER_ELEMENT"", ""useEventTarget"": true}",,"{""delay"": 0, ""duration"": 0, ""target"": {""id"": ""N/A"", ""appliesTo"": ""TRIGGER_ELEMENT"", ""useEventTarget"": true}, ""value"": 0}","[{""key"": ""main"", ""min"": 992, ""max"": 10000}, {""key"": ""medium"", ""min"": 768, ""max"": 991}, {""key"": ""small"", ""min"": 480, ""max"": 767}, {""key"": ""tiny"", ""min"": 0, ""max"": 479}]","[""raw/published/resources/03c1fa8b77cf-dentvitalis33.schunk.6ecbf8a934abc739.js""]",,,
derived,e-713,e-713,SCROLL_INTO_VIEW,[],e-713-derived-step-1,1,False,0,600,0,0,TRANSFORM_SCALE,True,"{""id"": ""N/A"", ""appliesTo"": ""TRIGGER_ELEMENT"", ""useEventTarget"": true}",,"{""delay"": 0, ""duration"": 0, ""target"": {""id"": ""N/A"", ""appliesTo"": ""TRIGGER_ELEMENT"", ""useEventTarget"": true}, ""xValue"": 0.7500000000000001, ""yValue"": 0.7500000000000001}","[{""key"": ""main"", ""min"": 992, ""max"": 10000}, {""key"": ""medium"", ""min"": 768, ""max"": 991}, {""key"": ""small"", ""min"": 480, ""max"": 767}, {""key"": ""tiny"", ""min"": 0, ""max"": 479}]","[""raw/published/resources/03c1fa8b77cf-dentvitalis33.schunk.6ecbf8a934abc739.js""]",,,
derived,e-713,e-713,SCROLL_INTO_VIEW,[],e-713-derived-step-2,2,False,0,600,0,1000,TRANSFORM_SCALE,True,"{""id"": ""N/A"", ""appliesTo"": ""TRIGGER_ELEMENT"", ""useEventTarget"": true}",outQuart,"{""delay"": 0, ""easing"": ""outQuart"", ""duration"": 1000, ""target"": {""id"": ""N/A"", ""appliesTo"": ""TRIGGER_ELEMENT"", ""useEventTarget"": true}, ""xValue"": 1, ""yValue"": 1}","[{""key"": ""main"", ""min"": 992, ""max"": 10000}, {""key"": ""medium"", ""min"": 768, ""max"": 991}, {""key"": ""small"", ""min"": 480, ""max"": 767}, {""key"": ""tiny"", ""min"": 0, ""max"": 479}]","[""raw/published/resources/03c1fa8b77cf-dentvitalis33.schunk.6ecbf8a934abc739.js""]",,,
derived,e-713,e-713,SCROLL_INTO_VIEW,[],e-713-derived-step-3,2,False,0,600,0,1000,STYLE_OPACITY,True,"{""id"": ""N/A"", ""appliesTo"": ""TRIGGER_ELEMENT"", ""useEventTarget"": true}",outQuart,"{""delay"": 0, ""easing"": ""outQuart"", ""duration"": 1000, ""target"": {""id"": ""N/A"", ""appliesTo"": ""TRIGGER_ELEMENT"", ""useEventTarget"": true}, ""value"": 1}","[{""key"": ""main"", ""min"": 992, ""max"": 10000}, {""key"": ""medium"", ""min"": 768, ""max"": 991}, {""key"": ""small"", ""min"": 480, ""max"": 767}, {""key"": ""tiny"", ""min"": 0, ""max"": 479}]","[""raw/published/resources/03c1fa8b77cf-dentvitalis33.schunk.6ecbf8a934abc739.js""]",,,
derived,e-715,e-715,SCROLL_INTO_VIEW,[],e-715-derived-step-0,0,True,,200,0,0,STYLE_OPACITY,True,"{""id"": ""N/A"", ""appliesTo"": ""TRIGGER_ELEMENT"", ""useEventTarget"": true}",,"{""delay"": 0, ""duration"": 0, ""target"": {""id"": ""N/A"", ""appliesTo"": ""TRIGGER_ELEMENT"", ""useEventTarget"": true}, ""value"": 0}","[{""key"": ""main"", ""min"": 992, ""max"": 10000}, {""key"": ""medium"", ""min"": 768, ""max"": 991}, {""key"": ""small"", ""min"": 480, ""max"": 767}, {""key"": ""tiny"", ""min"": 0, ""max"": 479}]","[""raw/published/resources/03c1fa8b77cf-dentvitalis33.schunk.6ecbf8a934abc739.js""]",,,
derived,e-715,e-715,SCROLL_INTO_VIEW,[],e-715-derived-step-1,1,False,0,200,0,1000,STYLE_OPACITY,True,"{""id"": ""N/A"", ""appliesTo"": ""TRIGGER_ELEMENT"", ""useEventTarget"": true}",outQuart,"{""delay"": 0, ""easing"": ""outQuart"", ""duration"": 1000, ""target"": {""id"": ""N/A"", ""appliesTo"": ""TRIGGER_ELEMENT"", ""useEventTarget"": true}, ""value"": 1}","[{""key"": ""main"", ""min"": 992, ""max"": 10000}, {""key"": ""medium"", ""min"": 768, ""max"": 991}, {""key"": ""small"", ""min"": 480, ""max"": 767}, {""key"": ""tiny"", ""min"": 0, ""max"": 479}]","[""raw/published/resources/03c1fa8b77cf-dentvitalis33.schunk.6ecbf8a934abc739.js""]",,,
derived,e-725,e-725,SCROLL_INTO_VIEW,[],e-725-derived-step-0,0,True,,400,0,0,STYLE_OPACITY,True,"{""id"": ""N/A"", ""appliesTo"": ""TRIGGER_ELEMENT"", ""useEventTarget"": true}",,"{""delay"": 0, ""duration"": 0, ""target"": {""id"": ""N/A"", ""appliesTo"": ""TRIGGER_ELEMENT"", ""useEventTarget"": true}, ""value"": 0}","[{""key"": ""main"", ""min"": 992, ""max"": 10000}, {""key"": ""medium"", ""min"": 768, ""max"": 991}, {""key"": ""small"", ""min"": 480, ""max"": 767}, {""key"": ""tiny"", ""min"": 0, ""max"": 479}]","[""raw/published/resources/03c1fa8b77cf-dentvitalis33.schunk.6ecbf8a934abc739.js""]",,,
derived,e-725,e-725,SCROLL_INTO_VIEW,[],e-725-derived-step-1,1,False,0,400,0,0,TRANSFORM_SCALE,True,"{""id"": ""N/A"", ""appliesTo"": ""TRIGGER_ELEMENT"", ""useEventTarget"": true}",,"{""delay"": 0, ""duration"": 0, ""target"": {""id"": ""N/A"", ""appliesTo"": ""TRIGGER_ELEMENT"", ""useEventTarget"": true}, ""xValue"": 0.7500000000000001, ""yValue"": 0.7500000000000001}","[{""key"": ""main"", ""min"": 992, ""max"": 10000}, {""key"": ""medium"", ""min"": 768, ""max"": 991}, {""key"": ""small"", ""min"": 480, ""max"": 767}, {""key"": ""tiny"", ""min"": 0, ""max"": 479}]","[""raw/published/resources/03c1fa8b77cf-dentvitalis33.schunk.6ecbf8a934abc739.js""]",,,
derived,e-725,e-725,SCROLL_INTO_VIEW,[],e-725-derived-step-2,2,False,0,400,0,1000,TRANSFORM_SCALE,True,"{""id"": ""N/A"", ""appliesTo"": ""TRIGGER_ELEMENT"", ""useEventTarget"": true}",outQuart,"{""delay"": 0, ""easing"": ""outQuart"", ""duration"": 1000, ""target"": {""id"": ""N/A"", ""appliesTo"": ""TRIGGER_ELEMENT"", ""useEventTarget"": true}, ""xValue"": 1, ""yValue"": 1}","[{""key"": ""main"", ""min"": 992, ""max"": 10000}, {""key"": ""medium"", ""min"": 768, ""max"": 991}, {""key"": ""small"", ""min"": 480, ""max"": 767}, {""key"": ""tiny"", ""min"": 0, ""max"": 479}]","[""raw/published/resources/03c1fa8b77cf-dentvitalis33.schunk.6ecbf8a934abc739.js""]",,,
derived,e-725,e-725,SCROLL_INTO_VIEW,[],e-725-derived-step-3,2,False,0,400,0,1000,STYLE_OPACITY,True,"{""id"": ""N/A"", ""appliesTo"": ""TRIGGER_ELEMENT"", ""useEventTarget"": true}",outQuart,"{""delay"": 0, ""easing"": ""outQuart"", ""duration"": 1000, ""target"": {""id"": ""N/A"", ""appliesTo"": ""TRIGGER_ELEMENT"", ""useEventTarget"": true}, ""value"": 1}","[{""key"": ""main"", ""min"": 992, ""max"": 10000}, {""key"": ""medium"", ""min"": 768, ""max"": 991}, {""key"": ""small"", ""min"": 480, ""max"": 767}, {""key"": ""tiny"", ""min"": 0, ""max"": 479}]","[""raw/published/resources/03c1fa8b77cf-dentvitalis33.schunk.6ecbf8a934abc739.js""]",,,
derived,e-727,e-727,SCROLL_INTO_VIEW,[],e-727-derived-step-0,0,True,,600,0,0,STYLE_OPACITY,True,"{""id"": ""N/A"", ""appliesTo"": ""TRIGGER_ELEMENT"", ""useEventTarget"": true}",,"{""delay"": 0, ""duration"": 0, ""target"": {""id"": ""N/A"", ""appliesTo"": ""TRIGGER_ELEMENT"", ""useEventTarget"": true}, ""value"": 0}","[{""key"": ""main"", ""min"": 992, ""max"": 10000}, {""key"": ""medium"", ""min"": 768, ""max"": 991}, {""key"": ""small"", ""min"": 480, ""max"": 767}, {""key"": ""tiny"", ""min"": 0, ""max"": 479}]","[""raw/published/resources/03c1fa8b77cf-dentvitalis33.schunk.6ecbf8a934abc739.js""]",,,
derived,e-727,e-727,SCROLL_INTO_VIEW,[],e-727-derived-step-1,1,False,0,600,0,0,TRANSFORM_SCALE,True,"{""id"": ""N/A"", ""appliesTo"": ""TRIGGER_ELEMENT"", ""useEventTarget"": true}",,"{""delay"": 0, ""duration"": 0, ""target"": {""id"": ""N/A"", ""appliesTo"": ""TRIGGER_ELEMENT"", ""useEventTarget"": true}, ""xValue"": 0.7500000000000001, ""yValue"": 0.7500000000000001}","[{""key"": ""main"", ""min"": 992, ""max"": 10000}, {""key"": ""medium"", ""min"": 768, ""max"": 991}, {""key"": ""small"", ""min"": 480, ""max"": 767}, {""key"": ""tiny"", ""min"": 0, ""max"": 479}]","[""raw/published/resources/03c1fa8b77cf-dentvitalis33.schunk.6ecbf8a934abc739.js""]",,,
derived,e-727,e-727,SCROLL_INTO_VIEW,[],e-727-derived-step-2,2,False,0,600,0,1000,TRANSFORM_SCALE,True,"{""id"": ""N/A"", ""appliesTo"": ""TRIGGER_ELEMENT"", ""useEventTarget"": true}",outQuart,"{""delay"": 0, ""easing"": ""outQuart"", ""duration"": 1000, ""target"": {""id"": ""N/A"", ""appliesTo"": ""TRIGGER_ELEMENT"", ""useEventTarget"": true}, ""xValue"": 1, ""yValue"": 1}","[{""key"": ""main"", ""min"": 992, ""max"": 10000}, {""key"": ""medium"", ""min"": 768, ""max"": 991}, {""key"": ""small"", ""min"": 480, ""max"": 767}, {""key"": ""tiny"", ""min"": 0, ""max"": 479}]","[""raw/published/resources/03c1fa8b77cf-dentvitalis33.schunk.6ecbf8a934abc739.js""]",,,
derived,e-727,e-727,SCROLL_INTO_VIEW,[],e-727-derived-step-3,2,False,0,600,0,1000,STYLE_OPACITY,True,"{""id"": ""N/A"", ""appliesTo"": ""TRIGGER_ELEMENT"", ""useEventTarget"": true}",outQuart,"{""delay"": 0, ""easing"": ""outQuart"", ""duration"": 1000, ""target"": {""id"": ""N/A"", ""appliesTo"": ""TRIGGER_ELEMENT"", ""useEventTarget"": true}, ""value"": 1}","[{""key"": ""main"", ""min"": 992, ""max"": 10000}, {""key"": ""medium"", ""min"": 768, ""max"": 991}, {""key"": ""small"", ""min"": 480, ""max"": 767}, {""key"": ""tiny"", ""min"": 0, ""max"": 479}]","[""raw/published/resources/03c1fa8b77cf-dentvitalis33.schunk.6ecbf8a934abc739.js""]",,,
derived,e-729,e-729,SCROLL_INTO_VIEW,[],e-729-derived-step-0,0,True,,200,0,0,STYLE_OPACITY,True,"{""id"": ""N/A"", ""appliesTo"": ""TRIGGER_ELEMENT"", ""useEventTarget"": true}",,"{""delay"": 0, ""duration"": 0, ""target"": {""id"": ""N/A"", ""appliesTo"": ""TRIGGER_ELEMENT"", ""useEventTarget"": true}, ""value"": 0}","[{""key"": ""main"", ""min"": 992, ""max"": 10000}, {""key"": ""medium"", ""min"": 768, ""max"": 991}, {""key"": ""small"", ""min"": 480, ""max"": 767}, {""key"": ""tiny"", ""min"": 0, ""max"": 479}]","[""raw/published/resources/03c1fa8b77cf-dentvitalis33.schunk.6ecbf8a934abc739.js""]",,,
derived,e-729,e-729,SCROLL_INTO_VIEW,[],e-729-derived-step-1,1,False,0,200,0,1000,STYLE_OPACITY,True,"{""id"": ""N/A"", ""appliesTo"": ""TRIGGER_ELEMENT"", ""useEventTarget"": true}",outQuart,"{""delay"": 0, ""easing"": ""outQuart"", ""duration"": 1000, ""target"": {""id"": ""N/A"", ""appliesTo"": ""TRIGGER_ELEMENT"", ""useEventTarget"": true}, ""value"": 1}","[{""key"": ""main"", ""min"": 992, ""max"": 10000}, {""key"": ""medium"", ""min"": 768, ""max"": 991}, {""key"": ""small"", ""min"": 480, ""max"": 767}, {""key"": ""tiny"", ""min"": 0, ""max"": 479}]","[""raw/published/resources/03c1fa8b77cf-dentvitalis33.schunk.6ecbf8a934abc739.js""]",,,
derived,e-737,e-737,SCROLL_INTO_VIEW,[],e-737-derived-step-0,0,True,,400,0,0,STYLE_OPACITY,True,"{""id"": ""N/A"", ""appliesTo"": ""TRIGGER_ELEMENT"", ""useEventTarget"": true}",,"{""delay"": 0, ""duration"": 0, ""target"": {""id"": ""N/A"", ""appliesTo"": ""TRIGGER_ELEMENT"", ""useEventTarget"": true}, ""value"": 0}","[{""key"": ""main"", ""min"": 992, ""max"": 10000}, {""key"": ""medium"", ""min"": 768, ""max"": 991}, {""key"": ""small"", ""min"": 480, ""max"": 767}, {""key"": ""tiny"", ""min"": 0, ""max"": 479}]","[""raw/published/resources/03c1fa8b77cf-dentvitalis33.schunk.6ecbf8a934abc739.js""]",,,
derived,e-737,e-737,SCROLL_INTO_VIEW,[],e-737-derived-step-1,1,False,0,400,0,0,TRANSFORM_SCALE,True,"{""id"": ""N/A"", ""appliesTo"": ""TRIGGER_ELEMENT"", ""useEventTarget"": true}",,"{""delay"": 0, ""duration"": 0, ""target"": {""id"": ""N/A"", ""appliesTo"": ""TRIGGER_ELEMENT"", ""useEventTarget"": true}, ""xValue"": 0.7500000000000001, ""yValue"": 0.7500000000000001}","[{""key"": ""main"", ""min"": 992, ""max"": 10000}, {""key"": ""medium"", ""min"": 768, ""max"": 991}, {""key"": ""small"", ""min"": 480, ""max"": 767}, {""key"": ""tiny"", ""min"": 0, ""max"": 479}]","[""raw/published/resources/03c1fa8b77cf-dentvitalis33.schunk.6ecbf8a934abc739.js""]",,,
derived,e-737,e-737,SCROLL_INTO_VIEW,[],e-737-derived-step-2,2,False,0,400,0,1000,TRANSFORM_SCALE,True,"{""id"": ""N/A"", ""appliesTo"": ""TRIGGER_ELEMENT"", ""useEventTarget"": true}",outQuart,"{""delay"": 0, ""easing"": ""outQuart"", ""duration"": 1000, ""target"": {""id"": ""N/A"", ""appliesTo"": ""TRIGGER_ELEMENT"", ""useEventTarget"": true}, ""xValue"": 1, ""yValue"": 1}","[{""key"": ""main"", ""min"": 992, ""max"": 10000}, {""key"": ""medium"", ""min"": 768, ""max"": 991}, {""key"": ""small"", ""min"": 480, ""max"": 767}, {""key"": ""tiny"", ""min"": 0, ""max"": 479}]","[""raw/published/resources/03c1fa8b77cf-dentvitalis33.schunk.6ecbf8a934abc739.js""]",,,
derived,e-737,e-737,SCROLL_INTO_VIEW,[],e-737-derived-step-3,2,False,0,400,0,1000,STYLE_OPACITY,True,"{""id"": ""N/A"", ""appliesTo"": ""TRIGGER_ELEMENT"", ""useEventTarget"": true}",outQuart,"{""delay"": 0, ""easing"": ""outQuart"", ""duration"": 1000, ""target"": {""id"": ""N/A"", ""appliesTo"": ""TRIGGER_ELEMENT"", ""useEventTarget"": true}, ""value"": 1}","[{""key"": ""main"", ""min"": 992, ""max"": 10000}, {""key"": ""medium"", ""min"": 768, ""max"": 991}, {""key"": ""small"", ""min"": 480, ""max"": 767}, {""key"": ""tiny"", ""min"": 0, ""max"": 479}]","[""raw/published/resources/03c1fa8b77cf-dentvitalis33.schunk.6ecbf8a934abc739.js""]",,,
derived,e-739,e-739,SCROLL_INTO_VIEW,[],e-739-derived-step-0,0,True,,600,0,0,STYLE_OPACITY,True,"{""id"": ""N/A"", ""appliesTo"": ""TRIGGER_ELEMENT"", ""useEventTarget"": true}",,"{""delay"": 0, ""duration"": 0, ""target"": {""id"": ""N/A"", ""appliesTo"": ""TRIGGER_ELEMENT"", ""useEventTarget"": true}, ""value"": 0}","[{""key"": ""main"", ""min"": 992, ""max"": 10000}, {""key"": ""medium"", ""min"": 768, ""max"": 991}, {""key"": ""small"", ""min"": 480, ""max"": 767}, {""key"": ""tiny"", ""min"": 0, ""max"": 479}]","[""raw/published/resources/03c1fa8b77cf-dentvitalis33.schunk.6ecbf8a934abc739.js""]",,,
derived,e-739,e-739,SCROLL_INTO_VIEW,[],e-739-derived-step-1,1,False,0,600,0,0,TRANSFORM_SCALE,True,"{""id"": ""N/A"", ""appliesTo"": ""TRIGGER_ELEMENT"", ""useEventTarget"": true}",,"{""delay"": 0, ""duration"": 0, ""target"": {""id"": ""N/A"", ""appliesTo"": ""TRIGGER_ELEMENT"", ""useEventTarget"": true}, ""xValue"": 0.7500000000000001, ""yValue"": 0.7500000000000001}","[{""key"": ""main"", ""min"": 992, ""max"": 10000}, {""key"": ""medium"", ""min"": 768, ""max"": 991}, {""key"": ""small"", ""min"": 480, ""max"": 767}, {""key"": ""tiny"", ""min"": 0, ""max"": 479}]","[""raw/published/resources/03c1fa8b77cf-dentvitalis33.schunk.6ecbf8a934abc739.js""]",,,
derived,e-739,e-739,SCROLL_INTO_VIEW,[],e-739-derived-step-2,2,False,0,600,0,1000,TRANSFORM_SCALE,True,"{""id"": ""N/A"", ""appliesTo"": ""TRIGGER_ELEMENT"", ""useEventTarget"": true}",outQuart,"{""delay"": 0, ""easing"": ""outQuart"", ""duration"": 1000, ""target"": {""id"": ""N/A"", ""appliesTo"": ""TRIGGER_ELEMENT"", ""useEventTarget"": true}, ""xValue"": 1, ""yValue"": 1}","[{""key"": ""main"", ""min"": 992, ""max"": 10000}, {""key"": ""medium"", ""min"": 768, ""max"": 991}, {""key"": ""small"", ""min"": 480, ""max"": 767}, {""key"": ""tiny"", ""min"": 0, ""max"": 479}]","[""raw/published/resources/03c1fa8b77cf-dentvitalis33.schunk.6ecbf8a934abc739.js""]",,,
derived,e-739,e-739,SCROLL_INTO_VIEW,[],e-739-derived-step-3,2,False,0,600,0,1000,STYLE_OPACITY,True,"{""id"": ""N/A"", ""appliesTo"": ""TRIGGER_ELEMENT"", ""useEventTarget"": true}",outQuart,"{""delay"": 0, ""easing"": ""outQuart"", ""duration"": 1000, ""target"": {""id"": ""N/A"", ""appliesTo"": ""TRIGGER_ELEMENT"", ""useEventTarget"": true}, ""value"": 1}","[{""key"": ""main"", ""min"": 992, ""max"": 10000}, {""key"": ""medium"", ""min"": 768, ""max"": 991}, {""key"": ""small"", ""min"": 480, ""max"": 767}, {""key"": ""tiny"", ""min"": 0, ""max"": 479}]","[""raw/published/resources/03c1fa8b77cf-dentvitalis33.schunk.6ecbf8a934abc739.js""]",,,
derived,e-741,e-741,SCROLL_INTO_VIEW,[],e-741-derived-step-0,0,True,,200,0,0,STYLE_OPACITY,True,"{""id"": ""N/A"", ""appliesTo"": ""TRIGGER_ELEMENT"", ""useEventTarget"": true}",,"{""delay"": 0, ""duration"": 0, ""target"": {""id"": ""N/A"", ""appliesTo"": ""TRIGGER_ELEMENT"", ""useEventTarget"": true}, ""value"": 0}","[{""key"": ""main"", ""min"": 992, ""max"": 10000}, {""key"": ""medium"", ""min"": 768, ""max"": 991}, {""key"": ""small"", ""min"": 480, ""max"": 767}, {""key"": ""tiny"", ""min"": 0, ""max"": 479}]","[""raw/published/resources/03c1fa8b77cf-dentvitalis33.schunk.6ecbf8a934abc739.js""]",,,
derived,e-741,e-741,SCROLL_INTO_VIEW,[],e-741-derived-step-1,1,False,0,200,0,1000,STYLE_OPACITY,True,"{""id"": ""N/A"", ""appliesTo"": ""TRIGGER_ELEMENT"", ""useEventTarget"": true}",outQuart,"{""delay"": 0, ""easing"": ""outQuart"", ""duration"": 1000, ""target"": {""id"": ""N/A"", ""appliesTo"": ""TRIGGER_ELEMENT"", ""useEventTarget"": true}, ""value"": 1}","[{""key"": ""main"", ""min"": 992, ""max"": 10000}, {""key"": ""medium"", ""min"": 768, ""max"": 991}, {""key"": ""small"", ""min"": 480, ""max"": 767}, {""key"": ""tiny"", ""min"": 0, ""max"": 479}]","[""raw/published/resources/03c1fa8b77cf-dentvitalis33.schunk.6ecbf8a934abc739.js""]",,,
derived,e-749,e-749,SCROLL_INTO_VIEW,"[""/informazioni/alloggio"", ""/informazioni/garanzie"", ""/informazioni/listino-prezzi"", ""/informazioni/pagamento-flessibile"", ""/informazioni/prima-visita-gratuita"", ""/informazioni/tempi-del-trattamento"", ""/informazioni/trasporto""]",e-749-derived-step-0,0,True,,1000,0,0,STYLE_OPACITY,True,"{""id"": ""N/A"", ""appliesTo"": ""TRIGGER_ELEMENT"", ""useEventTarget"": true}",,"{""delay"": 0, ""duration"": 0, ""target"": {""id"": ""N/A"", ""appliesTo"": ""TRIGGER_ELEMENT"", ""useEventTarget"": true}, ""value"": 0}","[{""key"": ""main"", ""min"": 992, ""max"": 10000}]","[""raw/published/resources/03c1fa8b77cf-dentvitalis33.schunk.6ecbf8a934abc739.js""]",,,
derived,e-749,e-749,SCROLL_INTO_VIEW,"[""/informazioni/alloggio"", ""/informazioni/garanzie"", ""/informazioni/listino-prezzi"", ""/informazioni/pagamento-flessibile"", ""/informazioni/prima-visita-gratuita"", ""/informazioni/tempi-del-trattamento"", ""/informazioni/trasporto""]",e-749-derived-step-1,1,False,0,1000,0,0,TRANSFORM_MOVE,True,"{""id"": ""N/A"", ""appliesTo"": ""TRIGGER_ELEMENT"", ""useEventTarget"": true}",,"{""delay"": 0, ""duration"": 0, ""target"": {""id"": ""N/A"", ""appliesTo"": ""TRIGGER_ELEMENT"", ""useEventTarget"": true}, ""xValue"": 0, ""yValue"": 100, ""xUnit"": ""PX"", ""yUnit"": ""PX"", ""zUnit"": ""PX""}","[{""key"": ""main"", ""min"": 992, ""max"": 10000}]","[""raw/published/resources/03c1fa8b77cf-dentvitalis33.schunk.6ecbf8a934abc739.js""]",,,
derived,e-749,e-749,SCROLL_INTO_VIEW,"[""/informazioni/alloggio"", ""/informazioni/garanzie"", ""/informazioni/listino-prezzi"", ""/informazioni/pagamento-flessibile"", ""/informazioni/prima-visita-gratuita"", ""/informazioni/tempi-del-trattamento"", ""/informazioni/trasporto""]",e-749-derived-step-2,2,False,0,1000,0,1000,TRANSFORM_MOVE,True,"{""id"": ""N/A"", ""appliesTo"": ""TRIGGER_ELEMENT"", ""useEventTarget"": true}",outQuart,"{""delay"": 0, ""easing"": ""outQuart"", ""duration"": 1000, ""target"": {""id"": ""N/A"", ""appliesTo"": ""TRIGGER_ELEMENT"", ""useEventTarget"": true}, ""xValue"": 0, ""yValue"": 0, ""xUnit"": ""PX"", ""yUnit"": ""PX"", ""zUnit"": ""PX""}","[{""key"": ""main"", ""min"": 992, ""max"": 10000}]","[""raw/published/resources/03c1fa8b77cf-dentvitalis33.schunk.6ecbf8a934abc739.js""]",,,
derived,e-749,e-749,SCROLL_INTO_VIEW,"[""/informazioni/alloggio"", ""/informazioni/garanzie"", ""/informazioni/listino-prezzi"", ""/informazioni/pagamento-flessibile"", ""/informazioni/prima-visita-gratuita"", ""/informazioni/tempi-del-trattamento"", ""/informazioni/trasporto""]",e-749-derived-step-3,2,False,0,1000,0,1000,STYLE_OPACITY,True,"{""id"": ""N/A"", ""appliesTo"": ""TRIGGER_ELEMENT"", ""useEventTarget"": true}",outQuart,"{""delay"": 0, ""easing"": ""outQuart"", ""duration"": 1000, ""target"": {""id"": ""N/A"", ""appliesTo"": ""TRIGGER_ELEMENT"", ""useEventTarget"": true}, ""value"": 1}","[{""key"": ""main"", ""min"": 992, ""max"": 10000}]","[""raw/published/resources/03c1fa8b77cf-dentvitalis33.schunk.6ecbf8a934abc739.js""]",,,
derived,e-751,e-751,SCROLL_INTO_VIEW,[],e-751-derived-step-0,0,True,,400,0,0,STYLE_OPACITY,True,"{""id"": ""N/A"", ""appliesTo"": ""TRIGGER_ELEMENT"", ""useEventTarget"": true}",,"{""delay"": 0, ""duration"": 0, ""target"": {""id"": ""N/A"", ""appliesTo"": ""TRIGGER_ELEMENT"", ""useEventTarget"": true}, ""value"": 0}","[{""key"": ""main"", ""min"": 992, ""max"": 10000}, {""key"": ""medium"", ""min"": 768, ""max"": 991}, {""key"": ""small"", ""min"": 480, ""max"": 767}, {""key"": ""tiny"", ""min"": 0, ""max"": 479}]","[""raw/published/resources/03c1fa8b77cf-dentvitalis33.schunk.6ecbf8a934abc739.js""]",,,
derived,e-751,e-751,SCROLL_INTO_VIEW,[],e-751-derived-step-1,1,False,0,400,0,0,TRANSFORM_SCALE,True,"{""id"": ""N/A"", ""appliesTo"": ""TRIGGER_ELEMENT"", ""useEventTarget"": true}",,"{""delay"": 0, ""duration"": 0, ""target"": {""id"": ""N/A"", ""appliesTo"": ""TRIGGER_ELEMENT"", ""useEventTarget"": true}, ""xValue"": 0.7500000000000001, ""yValue"": 0.7500000000000001}","[{""key"": ""main"", ""min"": 992, ""max"": 10000}, {""key"": ""medium"", ""min"": 768, ""max"": 991}, {""key"": ""small"", ""min"": 480, ""max"": 767}, {""key"": ""tiny"", ""min"": 0, ""max"": 479}]","[""raw/published/resources/03c1fa8b77cf-dentvitalis33.schunk.6ecbf8a934abc739.js""]",,,
derived,e-751,e-751,SCROLL_INTO_VIEW,[],e-751-derived-step-2,2,False,0,400,0,1000,TRANSFORM_SCALE,True,"{""id"": ""N/A"", ""appliesTo"": ""TRIGGER_ELEMENT"", ""useEventTarget"": true}",outQuart,"{""delay"": 0, ""easing"": ""outQuart"", ""duration"": 1000, ""target"": {""id"": ""N/A"", ""appliesTo"": ""TRIGGER_ELEMENT"", ""useEventTarget"": true}, ""xValue"": 1, ""yValue"": 1}","[{""key"": ""main"", ""min"": 992, ""max"": 10000}, {""key"": ""medium"", ""min"": 768, ""max"": 991}, {""key"": ""small"", ""min"": 480, ""max"": 767}, {""key"": ""tiny"", ""min"": 0, ""max"": 479}]","[""raw/published/resources/03c1fa8b77cf-dentvitalis33.schunk.6ecbf8a934abc739.js""]",,,
derived,e-751,e-751,SCROLL_INTO_VIEW,[],e-751-derived-step-3,2,False,0,400,0,1000,STYLE_OPACITY,True,"{""id"": ""N/A"", ""appliesTo"": ""TRIGGER_ELEMENT"", ""useEventTarget"": true}",outQuart,"{""delay"": 0, ""easing"": ""outQuart"", ""duration"": 1000, ""target"": {""id"": ""N/A"", ""appliesTo"": ""TRIGGER_ELEMENT"", ""useEventTarget"": true}, ""value"": 1}","[{""key"": ""main"", ""min"": 992, ""max"": 10000}, {""key"": ""medium"", ""min"": 768, ""max"": 991}, {""key"": ""small"", ""min"": 480, ""max"": 767}, {""key"": ""tiny"", ""min"": 0, ""max"": 479}]","[""raw/published/resources/03c1fa8b77cf-dentvitalis33.schunk.6ecbf8a934abc739.js""]",,,
derived,e-753,e-753,SCROLL_INTO_VIEW,[],e-753-derived-step-0,0,True,,600,0,0,STYLE_OPACITY,True,"{""id"": ""N/A"", ""appliesTo"": ""TRIGGER_ELEMENT"", ""useEventTarget"": true}",,"{""delay"": 0, ""duration"": 0, ""target"": {""id"": ""N/A"", ""appliesTo"": ""TRIGGER_ELEMENT"", ""useEventTarget"": true}, ""value"": 0}","[{""key"": ""main"", ""min"": 992, ""max"": 10000}, {""key"": ""medium"", ""min"": 768, ""max"": 991}, {""key"": ""small"", ""min"": 480, ""max"": 767}, {""key"": ""tiny"", ""min"": 0, ""max"": 479}]","[""raw/published/resources/03c1fa8b77cf-dentvitalis33.schunk.6ecbf8a934abc739.js""]",,,
derived,e-753,e-753,SCROLL_INTO_VIEW,[],e-753-derived-step-1,1,False,0,600,0,0,TRANSFORM_SCALE,True,"{""id"": ""N/A"", ""appliesTo"": ""TRIGGER_ELEMENT"", ""useEventTarget"": true}",,"{""delay"": 0, ""duration"": 0, ""target"": {""id"": ""N/A"", ""appliesTo"": ""TRIGGER_ELEMENT"", ""useEventTarget"": true}, ""xValue"": 0.7500000000000001, ""yValue"": 0.7500000000000001}","[{""key"": ""main"", ""min"": 992, ""max"": 10000}, {""key"": ""medium"", ""min"": 768, ""max"": 991}, {""key"": ""small"", ""min"": 480, ""max"": 767}, {""key"": ""tiny"", ""min"": 0, ""max"": 479}]","[""raw/published/resources/03c1fa8b77cf-dentvitalis33.schunk.6ecbf8a934abc739.js""]",,,
derived,e-753,e-753,SCROLL_INTO_VIEW,[],e-753-derived-step-2,2,False,0,600,0,1000,TRANSFORM_SCALE,True,"{""id"": ""N/A"", ""appliesTo"": ""TRIGGER_ELEMENT"", ""useEventTarget"": true}",outQuart,"{""delay"": 0, ""easing"": ""outQuart"", ""duration"": 1000, ""target"": {""id"": ""N/A"", ""appliesTo"": ""TRIGGER_ELEMENT"", ""useEventTarget"": true}, ""xValue"": 1, ""yValue"": 1}","[{""key"": ""main"", ""min"": 992, ""max"": 10000}, {""key"": ""medium"", ""min"": 768, ""max"": 991}, {""key"": ""small"", ""min"": 480, ""max"": 767}, {""key"": ""tiny"", ""min"": 0, ""max"": 479}]","[""raw/published/resources/03c1fa8b77cf-dentvitalis33.schunk.6ecbf8a934abc739.js""]",,,
derived,e-753,e-753,SCROLL_INTO_VIEW,[],e-753-derived-step-3,2,False,0,600,0,1000,STYLE_OPACITY,True,"{""id"": ""N/A"", ""appliesTo"": ""TRIGGER_ELEMENT"", ""useEventTarget"": true}",outQuart,"{""delay"": 0, ""easing"": ""outQuart"", ""duration"": 1000, ""target"": {""id"": ""N/A"", ""appliesTo"": ""TRIGGER_ELEMENT"", ""useEventTarget"": true}, ""value"": 1}","[{""key"": ""main"", ""min"": 992, ""max"": 10000}, {""key"": ""medium"", ""min"": 768, ""max"": 991}, {""key"": ""small"", ""min"": 480, ""max"": 767}, {""key"": ""tiny"", ""min"": 0, ""max"": 479}]","[""raw/published/resources/03c1fa8b77cf-dentvitalis33.schunk.6ecbf8a934abc739.js""]",,,
derived,e-755,e-755,SCROLL_INTO_VIEW,[],e-755-derived-step-0,0,True,,200,0,0,STYLE_OPACITY,True,"{""id"": ""N/A"", ""appliesTo"": ""TRIGGER_ELEMENT"", ""useEventTarget"": true}",,"{""delay"": 0, ""duration"": 0, ""target"": {""id"": ""N/A"", ""appliesTo"": ""TRIGGER_ELEMENT"", ""useEventTarget"": true}, ""value"": 0}","[{""key"": ""main"", ""min"": 992, ""max"": 10000}, {""key"": ""medium"", ""min"": 768, ""max"": 991}, {""key"": ""small"", ""min"": 480, ""max"": 767}, {""key"": ""tiny"", ""min"": 0, ""max"": 479}]","[""raw/published/resources/03c1fa8b77cf-dentvitalis33.schunk.6ecbf8a934abc739.js""]",,,
derived,e-755,e-755,SCROLL_INTO_VIEW,[],e-755-derived-step-1,1,False,0,200,0,1000,STYLE_OPACITY,True,"{""id"": ""N/A"", ""appliesTo"": ""TRIGGER_ELEMENT"", ""useEventTarget"": true}",outQuart,"{""delay"": 0, ""easing"": ""outQuart"", ""duration"": 1000, ""target"": {""id"": ""N/A"", ""appliesTo"": ""TRIGGER_ELEMENT"", ""useEventTarget"": true}, ""value"": 1}","[{""key"": ""main"", ""min"": 992, ""max"": 10000}, {""key"": ""medium"", ""min"": 768, ""max"": 991}, {""key"": ""small"", ""min"": 480, ""max"": 767}, {""key"": ""tiny"", ""min"": 0, ""max"": 479}]","[""raw/published/resources/03c1fa8b77cf-dentvitalis33.schunk.6ecbf8a934abc739.js""]",,,
derived,e-763,e-763,SCROLL_INTO_VIEW,[],e-763-derived-step-0,0,True,,400,0,0,STYLE_OPACITY,True,"{""id"": ""N/A"", ""appliesTo"": ""TRIGGER_ELEMENT"", ""useEventTarget"": true}",,"{""delay"": 0, ""duration"": 0, ""target"": {""id"": ""N/A"", ""appliesTo"": ""TRIGGER_ELEMENT"", ""useEventTarget"": true}, ""value"": 0}","[{""key"": ""main"", ""min"": 992, ""max"": 10000}, {""key"": ""medium"", ""min"": 768, ""max"": 991}, {""key"": ""small"", ""min"": 480, ""max"": 767}, {""key"": ""tiny"", ""min"": 0, ""max"": 479}]","[""raw/published/resources/03c1fa8b77cf-dentvitalis33.schunk.6ecbf8a934abc739.js""]",,,
derived,e-763,e-763,SCROLL_INTO_VIEW,[],e-763-derived-step-1,1,False,0,400,0,0,TRANSFORM_SCALE,True,"{""id"": ""N/A"", ""appliesTo"": ""TRIGGER_ELEMENT"", ""useEventTarget"": true}",,"{""delay"": 0, ""duration"": 0, ""target"": {""id"": ""N/A"", ""appliesTo"": ""TRIGGER_ELEMENT"", ""useEventTarget"": true}, ""xValue"": 0.7500000000000001, ""yValue"": 0.7500000000000001}","[{""key"": ""main"", ""min"": 992, ""max"": 10000}, {""key"": ""medium"", ""min"": 768, ""max"": 991}, {""key"": ""small"", ""min"": 480, ""max"": 767}, {""key"": ""tiny"", ""min"": 0, ""max"": 479}]","[""raw/published/resources/03c1fa8b77cf-dentvitalis33.schunk.6ecbf8a934abc739.js""]",,,
derived,e-763,e-763,SCROLL_INTO_VIEW,[],e-763-derived-step-2,2,False,0,400,0,1000,TRANSFORM_SCALE,True,"{""id"": ""N/A"", ""appliesTo"": ""TRIGGER_ELEMENT"", ""useEventTarget"": true}",outQuart,"{""delay"": 0, ""easing"": ""outQuart"", ""duration"": 1000, ""target"": {""id"": ""N/A"", ""appliesTo"": ""TRIGGER_ELEMENT"", ""useEventTarget"": true}, ""xValue"": 1, ""yValue"": 1}","[{""key"": ""main"", ""min"": 992, ""max"": 10000}, {""key"": ""medium"", ""min"": 768, ""max"": 991}, {""key"": ""small"", ""min"": 480, ""max"": 767}, {""key"": ""tiny"", ""min"": 0, ""max"": 479}]","[""raw/published/resources/03c1fa8b77cf-dentvitalis33.schunk.6ecbf8a934abc739.js""]",,,
derived,e-763,e-763,SCROLL_INTO_VIEW,[],e-763-derived-step-3,2,False,0,400,0,1000,STYLE_OPACITY,True,"{""id"": ""N/A"", ""appliesTo"": ""TRIGGER_ELEMENT"", ""useEventTarget"": true}",outQuart,"{""delay"": 0, ""easing"": ""outQuart"", ""duration"": 1000, ""target"": {""id"": ""N/A"", ""appliesTo"": ""TRIGGER_ELEMENT"", ""useEventTarget"": true}, ""value"": 1}","[{""key"": ""main"", ""min"": 992, ""max"": 10000}, {""key"": ""medium"", ""min"": 768, ""max"": 991}, {""key"": ""small"", ""min"": 480, ""max"": 767}, {""key"": ""tiny"", ""min"": 0, ""max"": 479}]","[""raw/published/resources/03c1fa8b77cf-dentvitalis33.schunk.6ecbf8a934abc739.js""]",,,
derived,e-765,e-765,SCROLL_INTO_VIEW,[],e-765-derived-step-0,0,True,,600,0,0,STYLE_OPACITY,True,"{""id"": ""N/A"", ""appliesTo"": ""TRIGGER_ELEMENT"", ""useEventTarget"": true}",,"{""delay"": 0, ""duration"": 0, ""target"": {""id"": ""N/A"", ""appliesTo"": ""TRIGGER_ELEMENT"", ""useEventTarget"": true}, ""value"": 0}","[{""key"": ""main"", ""min"": 992, ""max"": 10000}, {""key"": ""medium"", ""min"": 768, ""max"": 991}, {""key"": ""small"", ""min"": 480, ""max"": 767}, {""key"": ""tiny"", ""min"": 0, ""max"": 479}]","[""raw/published/resources/03c1fa8b77cf-dentvitalis33.schunk.6ecbf8a934abc739.js""]",,,
derived,e-765,e-765,SCROLL_INTO_VIEW,[],e-765-derived-step-1,1,False,0,600,0,0,TRANSFORM_SCALE,True,"{""id"": ""N/A"", ""appliesTo"": ""TRIGGER_ELEMENT"", ""useEventTarget"": true}",,"{""delay"": 0, ""duration"": 0, ""target"": {""id"": ""N/A"", ""appliesTo"": ""TRIGGER_ELEMENT"", ""useEventTarget"": true}, ""xValue"": 0.7500000000000001, ""yValue"": 0.7500000000000001}","[{""key"": ""main"", ""min"": 992, ""max"": 10000}, {""key"": ""medium"", ""min"": 768, ""max"": 991}, {""key"": ""small"", ""min"": 480, ""max"": 767}, {""key"": ""tiny"", ""min"": 0, ""max"": 479}]","[""raw/published/resources/03c1fa8b77cf-dentvitalis33.schunk.6ecbf8a934abc739.js""]",,,
derived,e-765,e-765,SCROLL_INTO_VIEW,[],e-765-derived-step-2,2,False,0,600,0,1000,TRANSFORM_SCALE,True,"{""id"": ""N/A"", ""appliesTo"": ""TRIGGER_ELEMENT"", ""useEventTarget"": true}",outQuart,"{""delay"": 0, ""easing"": ""outQuart"", ""duration"": 1000, ""target"": {""id"": ""N/A"", ""appliesTo"": ""TRIGGER_ELEMENT"", ""useEventTarget"": true}, ""xValue"": 1, ""yValue"": 1}","[{""key"": ""main"", ""min"": 992, ""max"": 10000}, {""key"": ""medium"", ""min"": 768, ""max"": 991}, {""key"": ""small"", ""min"": 480, ""max"": 767}, {""key"": ""tiny"", ""min"": 0, ""max"": 479}]","[""raw/published/resources/03c1fa8b77cf-dentvitalis33.schunk.6ecbf8a934abc739.js""]",,,
derived,e-765,e-765,SCROLL_INTO_VIEW,[],e-765-derived-step-3,2,False,0,600,0,1000,STYLE_OPACITY,True,"{""id"": ""N/A"", ""appliesTo"": ""TRIGGER_ELEMENT"", ""useEventTarget"": true}",outQuart,"{""delay"": 0, ""easing"": ""outQuart"", ""duration"": 1000, ""target"": {""id"": ""N/A"", ""appliesTo"": ""TRIGGER_ELEMENT"", ""useEventTarget"": true}, ""value"": 1}","[{""key"": ""main"", ""min"": 992, ""max"": 10000}, {""key"": ""medium"", ""min"": 768, ""max"": 991}, {""key"": ""small"", ""min"": 480, ""max"": 767}, {""key"": ""tiny"", ""min"": 0, ""max"": 479}]","[""raw/published/resources/03c1fa8b77cf-dentvitalis33.schunk.6ecbf8a934abc739.js""]",,,
derived,e-767,e-767,SCROLL_INTO_VIEW,[],e-767-derived-step-0,0,True,,200,0,0,STYLE_OPACITY,True,"{""id"": ""N/A"", ""appliesTo"": ""TRIGGER_ELEMENT"", ""useEventTarget"": true}",,"{""delay"": 0, ""duration"": 0, ""target"": {""id"": ""N/A"", ""appliesTo"": ""TRIGGER_ELEMENT"", ""useEventTarget"": true}, ""value"": 0}","[{""key"": ""main"", ""min"": 992, ""max"": 10000}, {""key"": ""medium"", ""min"": 768, ""max"": 991}, {""key"": ""small"", ""min"": 480, ""max"": 767}, {""key"": ""tiny"", ""min"": 0, ""max"": 479}]","[""raw/published/resources/03c1fa8b77cf-dentvitalis33.schunk.6ecbf8a934abc739.js""]",,,
derived,e-767,e-767,SCROLL_INTO_VIEW,[],e-767-derived-step-1,1,False,0,200,0,1000,STYLE_OPACITY,True,"{""id"": ""N/A"", ""appliesTo"": ""TRIGGER_ELEMENT"", ""useEventTarget"": true}",outQuart,"{""delay"": 0, ""easing"": ""outQuart"", ""duration"": 1000, ""target"": {""id"": ""N/A"", ""appliesTo"": ""TRIGGER_ELEMENT"", ""useEventTarget"": true}, ""value"": 1}","[{""key"": ""main"", ""min"": 992, ""max"": 10000}, {""key"": ""medium"", ""min"": 768, ""max"": 991}, {""key"": ""small"", ""min"": 480, ""max"": 767}, {""key"": ""tiny"", ""min"": 0, ""max"": 479}]","[""raw/published/resources/03c1fa8b77cf-dentvitalis33.schunk.6ecbf8a934abc739.js""]",,,
derived,e-775,e-775,SCROLL_INTO_VIEW,[],e-775-derived-step-0,0,True,,400,0,0,STYLE_OPACITY,True,"{""id"": ""N/A"", ""appliesTo"": ""TRIGGER_ELEMENT"", ""useEventTarget"": true}",,"{""delay"": 0, ""duration"": 0, ""target"": {""id"": ""N/A"", ""appliesTo"": ""TRIGGER_ELEMENT"", ""useEventTarget"": true}, ""value"": 0}","[{""key"": ""main"", ""min"": 992, ""max"": 10000}, {""key"": ""medium"", ""min"": 768, ""max"": 991}, {""key"": ""small"", ""min"": 480, ""max"": 767}, {""key"": ""tiny"", ""min"": 0, ""max"": 479}]","[""raw/published/resources/03c1fa8b77cf-dentvitalis33.schunk.6ecbf8a934abc739.js""]",,,
derived,e-775,e-775,SCROLL_INTO_VIEW,[],e-775-derived-step-1,1,False,0,400,0,0,TRANSFORM_SCALE,True,"{""id"": ""N/A"", ""appliesTo"": ""TRIGGER_ELEMENT"", ""useEventTarget"": true}",,"{""delay"": 0, ""duration"": 0, ""target"": {""id"": ""N/A"", ""appliesTo"": ""TRIGGER_ELEMENT"", ""useEventTarget"": true}, ""xValue"": 0.7500000000000001, ""yValue"": 0.7500000000000001}","[{""key"": ""main"", ""min"": 992, ""max"": 10000}, {""key"": ""medium"", ""min"": 768, ""max"": 991}, {""key"": ""small"", ""min"": 480, ""max"": 767}, {""key"": ""tiny"", ""min"": 0, ""max"": 479}]","[""raw/published/resources/03c1fa8b77cf-dentvitalis33.schunk.6ecbf8a934abc739.js""]",,,
derived,e-775,e-775,SCROLL_INTO_VIEW,[],e-775-derived-step-2,2,False,0,400,0,1000,TRANSFORM_SCALE,True,"{""id"": ""N/A"", ""appliesTo"": ""TRIGGER_ELEMENT"", ""useEventTarget"": true}",outQuart,"{""delay"": 0, ""easing"": ""outQuart"", ""duration"": 1000, ""target"": {""id"": ""N/A"", ""appliesTo"": ""TRIGGER_ELEMENT"", ""useEventTarget"": true}, ""xValue"": 1, ""yValue"": 1}","[{""key"": ""main"", ""min"": 992, ""max"": 10000}, {""key"": ""medium"", ""min"": 768, ""max"": 991}, {""key"": ""small"", ""min"": 480, ""max"": 767}, {""key"": ""tiny"", ""min"": 0, ""max"": 479}]","[""raw/published/resources/03c1fa8b77cf-dentvitalis33.schunk.6ecbf8a934abc739.js""]",,,
derived,e-775,e-775,SCROLL_INTO_VIEW,[],e-775-derived-step-3,2,False,0,400,0,1000,STYLE_OPACITY,True,"{""id"": ""N/A"", ""appliesTo"": ""TRIGGER_ELEMENT"", ""useEventTarget"": true}",outQuart,"{""delay"": 0, ""easing"": ""outQuart"", ""duration"": 1000, ""target"": {""id"": ""N/A"", ""appliesTo"": ""TRIGGER_ELEMENT"", ""useEventTarget"": true}, ""value"": 1}","[{""key"": ""main"", ""min"": 992, ""max"": 10000}, {""key"": ""medium"", ""min"": 768, ""max"": 991}, {""key"": ""small"", ""min"": 480, ""max"": 767}, {""key"": ""tiny"", ""min"": 0, ""max"": 479}]","[""raw/published/resources/03c1fa8b77cf-dentvitalis33.schunk.6ecbf8a934abc739.js""]",,,
derived,e-777,e-777,SCROLL_INTO_VIEW,[],e-777-derived-step-0,0,True,,600,0,0,STYLE_OPACITY,True,"{""id"": ""N/A"", ""appliesTo"": ""TRIGGER_ELEMENT"", ""useEventTarget"": true}",,"{""delay"": 0, ""duration"": 0, ""target"": {""id"": ""N/A"", ""appliesTo"": ""TRIGGER_ELEMENT"", ""useEventTarget"": true}, ""value"": 0}","[{""key"": ""main"", ""min"": 992, ""max"": 10000}, {""key"": ""medium"", ""min"": 768, ""max"": 991}, {""key"": ""small"", ""min"": 480, ""max"": 767}, {""key"": ""tiny"", ""min"": 0, ""max"": 479}]","[""raw/published/resources/03c1fa8b77cf-dentvitalis33.schunk.6ecbf8a934abc739.js""]",,,
derived,e-777,e-777,SCROLL_INTO_VIEW,[],e-777-derived-step-1,1,False,0,600,0,0,TRANSFORM_SCALE,True,"{""id"": ""N/A"", ""appliesTo"": ""TRIGGER_ELEMENT"", ""useEventTarget"": true}",,"{""delay"": 0, ""duration"": 0, ""target"": {""id"": ""N/A"", ""appliesTo"": ""TRIGGER_ELEMENT"", ""useEventTarget"": true}, ""xValue"": 0.7500000000000001, ""yValue"": 0.7500000000000001}","[{""key"": ""main"", ""min"": 992, ""max"": 10000}, {""key"": ""medium"", ""min"": 768, ""max"": 991}, {""key"": ""small"", ""min"": 480, ""max"": 767}, {""key"": ""tiny"", ""min"": 0, ""max"": 479}]","[""raw/published/resources/03c1fa8b77cf-dentvitalis33.schunk.6ecbf8a934abc739.js""]",,,
derived,e-777,e-777,SCROLL_INTO_VIEW,[],e-777-derived-step-2,2,False,0,600,0,1000,TRANSFORM_SCALE,True,"{""id"": ""N/A"", ""appliesTo"": ""TRIGGER_ELEMENT"", ""useEventTarget"": true}",outQuart,"{""delay"": 0, ""easing"": ""outQuart"", ""duration"": 1000, ""target"": {""id"": ""N/A"", ""appliesTo"": ""TRIGGER_ELEMENT"", ""useEventTarget"": true}, ""xValue"": 1, ""yValue"": 1}","[{""key"": ""main"", ""min"": 992, ""max"": 10000}, {""key"": ""medium"", ""min"": 768, ""max"": 991}, {""key"": ""small"", ""min"": 480, ""max"": 767}, {""key"": ""tiny"", ""min"": 0, ""max"": 479}]","[""raw/published/resources/03c1fa8b77cf-dentvitalis33.schunk.6ecbf8a934abc739.js""]",,,
derived,e-777,e-777,SCROLL_INTO_VIEW,[],e-777-derived-step-3,2,False,0,600,0,1000,STYLE_OPACITY,True,"{""id"": ""N/A"", ""appliesTo"": ""TRIGGER_ELEMENT"", ""useEventTarget"": true}",outQuart,"{""delay"": 0, ""easing"": ""outQuart"", ""duration"": 1000, ""target"": {""id"": ""N/A"", ""appliesTo"": ""TRIGGER_ELEMENT"", ""useEventTarget"": true}, ""value"": 1}","[{""key"": ""main"", ""min"": 992, ""max"": 10000}, {""key"": ""medium"", ""min"": 768, ""max"": 991}, {""key"": ""small"", ""min"": 480, ""max"": 767}, {""key"": ""tiny"", ""min"": 0, ""max"": 479}]","[""raw/published/resources/03c1fa8b77cf-dentvitalis33.schunk.6ecbf8a934abc739.js""]",,,
derived,e-779,e-779,SCROLL_INTO_VIEW,[],e-779-derived-step-0,0,True,,200,0,0,STYLE_OPACITY,True,"{""id"": ""N/A"", ""appliesTo"": ""TRIGGER_ELEMENT"", ""useEventTarget"": true}",,"{""delay"": 0, ""duration"": 0, ""target"": {""id"": ""N/A"", ""appliesTo"": ""TRIGGER_ELEMENT"", ""useEventTarget"": true}, ""value"": 0}","[{""key"": ""main"", ""min"": 992, ""max"": 10000}, {""key"": ""medium"", ""min"": 768, ""max"": 991}, {""key"": ""small"", ""min"": 480, ""max"": 767}, {""key"": ""tiny"", ""min"": 0, ""max"": 479}]","[""raw/published/resources/03c1fa8b77cf-dentvitalis33.schunk.6ecbf8a934abc739.js""]",,,
derived,e-779,e-779,SCROLL_INTO_VIEW,[],e-779-derived-step-1,1,False,0,200,0,1000,STYLE_OPACITY,True,"{""id"": ""N/A"", ""appliesTo"": ""TRIGGER_ELEMENT"", ""useEventTarget"": true}",outQuart,"{""delay"": 0, ""easing"": ""outQuart"", ""duration"": 1000, ""target"": {""id"": ""N/A"", ""appliesTo"": ""TRIGGER_ELEMENT"", ""useEventTarget"": true}, ""value"": 1}","[{""key"": ""main"", ""min"": 992, ""max"": 10000}, {""key"": ""medium"", ""min"": 768, ""max"": 991}, {""key"": ""small"", ""min"": 480, ""max"": 767}, {""key"": ""tiny"", ""min"": 0, ""max"": 479}]","[""raw/published/resources/03c1fa8b77cf-dentvitalis33.schunk.6ecbf8a934abc739.js""]",,,
derived,e-787,e-787,SCROLL_INTO_VIEW,[],e-787-derived-step-0,0,True,,400,0,0,STYLE_OPACITY,True,"{""id"": ""N/A"", ""appliesTo"": ""TRIGGER_ELEMENT"", ""useEventTarget"": true}",,"{""delay"": 0, ""duration"": 0, ""target"": {""id"": ""N/A"", ""appliesTo"": ""TRIGGER_ELEMENT"", ""useEventTarget"": true}, ""value"": 0}","[{""key"": ""main"", ""min"": 992, ""max"": 10000}, {""key"": ""medium"", ""min"": 768, ""max"": 991}, {""key"": ""small"", ""min"": 480, ""max"": 767}, {""key"": ""tiny"", ""min"": 0, ""max"": 479}]","[""raw/published/resources/03c1fa8b77cf-dentvitalis33.schunk.6ecbf8a934abc739.js""]",,,
derived,e-787,e-787,SCROLL_INTO_VIEW,[],e-787-derived-step-1,1,False,0,400,0,0,TRANSFORM_SCALE,True,"{""id"": ""N/A"", ""appliesTo"": ""TRIGGER_ELEMENT"", ""useEventTarget"": true}",,"{""delay"": 0, ""duration"": 0, ""target"": {""id"": ""N/A"", ""appliesTo"": ""TRIGGER_ELEMENT"", ""useEventTarget"": true}, ""xValue"": 0.7500000000000001, ""yValue"": 0.7500000000000001}","[{""key"": ""main"", ""min"": 992, ""max"": 10000}, {""key"": ""medium"", ""min"": 768, ""max"": 991}, {""key"": ""small"", ""min"": 480, ""max"": 767}, {""key"": ""tiny"", ""min"": 0, ""max"": 479}]","[""raw/published/resources/03c1fa8b77cf-dentvitalis33.schunk.6ecbf8a934abc739.js""]",,,
derived,e-787,e-787,SCROLL_INTO_VIEW,[],e-787-derived-step-2,2,False,0,400,0,1000,TRANSFORM_SCALE,True,"{""id"": ""N/A"", ""appliesTo"": ""TRIGGER_ELEMENT"", ""useEventTarget"": true}",outQuart,"{""delay"": 0, ""easing"": ""outQuart"", ""duration"": 1000, ""target"": {""id"": ""N/A"", ""appliesTo"": ""TRIGGER_ELEMENT"", ""useEventTarget"": true}, ""xValue"": 1, ""yValue"": 1}","[{""key"": ""main"", ""min"": 992, ""max"": 10000}, {""key"": ""medium"", ""min"": 768, ""max"": 991}, {""key"": ""small"", ""min"": 480, ""max"": 767}, {""key"": ""tiny"", ""min"": 0, ""max"": 479}]","[""raw/published/resources/03c1fa8b77cf-dentvitalis33.schunk.6ecbf8a934abc739.js""]",,,
derived,e-787,e-787,SCROLL_INTO_VIEW,[],e-787-derived-step-3,2,False,0,400,0,1000,STYLE_OPACITY,True,"{""id"": ""N/A"", ""appliesTo"": ""TRIGGER_ELEMENT"", ""useEventTarget"": true}",outQuart,"{""delay"": 0, ""easing"": ""outQuart"", ""duration"": 1000, ""target"": {""id"": ""N/A"", ""appliesTo"": ""TRIGGER_ELEMENT"", ""useEventTarget"": true}, ""value"": 1}","[{""key"": ""main"", ""min"": 992, ""max"": 10000}, {""key"": ""medium"", ""min"": 768, ""max"": 991}, {""key"": ""small"", ""min"": 480, ""max"": 767}, {""key"": ""tiny"", ""min"": 0, ""max"": 479}]","[""raw/published/resources/03c1fa8b77cf-dentvitalis33.schunk.6ecbf8a934abc739.js""]",,,
derived,e-789,e-789,SCROLL_INTO_VIEW,[],e-789-derived-step-0,0,True,,600,0,0,STYLE_OPACITY,True,"{""id"": ""N/A"", ""appliesTo"": ""TRIGGER_ELEMENT"", ""useEventTarget"": true}",,"{""delay"": 0, ""duration"": 0, ""target"": {""id"": ""N/A"", ""appliesTo"": ""TRIGGER_ELEMENT"", ""useEventTarget"": true}, ""value"": 0}","[{""key"": ""main"", ""min"": 992, ""max"": 10000}, {""key"": ""medium"", ""min"": 768, ""max"": 991}, {""key"": ""small"", ""min"": 480, ""max"": 767}, {""key"": ""tiny"", ""min"": 0, ""max"": 479}]","[""raw/published/resources/03c1fa8b77cf-dentvitalis33.schunk.6ecbf8a934abc739.js""]",,,
derived,e-789,e-789,SCROLL_INTO_VIEW,[],e-789-derived-step-1,1,False,0,600,0,0,TRANSFORM_SCALE,True,"{""id"": ""N/A"", ""appliesTo"": ""TRIGGER_ELEMENT"", ""useEventTarget"": true}",,"{""delay"": 0, ""duration"": 0, ""target"": {""id"": ""N/A"", ""appliesTo"": ""TRIGGER_ELEMENT"", ""useEventTarget"": true}, ""xValue"": 0.7500000000000001, ""yValue"": 0.7500000000000001}","[{""key"": ""main"", ""min"": 992, ""max"": 10000}, {""key"": ""medium"", ""min"": 768, ""max"": 991}, {""key"": ""small"", ""min"": 480, ""max"": 767}, {""key"": ""tiny"", ""min"": 0, ""max"": 479}]","[""raw/published/resources/03c1fa8b77cf-dentvitalis33.schunk.6ecbf8a934abc739.js""]",,,
derived,e-789,e-789,SCROLL_INTO_VIEW,[],e-789-derived-step-2,2,False,0,600,0,1000,TRANSFORM_SCALE,True,"{""id"": ""N/A"", ""appliesTo"": ""TRIGGER_ELEMENT"", ""useEventTarget"": true}",outQuart,"{""delay"": 0, ""easing"": ""outQuart"", ""duration"": 1000, ""target"": {""id"": ""N/A"", ""appliesTo"": ""TRIGGER_ELEMENT"", ""useEventTarget"": true}, ""xValue"": 1, ""yValue"": 1}","[{""key"": ""main"", ""min"": 992, ""max"": 10000}, {""key"": ""medium"", ""min"": 768, ""max"": 991}, {""key"": ""small"", ""min"": 480, ""max"": 767}, {""key"": ""tiny"", ""min"": 0, ""max"": 479}]","[""raw/published/resources/03c1fa8b77cf-dentvitalis33.schunk.6ecbf8a934abc739.js""]",,,
derived,e-789,e-789,SCROLL_INTO_VIEW,[],e-789-derived-step-3,2,False,0,600,0,1000,STYLE_OPACITY,True,"{""id"": ""N/A"", ""appliesTo"": ""TRIGGER_ELEMENT"", ""useEventTarget"": true}",outQuart,"{""delay"": 0, ""easing"": ""outQuart"", ""duration"": 1000, ""target"": {""id"": ""N/A"", ""appliesTo"": ""TRIGGER_ELEMENT"", ""useEventTarget"": true}, ""value"": 1}","[{""key"": ""main"", ""min"": 992, ""max"": 10000}, {""key"": ""medium"", ""min"": 768, ""max"": 991}, {""key"": ""small"", ""min"": 480, ""max"": 767}, {""key"": ""tiny"", ""min"": 0, ""max"": 479}]","[""raw/published/resources/03c1fa8b77cf-dentvitalis33.schunk.6ecbf8a934abc739.js""]",,,
derived,e-791,e-791,SCROLL_INTO_VIEW,[],e-791-derived-step-0,0,True,,200,0,0,STYLE_OPACITY,True,"{""id"": ""N/A"", ""appliesTo"": ""TRIGGER_ELEMENT"", ""useEventTarget"": true}",,"{""delay"": 0, ""duration"": 0, ""target"": {""id"": ""N/A"", ""appliesTo"": ""TRIGGER_ELEMENT"", ""useEventTarget"": true}, ""value"": 0}","[{""key"": ""main"", ""min"": 992, ""max"": 10000}, {""key"": ""medium"", ""min"": 768, ""max"": 991}, {""key"": ""small"", ""min"": 480, ""max"": 767}, {""key"": ""tiny"", ""min"": 0, ""max"": 479}]","[""raw/published/resources/03c1fa8b77cf-dentvitalis33.schunk.6ecbf8a934abc739.js""]",,,
derived,e-791,e-791,SCROLL_INTO_VIEW,[],e-791-derived-step-1,1,False,0,200,0,1000,STYLE_OPACITY,True,"{""id"": ""N/A"", ""appliesTo"": ""TRIGGER_ELEMENT"", ""useEventTarget"": true}",outQuart,"{""delay"": 0, ""easing"": ""outQuart"", ""duration"": 1000, ""target"": {""id"": ""N/A"", ""appliesTo"": ""TRIGGER_ELEMENT"", ""useEventTarget"": true}, ""value"": 1}","[{""key"": ""main"", ""min"": 992, ""max"": 10000}, {""key"": ""medium"", ""min"": 768, ""max"": 991}, {""key"": ""small"", ""min"": 480, ""max"": 767}, {""key"": ""tiny"", ""min"": 0, ""max"": 479}]","[""raw/published/resources/03c1fa8b77cf-dentvitalis33.schunk.6ecbf8a934abc739.js""]",,,
derived,e-801,e-801,SCROLL_INTO_VIEW,[],e-801-derived-step-0,0,True,,400,0,0,STYLE_OPACITY,True,"{""id"": ""N/A"", ""appliesTo"": ""TRIGGER_ELEMENT"", ""useEventTarget"": true}",,"{""delay"": 0, ""duration"": 0, ""target"": {""id"": ""N/A"", ""appliesTo"": ""TRIGGER_ELEMENT"", ""useEventTarget"": true}, ""value"": 0}","[{""key"": ""main"", ""min"": 992, ""max"": 10000}, {""key"": ""medium"", ""min"": 768, ""max"": 991}, {""key"": ""small"", ""min"": 480, ""max"": 767}, {""key"": ""tiny"", ""min"": 0, ""max"": 479}]","[""raw/published/resources/03c1fa8b77cf-dentvitalis33.schunk.6ecbf8a934abc739.js""]",,,
derived,e-801,e-801,SCROLL_INTO_VIEW,[],e-801-derived-step-1,1,False,0,400,0,0,TRANSFORM_SCALE,True,"{""id"": ""N/A"", ""appliesTo"": ""TRIGGER_ELEMENT"", ""useEventTarget"": true}",,"{""delay"": 0, ""duration"": 0, ""target"": {""id"": ""N/A"", ""appliesTo"": ""TRIGGER_ELEMENT"", ""useEventTarget"": true}, ""xValue"": 0.7500000000000001, ""yValue"": 0.7500000000000001}","[{""key"": ""main"", ""min"": 992, ""max"": 10000}, {""key"": ""medium"", ""min"": 768, ""max"": 991}, {""key"": ""small"", ""min"": 480, ""max"": 767}, {""key"": ""tiny"", ""min"": 0, ""max"": 479}]","[""raw/published/resources/03c1fa8b77cf-dentvitalis33.schunk.6ecbf8a934abc739.js""]",,,
derived,e-801,e-801,SCROLL_INTO_VIEW,[],e-801-derived-step-2,2,False,0,400,0,1000,TRANSFORM_SCALE,True,"{""id"": ""N/A"", ""appliesTo"": ""TRIGGER_ELEMENT"", ""useEventTarget"": true}",outQuart,"{""delay"": 0, ""easing"": ""outQuart"", ""duration"": 1000, ""target"": {""id"": ""N/A"", ""appliesTo"": ""TRIGGER_ELEMENT"", ""useEventTarget"": true}, ""xValue"": 1, ""yValue"": 1}","[{""key"": ""main"", ""min"": 992, ""max"": 10000}, {""key"": ""medium"", ""min"": 768, ""max"": 991}, {""key"": ""small"", ""min"": 480, ""max"": 767}, {""key"": ""tiny"", ""min"": 0, ""max"": 479}]","[""raw/published/resources/03c1fa8b77cf-dentvitalis33.schunk.6ecbf8a934abc739.js""]",,,
derived,e-801,e-801,SCROLL_INTO_VIEW,[],e-801-derived-step-3,2,False,0,400,0,1000,STYLE_OPACITY,True,"{""id"": ""N/A"", ""appliesTo"": ""TRIGGER_ELEMENT"", ""useEventTarget"": true}",outQuart,"{""delay"": 0, ""easing"": ""outQuart"", ""duration"": 1000, ""target"": {""id"": ""N/A"", ""appliesTo"": ""TRIGGER_ELEMENT"", ""useEventTarget"": true}, ""value"": 1}","[{""key"": ""main"", ""min"": 992, ""max"": 10000}, {""key"": ""medium"", ""min"": 768, ""max"": 991}, {""key"": ""small"", ""min"": 480, ""max"": 767}, {""key"": ""tiny"", ""min"": 0, ""max"": 479}]","[""raw/published/resources/03c1fa8b77cf-dentvitalis33.schunk.6ecbf8a934abc739.js""]",,,
derived,e-803,e-803,SCROLL_INTO_VIEW,[],e-803-derived-step-0,0,True,,600,0,0,STYLE_OPACITY,True,"{""id"": ""N/A"", ""appliesTo"": ""TRIGGER_ELEMENT"", ""useEventTarget"": true}",,"{""delay"": 0, ""duration"": 0, ""target"": {""id"": ""N/A"", ""appliesTo"": ""TRIGGER_ELEMENT"", ""useEventTarget"": true}, ""value"": 0}","[{""key"": ""main"", ""min"": 992, ""max"": 10000}, {""key"": ""medium"", ""min"": 768, ""max"": 991}, {""key"": ""small"", ""min"": 480, ""max"": 767}, {""key"": ""tiny"", ""min"": 0, ""max"": 479}]","[""raw/published/resources/03c1fa8b77cf-dentvitalis33.schunk.6ecbf8a934abc739.js""]",,,
derived,e-803,e-803,SCROLL_INTO_VIEW,[],e-803-derived-step-1,1,False,0,600,0,0,TRANSFORM_SCALE,True,"{""id"": ""N/A"", ""appliesTo"": ""TRIGGER_ELEMENT"", ""useEventTarget"": true}",,"{""delay"": 0, ""duration"": 0, ""target"": {""id"": ""N/A"", ""appliesTo"": ""TRIGGER_ELEMENT"", ""useEventTarget"": true}, ""xValue"": 0.7500000000000001, ""yValue"": 0.7500000000000001}","[{""key"": ""main"", ""min"": 992, ""max"": 10000}, {""key"": ""medium"", ""min"": 768, ""max"": 991}, {""key"": ""small"", ""min"": 480, ""max"": 767}, {""key"": ""tiny"", ""min"": 0, ""max"": 479}]","[""raw/published/resources/03c1fa8b77cf-dentvitalis33.schunk.6ecbf8a934abc739.js""]",,,
derived,e-803,e-803,SCROLL_INTO_VIEW,[],e-803-derived-step-2,2,False,0,600,0,1000,TRANSFORM_SCALE,True,"{""id"": ""N/A"", ""appliesTo"": ""TRIGGER_ELEMENT"", ""useEventTarget"": true}",outQuart,"{""delay"": 0, ""easing"": ""outQuart"", ""duration"": 1000, ""target"": {""id"": ""N/A"", ""appliesTo"": ""TRIGGER_ELEMENT"", ""useEventTarget"": true}, ""xValue"": 1, ""yValue"": 1}","[{""key"": ""main"", ""min"": 992, ""max"": 10000}, {""key"": ""medium"", ""min"": 768, ""max"": 991}, {""key"": ""small"", ""min"": 480, ""max"": 767}, {""key"": ""tiny"", ""min"": 0, ""max"": 479}]","[""raw/published/resources/03c1fa8b77cf-dentvitalis33.schunk.6ecbf8a934abc739.js""]",,,
derived,e-803,e-803,SCROLL_INTO_VIEW,[],e-803-derived-step-3,2,False,0,600,0,1000,STYLE_OPACITY,True,"{""id"": ""N/A"", ""appliesTo"": ""TRIGGER_ELEMENT"", ""useEventTarget"": true}",outQuart,"{""delay"": 0, ""easing"": ""outQuart"", ""duration"": 1000, ""target"": {""id"": ""N/A"", ""appliesTo"": ""TRIGGER_ELEMENT"", ""useEventTarget"": true}, ""value"": 1}","[{""key"": ""main"", ""min"": 992, ""max"": 10000}, {""key"": ""medium"", ""min"": 768, ""max"": 991}, {""key"": ""small"", ""min"": 480, ""max"": 767}, {""key"": ""tiny"", ""min"": 0, ""max"": 479}]","[""raw/published/resources/03c1fa8b77cf-dentvitalis33.schunk.6ecbf8a934abc739.js""]",,,
derived,e-805,e-805,SCROLL_INTO_VIEW,[],e-805-derived-step-0,0,True,,200,0,0,STYLE_OPACITY,True,"{""id"": ""N/A"", ""appliesTo"": ""TRIGGER_ELEMENT"", ""useEventTarget"": true}",,"{""delay"": 0, ""duration"": 0, ""target"": {""id"": ""N/A"", ""appliesTo"": ""TRIGGER_ELEMENT"", ""useEventTarget"": true}, ""value"": 0}","[{""key"": ""main"", ""min"": 992, ""max"": 10000}, {""key"": ""medium"", ""min"": 768, ""max"": 991}, {""key"": ""small"", ""min"": 480, ""max"": 767}, {""key"": ""tiny"", ""min"": 0, ""max"": 479}]","[""raw/published/resources/03c1fa8b77cf-dentvitalis33.schunk.6ecbf8a934abc739.js""]",,,
derived,e-805,e-805,SCROLL_INTO_VIEW,[],e-805-derived-step-1,1,False,0,200,0,1000,STYLE_OPACITY,True,"{""id"": ""N/A"", ""appliesTo"": ""TRIGGER_ELEMENT"", ""useEventTarget"": true}",outQuart,"{""delay"": 0, ""easing"": ""outQuart"", ""duration"": 1000, ""target"": {""id"": ""N/A"", ""appliesTo"": ""TRIGGER_ELEMENT"", ""useEventTarget"": true}, ""value"": 1}","[{""key"": ""main"", ""min"": 992, ""max"": 10000}, {""key"": ""medium"", ""min"": 768, ""max"": 991}, {""key"": ""small"", ""min"": 480, ""max"": 767}, {""key"": ""tiny"", ""min"": 0, ""max"": 479}]","[""raw/published/resources/03c1fa8b77cf-dentvitalis33.schunk.6ecbf8a934abc739.js""]",,,
derived,e-813,e-813,SCROLL_INTO_VIEW,"[""/domande-e-risposte""]",e-813-derived-step-0,0,True,,1000,0,0,STYLE_OPACITY,True,"{""id"": ""N/A"", ""appliesTo"": ""TRIGGER_ELEMENT"", ""useEventTarget"": true}",,"{""delay"": 0, ""duration"": 0, ""target"": {""id"": ""N/A"", ""appliesTo"": ""TRIGGER_ELEMENT"", ""useEventTarget"": true}, ""value"": 0}","[{""key"": ""main"", ""min"": 992, ""max"": 10000}]","[""raw/published/resources/03c1fa8b77cf-dentvitalis33.schunk.6ecbf8a934abc739.js""]",,,
derived,e-813,e-813,SCROLL_INTO_VIEW,"[""/domande-e-risposte""]",e-813-derived-step-1,1,False,0,1000,0,0,TRANSFORM_MOVE,True,"{""id"": ""N/A"", ""appliesTo"": ""TRIGGER_ELEMENT"", ""useEventTarget"": true}",,"{""delay"": 0, ""duration"": 0, ""target"": {""id"": ""N/A"", ""appliesTo"": ""TRIGGER_ELEMENT"", ""useEventTarget"": true}, ""xValue"": 0, ""yValue"": 100, ""xUnit"": ""PX"", ""yUnit"": ""PX"", ""zUnit"": ""PX""}","[{""key"": ""main"", ""min"": 992, ""max"": 10000}]","[""raw/published/resources/03c1fa8b77cf-dentvitalis33.schunk.6ecbf8a934abc739.js""]",,,
derived,e-813,e-813,SCROLL_INTO_VIEW,"[""/domande-e-risposte""]",e-813-derived-step-2,2,False,0,1000,0,1000,TRANSFORM_MOVE,True,"{""id"": ""N/A"", ""appliesTo"": ""TRIGGER_ELEMENT"", ""useEventTarget"": true}",outQuart,"{""delay"": 0, ""easing"": ""outQuart"", ""duration"": 1000, ""target"": {""id"": ""N/A"", ""appliesTo"": ""TRIGGER_ELEMENT"", ""useEventTarget"": true}, ""xValue"": 0, ""yValue"": 0, ""xUnit"": ""PX"", ""yUnit"": ""PX"", ""zUnit"": ""PX""}","[{""key"": ""main"", ""min"": 992, ""max"": 10000}]","[""raw/published/resources/03c1fa8b77cf-dentvitalis33.schunk.6ecbf8a934abc739.js""]",,,
derived,e-813,e-813,SCROLL_INTO_VIEW,"[""/domande-e-risposte""]",e-813-derived-step-3,2,False,0,1000,0,1000,STYLE_OPACITY,True,"{""id"": ""N/A"", ""appliesTo"": ""TRIGGER_ELEMENT"", ""useEventTarget"": true}",outQuart,"{""delay"": 0, ""easing"": ""outQuart"", ""duration"": 1000, ""target"": {""id"": ""N/A"", ""appliesTo"": ""TRIGGER_ELEMENT"", ""useEventTarget"": true}, ""value"": 1}","[{""key"": ""main"", ""min"": 992, ""max"": 10000}]","[""raw/published/resources/03c1fa8b77cf-dentvitalis33.schunk.6ecbf8a934abc739.js""]",,,
derived,e-851,e-851,SCROLL_INTO_VIEW,[],e-851-derived-step-0,0,True,,400,0,0,STYLE_OPACITY,True,"{""id"": ""N/A"", ""appliesTo"": ""TRIGGER_ELEMENT"", ""useEventTarget"": true}",,"{""delay"": 0, ""duration"": 0, ""target"": {""id"": ""N/A"", ""appliesTo"": ""TRIGGER_ELEMENT"", ""useEventTarget"": true}, ""value"": 0}","[{""key"": ""main"", ""min"": 992, ""max"": 10000}, {""key"": ""medium"", ""min"": 768, ""max"": 991}, {""key"": ""small"", ""min"": 480, ""max"": 767}, {""key"": ""tiny"", ""min"": 0, ""max"": 479}]","[""raw/published/resources/03c1fa8b77cf-dentvitalis33.schunk.6ecbf8a934abc739.js""]",,,
derived,e-851,e-851,SCROLL_INTO_VIEW,[],e-851-derived-step-1,1,False,0,400,0,0,TRANSFORM_SCALE,True,"{""id"": ""N/A"", ""appliesTo"": ""TRIGGER_ELEMENT"", ""useEventTarget"": true}",,"{""delay"": 0, ""duration"": 0, ""target"": {""id"": ""N/A"", ""appliesTo"": ""TRIGGER_ELEMENT"", ""useEventTarget"": true}, ""xValue"": 0.7500000000000001, ""yValue"": 0.7500000000000001}","[{""key"": ""main"", ""min"": 992, ""max"": 10000}, {""key"": ""medium"", ""min"": 768, ""max"": 991}, {""key"": ""small"", ""min"": 480, ""max"": 767}, {""key"": ""tiny"", ""min"": 0, ""max"": 479}]","[""raw/published/resources/03c1fa8b77cf-dentvitalis33.schunk.6ecbf8a934abc739.js""]",,,
derived,e-851,e-851,SCROLL_INTO_VIEW,[],e-851-derived-step-2,2,False,0,400,0,1000,TRANSFORM_SCALE,True,"{""id"": ""N/A"", ""appliesTo"": ""TRIGGER_ELEMENT"", ""useEventTarget"": true}",outQuart,"{""delay"": 0, ""easing"": ""outQuart"", ""duration"": 1000, ""target"": {""id"": ""N/A"", ""appliesTo"": ""TRIGGER_ELEMENT"", ""useEventTarget"": true}, ""xValue"": 1, ""yValue"": 1}","[{""key"": ""main"", ""min"": 992, ""max"": 10000}, {""key"": ""medium"", ""min"": 768, ""max"": 991}, {""key"": ""small"", ""min"": 480, ""max"": 767}, {""key"": ""tiny"", ""min"": 0, ""max"": 479}]","[""raw/published/resources/03c1fa8b77cf-dentvitalis33.schunk.6ecbf8a934abc739.js""]",,,
derived,e-851,e-851,SCROLL_INTO_VIEW,[],e-851-derived-step-3,2,False,0,400,0,1000,STYLE_OPACITY,True,"{""id"": ""N/A"", ""appliesTo"": ""TRIGGER_ELEMENT"", ""useEventTarget"": true}",outQuart,"{""delay"": 0, ""easing"": ""outQuart"", ""duration"": 1000, ""target"": {""id"": ""N/A"", ""appliesTo"": ""TRIGGER_ELEMENT"", ""useEventTarget"": true}, ""value"": 1}","[{""key"": ""main"", ""min"": 992, ""max"": 10000}, {""key"": ""medium"", ""min"": 768, ""max"": 991}, {""key"": ""small"", ""min"": 480, ""max"": 767}, {""key"": ""tiny"", ""min"": 0, ""max"": 479}]","[""raw/published/resources/03c1fa8b77cf-dentvitalis33.schunk.6ecbf8a934abc739.js""]",,,
derived,e-853,e-853,SCROLL_INTO_VIEW,[],e-853-derived-step-0,0,True,,600,0,0,STYLE_OPACITY,True,"{""id"": ""N/A"", ""appliesTo"": ""TRIGGER_ELEMENT"", ""useEventTarget"": true}",,"{""delay"": 0, ""duration"": 0, ""target"": {""id"": ""N/A"", ""appliesTo"": ""TRIGGER_ELEMENT"", ""useEventTarget"": true}, ""value"": 0}","[{""key"": ""main"", ""min"": 992, ""max"": 10000}, {""key"": ""medium"", ""min"": 768, ""max"": 991}, {""key"": ""small"", ""min"": 480, ""max"": 767}, {""key"": ""tiny"", ""min"": 0, ""max"": 479}]","[""raw/published/resources/03c1fa8b77cf-dentvitalis33.schunk.6ecbf8a934abc739.js""]",,,
derived,e-853,e-853,SCROLL_INTO_VIEW,[],e-853-derived-step-1,1,False,0,600,0,0,TRANSFORM_SCALE,True,"{""id"": ""N/A"", ""appliesTo"": ""TRIGGER_ELEMENT"", ""useEventTarget"": true}",,"{""delay"": 0, ""duration"": 0, ""target"": {""id"": ""N/A"", ""appliesTo"": ""TRIGGER_ELEMENT"", ""useEventTarget"": true}, ""xValue"": 0.7500000000000001, ""yValue"": 0.7500000000000001}","[{""key"": ""main"", ""min"": 992, ""max"": 10000}, {""key"": ""medium"", ""min"": 768, ""max"": 991}, {""key"": ""small"", ""min"": 480, ""max"": 767}, {""key"": ""tiny"", ""min"": 0, ""max"": 479}]","[""raw/published/resources/03c1fa8b77cf-dentvitalis33.schunk.6ecbf8a934abc739.js""]",,,
derived,e-853,e-853,SCROLL_INTO_VIEW,[],e-853-derived-step-2,2,False,0,600,0,1000,TRANSFORM_SCALE,True,"{""id"": ""N/A"", ""appliesTo"": ""TRIGGER_ELEMENT"", ""useEventTarget"": true}",outQuart,"{""delay"": 0, ""easing"": ""outQuart"", ""duration"": 1000, ""target"": {""id"": ""N/A"", ""appliesTo"": ""TRIGGER_ELEMENT"", ""useEventTarget"": true}, ""xValue"": 1, ""yValue"": 1}","[{""key"": ""main"", ""min"": 992, ""max"": 10000}, {""key"": ""medium"", ""min"": 768, ""max"": 991}, {""key"": ""small"", ""min"": 480, ""max"": 767}, {""key"": ""tiny"", ""min"": 0, ""max"": 479}]","[""raw/published/resources/03c1fa8b77cf-dentvitalis33.schunk.6ecbf8a934abc739.js""]",,,
derived,e-853,e-853,SCROLL_INTO_VIEW,[],e-853-derived-step-3,2,False,0,600,0,1000,STYLE_OPACITY,True,"{""id"": ""N/A"", ""appliesTo"": ""TRIGGER_ELEMENT"", ""useEventTarget"": true}",outQuart,"{""delay"": 0, ""easing"": ""outQuart"", ""duration"": 1000, ""target"": {""id"": ""N/A"", ""appliesTo"": ""TRIGGER_ELEMENT"", ""useEventTarget"": true}, ""value"": 1}","[{""key"": ""main"", ""min"": 992, ""max"": 10000}, {""key"": ""medium"", ""min"": 768, ""max"": 991}, {""key"": ""small"", ""min"": 480, ""max"": 767}, {""key"": ""tiny"", ""min"": 0, ""max"": 479}]","[""raw/published/resources/03c1fa8b77cf-dentvitalis33.schunk.6ecbf8a934abc739.js""]",,,
derived,e-855,e-855,SCROLL_INTO_VIEW,[],e-855-derived-step-0,0,True,,200,0,0,STYLE_OPACITY,True,"{""id"": ""N/A"", ""appliesTo"": ""TRIGGER_ELEMENT"", ""useEventTarget"": true}",,"{""delay"": 0, ""duration"": 0, ""target"": {""id"": ""N/A"", ""appliesTo"": ""TRIGGER_ELEMENT"", ""useEventTarget"": true}, ""value"": 0}","[{""key"": ""main"", ""min"": 992, ""max"": 10000}, {""key"": ""medium"", ""min"": 768, ""max"": 991}, {""key"": ""small"", ""min"": 480, ""max"": 767}, {""key"": ""tiny"", ""min"": 0, ""max"": 479}]","[""raw/published/resources/03c1fa8b77cf-dentvitalis33.schunk.6ecbf8a934abc739.js""]",,,
derived,e-855,e-855,SCROLL_INTO_VIEW,[],e-855-derived-step-1,1,False,0,200,0,1000,STYLE_OPACITY,True,"{""id"": ""N/A"", ""appliesTo"": ""TRIGGER_ELEMENT"", ""useEventTarget"": true}",outQuart,"{""delay"": 0, ""easing"": ""outQuart"", ""duration"": 1000, ""target"": {""id"": ""N/A"", ""appliesTo"": ""TRIGGER_ELEMENT"", ""useEventTarget"": true}, ""value"": 1}","[{""key"": ""main"", ""min"": 992, ""max"": 10000}, {""key"": ""medium"", ""min"": 768, ""max"": 991}, {""key"": ""small"", ""min"": 480, ""max"": 767}, {""key"": ""tiny"", ""min"": 0, ""max"": 479}]","[""raw/published/resources/03c1fa8b77cf-dentvitalis33.schunk.6ecbf8a934abc739.js""]",,,
derived,e-863,e-863,SCROLL_INTO_VIEW,"[""/faq""]",e-863-derived-step-0,0,True,,1000,0,0,STYLE_OPACITY,True,"{""id"": ""N/A"", ""appliesTo"": ""TRIGGER_ELEMENT"", ""useEventTarget"": true}",,"{""delay"": 0, ""duration"": 0, ""target"": {""id"": ""N/A"", ""appliesTo"": ""TRIGGER_ELEMENT"", ""useEventTarget"": true}, ""value"": 0}","[{""key"": ""main"", ""min"": 992, ""max"": 10000}]","[""raw/published/resources/03c1fa8b77cf-dentvitalis33.schunk.6ecbf8a934abc739.js""]",,,
derived,e-863,e-863,SCROLL_INTO_VIEW,"[""/faq""]",e-863-derived-step-1,1,False,0,1000,0,0,TRANSFORM_MOVE,True,"{""id"": ""N/A"", ""appliesTo"": ""TRIGGER_ELEMENT"", ""useEventTarget"": true}",,"{""delay"": 0, ""duration"": 0, ""target"": {""id"": ""N/A"", ""appliesTo"": ""TRIGGER_ELEMENT"", ""useEventTarget"": true}, ""xValue"": 0, ""yValue"": 100, ""xUnit"": ""PX"", ""yUnit"": ""PX"", ""zUnit"": ""PX""}","[{""key"": ""main"", ""min"": 992, ""max"": 10000}]","[""raw/published/resources/03c1fa8b77cf-dentvitalis33.schunk.6ecbf8a934abc739.js""]",,,
derived,e-863,e-863,SCROLL_INTO_VIEW,"[""/faq""]",e-863-derived-step-2,2,False,0,1000,0,1000,TRANSFORM_MOVE,True,"{""id"": ""N/A"", ""appliesTo"": ""TRIGGER_ELEMENT"", ""useEventTarget"": true}",outQuart,"{""delay"": 0, ""easing"": ""outQuart"", ""duration"": 1000, ""target"": {""id"": ""N/A"", ""appliesTo"": ""TRIGGER_ELEMENT"", ""useEventTarget"": true}, ""xValue"": 0, ""yValue"": 0, ""xUnit"": ""PX"", ""yUnit"": ""PX"", ""zUnit"": ""PX""}","[{""key"": ""main"", ""min"": 992, ""max"": 10000}]","[""raw/published/resources/03c1fa8b77cf-dentvitalis33.schunk.6ecbf8a934abc739.js""]",,,
derived,e-863,e-863,SCROLL_INTO_VIEW,"[""/faq""]",e-863-derived-step-3,2,False,0,1000,0,1000,STYLE_OPACITY,True,"{""id"": ""N/A"", ""appliesTo"": ""TRIGGER_ELEMENT"", ""useEventTarget"": true}",outQuart,"{""delay"": 0, ""easing"": ""outQuart"", ""duration"": 1000, ""target"": {""id"": ""N/A"", ""appliesTo"": ""TRIGGER_ELEMENT"", ""useEventTarget"": true}, ""value"": 1}","[{""key"": ""main"", ""min"": 992, ""max"": 10000}]","[""raw/published/resources/03c1fa8b77cf-dentvitalis33.schunk.6ecbf8a934abc739.js""]",,,
derived,e-865,FAQ Accordion Opens,DROPDOWN_OPEN,"[""/faq""]",a-13-n,0,True,,,0,500,STYLE_SIZE,CHILDREN,"{""useEventTarget"": ""CHILDREN"", ""selector"": "".accordion-list"", ""selectorGuids"": [""571b4f22-06fa-4499-f6d0-cb8f5ffe0c7d""]}",,"{""delay"": 0, ""easing"": """", ""duration"": 500, ""target"": {""useEventTarget"": ""CHILDREN"", ""selector"": "".accordion-list"", ""selectorGuids"": [""571b4f22-06fa-4499-f6d0-cb8f5ffe0c7d""]}, ""heightValue"": 0, ""widthUnit"": ""PX"", ""heightUnit"": ""px"", ""locked"": false}","[{""key"": ""main"", ""min"": 992, ""max"": 10000}, {""key"": ""medium"", ""min"": 768, ""max"": 991}, {""key"": ""small"", ""min"": 480, ""max"": 767}, {""key"": ""tiny"", ""min"": 0, ""max"": 479}]","[""raw/published/resources/03c1fa8b77cf-dentvitalis33.schunk.6ecbf8a934abc739.js""]",,,
derived,e-865,FAQ Accordion Opens,DROPDOWN_OPEN,"[""/faq""]",a-13-n-2,0,True,,,0,500,STYLE_TEXT_COLOR,CHILDREN,"{""useEventTarget"": ""CHILDREN"", ""selector"": "".accordion-title"", ""selectorGuids"": [""571b4f22-06fa-4499-f6d0-cb8f5ffe0c6f""]}",,"{""delay"": 0, ""easing"": """", ""duration"": 500, ""target"": {""useEventTarget"": ""CHILDREN"", ""selector"": "".accordion-title"", ""selectorGuids"": [""571b4f22-06fa-4499-f6d0-cb8f5ffe0c6f""]}, ""globalSwatchId"": ""@var_variable-90781720-7ff3-c909-13c4-45d269bf0a2a"", ""rValue"": 107, ""bValue"": 118, ""gValue"": 112, ""aValue"": 1}","[{""key"": ""main"", ""min"": 992, ""max"": 10000}, {""key"": ""medium"", ""min"": 768, ""max"": 991}, {""key"": ""small"", ""min"": 480, ""max"": 767}, {""key"": ""tiny"", ""min"": 0, ""max"": 479}]","[""raw/published/resources/03c1fa8b77cf-dentvitalis33.schunk.6ecbf8a934abc739.js""]",,,
derived,e-865,FAQ Accordion Opens,DROPDOWN_OPEN,"[""/faq""]",a-13-n-3,0,True,,,0,500,STYLE_BACKGROUND_COLOR,CHILDREN,"{""useEventTarget"": ""CHILDREN"", ""selector"": "".horizontal-line.primary-color"", ""selectorGuids"": [""571b4f22-06fa-4499-f6d0-cb8f5ffe0c80"", ""571b4f22-06fa-4499-f6d0-cb8f5ffe0c87""]}",,"{""delay"": 0, ""easing"": """", ""duration"": 500, ""target"": {""useEventTarget"": ""CHILDREN"", ""selector"": "".horizontal-line.primary-color"", ""selectorGuids"": [""571b4f22-06fa-4499-f6d0-cb8f5ffe0c80"", ""571b4f22-06fa-4499-f6d0-cb8f5ffe0c87""]}, ""globalSwatchId"": ""@var_variable-90781720-7ff3-c909-13c4-45d269bf0a2a"", ""rValue"": 107, ""bValue"": 118, ""gValue"": 112, ""aValue"": 1}","[{""key"": ""main"", ""min"": 992, ""max"": 10000}, {""key"": ""medium"", ""min"": 768, ""max"": 991}, {""key"": ""small"", ""min"": 480, ""max"": 767}, {""key"": ""tiny"", ""min"": 0, ""max"": 479}]","[""raw/published/resources/03c1fa8b77cf-dentvitalis33.schunk.6ecbf8a934abc739.js""]",,,
derived,e-865,FAQ Accordion Opens,DROPDOWN_OPEN,"[""/faq""]",a-13-n-4,0,True,,,0,500,STYLE_BACKGROUND_COLOR,CHILDREN,"{""useEventTarget"": ""CHILDREN"", ""selector"": "".vertical-line.primary-color"", ""selectorGuids"": [""571b4f22-06fa-4499-f6d0-cb8f5ffe0c7c"", ""571b4f22-06fa-4499-f6d0-cb8f5ffe0c88""]}",,"{""delay"": 0, ""easing"": """", ""duration"": 500, ""target"": {""useEventTarget"": ""CHILDREN"", ""selector"": "".vertical-line.primary-color"", ""selectorGuids"": [""571b4f22-06fa-4499-f6d0-cb8f5ffe0c7c"", ""571b4f22-06fa-4499-f6d0-cb8f5ffe0c88""]}, ""globalSwatchId"": ""@var_variable-90781720-7ff3-c909-13c4-45d269bf0a2a"", ""rValue"": 107, ""bValue"": 118, ""gValue"": 112, ""aValue"": 1}","[{""key"": ""main"", ""min"": 992, ""max"": 10000}, {""key"": ""medium"", ""min"": 768, ""max"": 991}, {""key"": ""small"", ""min"": 480, ""max"": 767}, {""key"": ""tiny"", ""min"": 0, ""max"": 479}]","[""raw/published/resources/03c1fa8b77cf-dentvitalis33.schunk.6ecbf8a934abc739.js""]",,,
derived,e-865,FAQ Accordion Opens,DROPDOWN_OPEN,"[""/faq""]",a-13-n-5,0,True,,,0,500,STYLE_OPACITY,CHILDREN,"{""useEventTarget"": ""CHILDREN"", ""selector"": "".large-paragraph-3.accordion-text"", ""selectorGuids"": [""571b4f22-06fa-4499-f6d0-cb8f5ffe0c82"", ""571b4f22-06fa-4499-f6d0-cb8f5ffe0c89""]}",,"{""delay"": 0, ""easing"": """", ""duration"": 500, ""target"": {""useEventTarget"": ""CHILDREN"", ""selector"": "".large-paragraph-3.accordion-text"", ""selectorGuids"": [""571b4f22-06fa-4499-f6d0-cb8f5ffe0c82"", ""571b4f22-06fa-4499-f6d0-cb8f5ffe0c89""]}, ""value"": 0, ""unit"": """"}","[{""key"": ""main"", ""min"": 992, ""max"": 10000}, {""key"": ""medium"", ""min"": 768, ""max"": 991}, {""key"": ""small"", ""min"": 480, ""max"": 767}, {""key"": ""tiny"", ""min"": 0, ""max"": 479}]","[""raw/published/resources/03c1fa8b77cf-dentvitalis33.schunk.6ecbf8a934abc739.js""]",,,
derived,e-865,FAQ Accordion Opens,DROPDOWN_OPEN,"[""/faq""]",a-13-n-6,1,False,0,,0,400,STYLE_SIZE,CHILDREN,"{""useEventTarget"": ""CHILDREN"", ""selector"": "".accordion-list"", ""selectorGuids"": [""571b4f22-06fa-4499-f6d0-cb8f5ffe0c7d""]}",ease,"{""delay"": 0, ""easing"": ""ease"", ""duration"": 400, ""target"": {""useEventTarget"": ""CHILDREN"", ""selector"": "".accordion-list"", ""selectorGuids"": [""571b4f22-06fa-4499-f6d0-cb8f5ffe0c7d""]}, ""widthUnit"": ""PX"", ""heightUnit"": ""AUTO"", ""locked"": false}","[{""key"": ""main"", ""min"": 992, ""max"": 10000}, {""key"": ""medium"", ""min"": 768, ""max"": 991}, {""key"": ""small"", ""min"": 480, ""max"": 767}, {""key"": ""tiny"", ""min"": 0, ""max"": 479}]","[""raw/published/resources/03c1fa8b77cf-dentvitalis33.schunk.6ecbf8a934abc739.js""]",,,
derived,e-865,FAQ Accordion Opens,DROPDOWN_OPEN,"[""/faq""]",a-13-n-7,1,False,0,,0,300,TRANSFORM_ROTATE,CHILDREN,"{""useEventTarget"": ""CHILDREN"", ""selector"": "".vertical-line.primary-color"", ""selectorGuids"": [""571b4f22-06fa-4499-f6d0-cb8f5ffe0c7c"", ""571b4f22-06fa-4499-f6d0-cb8f5ffe0c88""]}",,"{""delay"": 0, ""easing"": """", ""duration"": 300, ""target"": {""useEventTarget"": ""CHILDREN"", ""selector"": "".vertical-line.primary-color"", ""selectorGuids"": [""571b4f22-06fa-4499-f6d0-cb8f5ffe0c7c"", ""571b4f22-06fa-4499-f6d0-cb8f5ffe0c88""]}, ""yValue"": null, ""zValue"": -90, ""xUnit"": ""DEG"", ""yUnit"": ""deg"", ""zUnit"": ""deg""}","[{""key"": ""main"", ""min"": 992, ""max"": 10000}, {""key"": ""medium"", ""min"": 768, ""max"": 991}, {""key"": ""small"", ""min"": 480, ""max"": 767}, {""key"": ""tiny"", ""min"": 0, ""max"": 479}]","[""raw/published/resources/03c1fa8b77cf-dentvitalis33.schunk.6ecbf8a934abc739.js""]",,,
derived,e-865,FAQ Accordion Opens,DROPDOWN_OPEN,"[""/faq""]",a-13-n-8,1,False,0,,0,500,STYLE_TEXT_COLOR,CHILDREN,"{""useEventTarget"": ""CHILDREN"", ""selector"": "".accordion-title"", ""selectorGuids"": [""571b4f22-06fa-4499-f6d0-cb8f5ffe0c6f""]}",,"{""delay"": 0, ""easing"": """", ""duration"": 500, ""target"": {""useEventTarget"": ""CHILDREN"", ""selector"": "".accordion-title"", ""selectorGuids"": [""571b4f22-06fa-4499-f6d0-cb8f5ffe0c6f""]}, ""globalSwatchId"": ""@var_variable-c30fbafd-c704-5f1e-e20f-7ceadfde5500"", ""rValue"": 0, ""bValue"": 0, ""gValue"": 0, ""aValue"": 1}","[{""key"": ""main"", ""min"": 992, ""max"": 10000}, {""key"": ""medium"", ""min"": 768, ""max"": 991}, {""key"": ""small"", ""min"": 480, ""max"": 767}, {""key"": ""tiny"", ""min"": 0, ""max"": 479}]","[""raw/published/resources/03c1fa8b77cf-dentvitalis33.schunk.6ecbf8a934abc739.js""]",,,
derived,e-865,FAQ Accordion Opens,DROPDOWN_OPEN,"[""/faq""]",a-13-n-9,1,False,0,,0,700,STYLE_OPACITY,CHILDREN,"{""useEventTarget"": ""CHILDREN"", ""selector"": "".large-paragraph-3.accordion-text"", ""selectorGuids"": [""571b4f22-06fa-4499-f6d0-cb8f5ffe0c82"", ""571b4f22-06fa-4499-f6d0-cb8f5ffe0c89""]}",,"{""delay"": 0, ""easing"": """", ""duration"": 700, ""target"": {""useEventTarget"": ""CHILDREN"", ""selector"": "".large-paragraph-3.accordion-text"", ""selectorGuids"": [""571b4f22-06fa-4499-f6d0-cb8f5ffe0c82"", ""571b4f22-06fa-4499-f6d0-cb8f5ffe0c89""]}, ""value"": 1, ""unit"": """"}","[{""key"": ""main"", ""min"": 992, ""max"": 10000}, {""key"": ""medium"", ""min"": 768, ""max"": 991}, {""key"": ""small"", ""min"": 480, ""max"": 767}, {""key"": ""tiny"", ""min"": 0, ""max"": 479}]","[""raw/published/resources/03c1fa8b77cf-dentvitalis33.schunk.6ecbf8a934abc739.js""]",,,
derived,e-866,FAQ Accordion Closes,DROPDOWN_CLOSE,"[""/faq""]",a-14-n,0,False,0,,0,400,STYLE_SIZE,CHILDREN,"{""useEventTarget"": ""CHILDREN"", ""selector"": "".accordion-list"", ""selectorGuids"": [""571b4f22-06fa-4499-f6d0-cb8f5ffe0c7d""]}",ease,"{""delay"": 0, ""easing"": ""ease"", ""duration"": 400, ""target"": {""useEventTarget"": ""CHILDREN"", ""selector"": "".accordion-list"", ""selectorGuids"": [""571b4f22-06fa-4499-f6d0-cb8f5ffe0c7d""]}, ""heightValue"": 0, ""widthUnit"": ""PX"", ""heightUnit"": ""px"", ""locked"": false}","[{""key"": ""main"", ""min"": 992, ""max"": 10000}, {""key"": ""medium"", ""min"": 768, ""max"": 991}, {""key"": ""small"", ""min"": 480, ""max"": 767}, {""key"": ""tiny"", ""min"": 0, ""max"": 479}]","[""raw/published/resources/03c1fa8b77cf-dentvitalis33.schunk.6ecbf8a934abc739.js""]",,,
derived,e-866,FAQ Accordion Closes,DROPDOWN_CLOSE,"[""/faq""]",a-14-n-2,0,False,0,,0,500,STYLE_TEXT_COLOR,CHILDREN,"{""useEventTarget"": ""CHILDREN"", ""selector"": "".accordion-title"", ""selectorGuids"": [""571b4f22-06fa-4499-f6d0-cb8f5ffe0c6f""]}",,"{""delay"": 0, ""easing"": """", ""duration"": 500, ""target"": {""useEventTarget"": ""CHILDREN"", ""selector"": "".accordion-title"", ""selectorGuids"": [""571b4f22-06fa-4499-f6d0-cb8f5ffe0c6f""]}, ""globalSwatchId"": ""@var_variable-90781720-7ff3-c909-13c4-45d269bf0a2a"", ""rValue"": 107, ""bValue"": 118, ""gValue"": 112, ""aValue"": 1}","[{""key"": ""main"", ""min"": 992, ""max"": 10000}, {""key"": ""medium"", ""min"": 768, ""max"": 991}, {""key"": ""small"", ""min"": 480, ""max"": 767}, {""key"": ""tiny"", ""min"": 0, ""max"": 479}]","[""raw/published/resources/03c1fa8b77cf-dentvitalis33.schunk.6ecbf8a934abc739.js""]",,,
derived,e-866,FAQ Accordion Closes,DROPDOWN_CLOSE,"[""/faq""]",a-14-n-3,0,False,0,,0,300,TRANSFORM_ROTATE,CHILDREN,"{""useEventTarget"": ""CHILDREN"", ""selector"": "".vertical-line.primary-color"", ""selectorGuids"": [""571b4f22-06fa-4499-f6d0-cb8f5ffe0c7c"", ""571b4f22-06fa-4499-f6d0-cb8f5ffe0c88""]}",,"{""delay"": 0, ""easing"": """", ""duration"": 300, ""target"": {""useEventTarget"": ""CHILDREN"", ""selector"": "".vertical-line.primary-color"", ""selectorGuids"": [""571b4f22-06fa-4499-f6d0-cb8f5ffe0c7c"", ""571b4f22-06fa-4499-f6d0-cb8f5ffe0c88""]}, ""zValue"": 0, ""xUnit"": ""DEG"", ""yUnit"": ""DEG"", ""zUnit"": ""deg""}","[{""key"": ""main"", ""min"": 992, ""max"": 10000}, {""key"": ""medium"", ""min"": 768, ""max"": 991}, {""key"": ""small"", ""min"": 480, ""max"": 767}, {""key"": ""tiny"", ""min"": 0, ""max"": 479}]","[""raw/published/resources/03c1fa8b77cf-dentvitalis33.schunk.6ecbf8a934abc739.js""]",,,
derived,e-866,FAQ Accordion Closes,DROPDOWN_CLOSE,"[""/faq""]",a-14-n-4,0,False,0,,0,0,STYLE_OPACITY,CHILDREN,"{""useEventTarget"": ""CHILDREN"", ""selector"": "".large-paragraph-3.accordion-text"", ""selectorGuids"": [""571b4f22-06fa-4499-f6d0-cb8f5ffe0c82"", ""571b4f22-06fa-4499-f6d0-cb8f5ffe0c89""]}",,"{""delay"": 0, ""easing"": """", ""duration"": 0, ""target"": {""useEventTarget"": ""CHILDREN"", ""selector"": "".large-paragraph-3.accordion-text"", ""selectorGuids"": [""571b4f22-06fa-4499-f6d0-cb8f5ffe0c82"", ""571b4f22-06fa-4499-f6d0-cb8f5ffe0c89""]}, ""value"": 0, ""unit"": """"}","[{""key"": ""main"", ""min"": 992, ""max"": 10000}, {""key"": ""medium"", ""min"": 768, ""max"": 991}, {""key"": ""small"", ""min"": 480, ""max"": 767}, {""key"": ""tiny"", ""min"": 0, ""max"": 479}]","[""raw/published/resources/03c1fa8b77cf-dentvitalis33.schunk.6ecbf8a934abc739.js""]",,,
derived,e-867,FAQ Accordion Opens,DROPDOWN_OPEN,"[""/faq""]",a-13-n,0,True,,,0,500,STYLE_SIZE,CHILDREN,"{""useEventTarget"": ""CHILDREN"", ""selector"": "".accordion-list"", ""selectorGuids"": [""571b4f22-06fa-4499-f6d0-cb8f5ffe0c7d""]}",,"{""delay"": 0, ""easing"": """", ""duration"": 500, ""target"": {""useEventTarget"": ""CHILDREN"", ""selector"": "".accordion-list"", ""selectorGuids"": [""571b4f22-06fa-4499-f6d0-cb8f5ffe0c7d""]}, ""heightValue"": 0, ""widthUnit"": ""PX"", ""heightUnit"": ""px"", ""locked"": false}","[{""key"": ""main"", ""min"": 992, ""max"": 10000}, {""key"": ""medium"", ""min"": 768, ""max"": 991}, {""key"": ""small"", ""min"": 480, ""max"": 767}, {""key"": ""tiny"", ""min"": 0, ""max"": 479}]","[""raw/published/resources/03c1fa8b77cf-dentvitalis33.schunk.6ecbf8a934abc739.js""]",,,
derived,e-867,FAQ Accordion Opens,DROPDOWN_OPEN,"[""/faq""]",a-13-n-2,0,True,,,0,500,STYLE_TEXT_COLOR,CHILDREN,"{""useEventTarget"": ""CHILDREN"", ""selector"": "".accordion-title"", ""selectorGuids"": [""571b4f22-06fa-4499-f6d0-cb8f5ffe0c6f""]}",,"{""delay"": 0, ""easing"": """", ""duration"": 500, ""target"": {""useEventTarget"": ""CHILDREN"", ""selector"": "".accordion-title"", ""selectorGuids"": [""571b4f22-06fa-4499-f6d0-cb8f5ffe0c6f""]}, ""globalSwatchId"": ""@var_variable-90781720-7ff3-c909-13c4-45d269bf0a2a"", ""rValue"": 107, ""bValue"": 118, ""gValue"": 112, ""aValue"": 1}","[{""key"": ""main"", ""min"": 992, ""max"": 10000}, {""key"": ""medium"", ""min"": 768, ""max"": 991}, {""key"": ""small"", ""min"": 480, ""max"": 767}, {""key"": ""tiny"", ""min"": 0, ""max"": 479}]","[""raw/published/resources/03c1fa8b77cf-dentvitalis33.schunk.6ecbf8a934abc739.js""]",,,
derived,e-867,FAQ Accordion Opens,DROPDOWN_OPEN,"[""/faq""]",a-13-n-3,0,True,,,0,500,STYLE_BACKGROUND_COLOR,CHILDREN,"{""useEventTarget"": ""CHILDREN"", ""selector"": "".horizontal-line.primary-color"", ""selectorGuids"": [""571b4f22-06fa-4499-f6d0-cb8f5ffe0c80"", ""571b4f22-06fa-4499-f6d0-cb8f5ffe0c87""]}",,"{""delay"": 0, ""easing"": """", ""duration"": 500, ""target"": {""useEventTarget"": ""CHILDREN"", ""selector"": "".horizontal-line.primary-color"", ""selectorGuids"": [""571b4f22-06fa-4499-f6d0-cb8f5ffe0c80"", ""571b4f22-06fa-4499-f6d0-cb8f5ffe0c87""]}, ""globalSwatchId"": ""@var_variable-90781720-7ff3-c909-13c4-45d269bf0a2a"", ""rValue"": 107, ""bValue"": 118, ""gValue"": 112, ""aValue"": 1}","[{""key"": ""main"", ""min"": 992, ""max"": 10000}, {""key"": ""medium"", ""min"": 768, ""max"": 991}, {""key"": ""small"", ""min"": 480, ""max"": 767}, {""key"": ""tiny"", ""min"": 0, ""max"": 479}]","[""raw/published/resources/03c1fa8b77cf-dentvitalis33.schunk.6ecbf8a934abc739.js""]",,,
derived,e-867,FAQ Accordion Opens,DROPDOWN_OPEN,"[""/faq""]",a-13-n-4,0,True,,,0,500,STYLE_BACKGROUND_COLOR,CHILDREN,"{""useEventTarget"": ""CHILDREN"", ""selector"": "".vertical-line.primary-color"", ""selectorGuids"": [""571b4f22-06fa-4499-f6d0-cb8f5ffe0c7c"", ""571b4f22-06fa-4499-f6d0-cb8f5ffe0c88""]}",,"{""delay"": 0, ""easing"": """", ""duration"": 500, ""target"": {""useEventTarget"": ""CHILDREN"", ""selector"": "".vertical-line.primary-color"", ""selectorGuids"": [""571b4f22-06fa-4499-f6d0-cb8f5ffe0c7c"", ""571b4f22-06fa-4499-f6d0-cb8f5ffe0c88""]}, ""globalSwatchId"": ""@var_variable-90781720-7ff3-c909-13c4-45d269bf0a2a"", ""rValue"": 107, ""bValue"": 118, ""gValue"": 112, ""aValue"": 1}","[{""key"": ""main"", ""min"": 992, ""max"": 10000}, {""key"": ""medium"", ""min"": 768, ""max"": 991}, {""key"": ""small"", ""min"": 480, ""max"": 767}, {""key"": ""tiny"", ""min"": 0, ""max"": 479}]","[""raw/published/resources/03c1fa8b77cf-dentvitalis33.schunk.6ecbf8a934abc739.js""]",,,
derived,e-867,FAQ Accordion Opens,DROPDOWN_OPEN,"[""/faq""]",a-13-n-5,0,True,,,0,500,STYLE_OPACITY,CHILDREN,"{""useEventTarget"": ""CHILDREN"", ""selector"": "".large-paragraph-3.accordion-text"", ""selectorGuids"": [""571b4f22-06fa-4499-f6d0-cb8f5ffe0c82"", ""571b4f22-06fa-4499-f6d0-cb8f5ffe0c89""]}",,"{""delay"": 0, ""easing"": """", ""duration"": 500, ""target"": {""useEventTarget"": ""CHILDREN"", ""selector"": "".large-paragraph-3.accordion-text"", ""selectorGuids"": [""571b4f22-06fa-4499-f6d0-cb8f5ffe0c82"", ""571b4f22-06fa-4499-f6d0-cb8f5ffe0c89""]}, ""value"": 0, ""unit"": """"}","[{""key"": ""main"", ""min"": 992, ""max"": 10000}, {""key"": ""medium"", ""min"": 768, ""max"": 991}, {""key"": ""small"", ""min"": 480, ""max"": 767}, {""key"": ""tiny"", ""min"": 0, ""max"": 479}]","[""raw/published/resources/03c1fa8b77cf-dentvitalis33.schunk.6ecbf8a934abc739.js""]",,,
derived,e-867,FAQ Accordion Opens,DROPDOWN_OPEN,"[""/faq""]",a-13-n-6,1,False,0,,0,400,STYLE_SIZE,CHILDREN,"{""useEventTarget"": ""CHILDREN"", ""selector"": "".accordion-list"", ""selectorGuids"": [""571b4f22-06fa-4499-f6d0-cb8f5ffe0c7d""]}",ease,"{""delay"": 0, ""easing"": ""ease"", ""duration"": 400, ""target"": {""useEventTarget"": ""CHILDREN"", ""selector"": "".accordion-list"", ""selectorGuids"": [""571b4f22-06fa-4499-f6d0-cb8f5ffe0c7d""]}, ""widthUnit"": ""PX"", ""heightUnit"": ""AUTO"", ""locked"": false}","[{""key"": ""main"", ""min"": 992, ""max"": 10000}, {""key"": ""medium"", ""min"": 768, ""max"": 991}, {""key"": ""small"", ""min"": 480, ""max"": 767}, {""key"": ""tiny"", ""min"": 0, ""max"": 479}]","[""raw/published/resources/03c1fa8b77cf-dentvitalis33.schunk.6ecbf8a934abc739.js""]",,,
derived,e-867,FAQ Accordion Opens,DROPDOWN_OPEN,"[""/faq""]",a-13-n-7,1,False,0,,0,300,TRANSFORM_ROTATE,CHILDREN,"{""useEventTarget"": ""CHILDREN"", ""selector"": "".vertical-line.primary-color"", ""selectorGuids"": [""571b4f22-06fa-4499-f6d0-cb8f5ffe0c7c"", ""571b4f22-06fa-4499-f6d0-cb8f5ffe0c88""]}",,"{""delay"": 0, ""easing"": """", ""duration"": 300, ""target"": {""useEventTarget"": ""CHILDREN"", ""selector"": "".vertical-line.primary-color"", ""selectorGuids"": [""571b4f22-06fa-4499-f6d0-cb8f5ffe0c7c"", ""571b4f22-06fa-4499-f6d0-cb8f5ffe0c88""]}, ""yValue"": null, ""zValue"": -90, ""xUnit"": ""DEG"", ""yUnit"": ""deg"", ""zUnit"": ""deg""}","[{""key"": ""main"", ""min"": 992, ""max"": 10000}, {""key"": ""medium"", ""min"": 768, ""max"": 991}, {""key"": ""small"", ""min"": 480, ""max"": 767}, {""key"": ""tiny"", ""min"": 0, ""max"": 479}]","[""raw/published/resources/03c1fa8b77cf-dentvitalis33.schunk.6ecbf8a934abc739.js""]",,,
derived,e-867,FAQ Accordion Opens,DROPDOWN_OPEN,"[""/faq""]",a-13-n-8,1,False,0,,0,500,STYLE_TEXT_COLOR,CHILDREN,"{""useEventTarget"": ""CHILDREN"", ""selector"": "".accordion-title"", ""selectorGuids"": [""571b4f22-06fa-4499-f6d0-cb8f5ffe0c6f""]}",,"{""delay"": 0, ""easing"": """", ""duration"": 500, ""target"": {""useEventTarget"": ""CHILDREN"", ""selector"": "".accordion-title"", ""selectorGuids"": [""571b4f22-06fa-4499-f6d0-cb8f5ffe0c6f""]}, ""globalSwatchId"": ""@var_variable-c30fbafd-c704-5f1e-e20f-7ceadfde5500"", ""rValue"": 0, ""bValue"": 0, ""gValue"": 0, ""aValue"": 1}","[{""key"": ""main"", ""min"": 992, ""max"": 10000}, {""key"": ""medium"", ""min"": 768, ""max"": 991}, {""key"": ""small"", ""min"": 480, ""max"": 767}, {""key"": ""tiny"", ""min"": 0, ""max"": 479}]","[""raw/published/resources/03c1fa8b77cf-dentvitalis33.schunk.6ecbf8a934abc739.js""]",,,
derived,e-867,FAQ Accordion Opens,DROPDOWN_OPEN,"[""/faq""]",a-13-n-9,1,False,0,,0,700,STYLE_OPACITY,CHILDREN,"{""useEventTarget"": ""CHILDREN"", ""selector"": "".large-paragraph-3.accordion-text"", ""selectorGuids"": [""571b4f22-06fa-4499-f6d0-cb8f5ffe0c82"", ""571b4f22-06fa-4499-f6d0-cb8f5ffe0c89""]}",,"{""delay"": 0, ""easing"": """", ""duration"": 700, ""target"": {""useEventTarget"": ""CHILDREN"", ""selector"": "".large-paragraph-3.accordion-text"", ""selectorGuids"": [""571b4f22-06fa-4499-f6d0-cb8f5ffe0c82"", ""571b4f22-06fa-4499-f6d0-cb8f5ffe0c89""]}, ""value"": 1, ""unit"": """"}","[{""key"": ""main"", ""min"": 992, ""max"": 10000}, {""key"": ""medium"", ""min"": 768, ""max"": 991}, {""key"": ""small"", ""min"": 480, ""max"": 767}, {""key"": ""tiny"", ""min"": 0, ""max"": 479}]","[""raw/published/resources/03c1fa8b77cf-dentvitalis33.schunk.6ecbf8a934abc739.js""]",,,
derived,e-868,FAQ Accordion Closes,DROPDOWN_CLOSE,"[""/faq""]",a-14-n,0,False,0,,0,400,STYLE_SIZE,CHILDREN,"{""useEventTarget"": ""CHILDREN"", ""selector"": "".accordion-list"", ""selectorGuids"": [""571b4f22-06fa-4499-f6d0-cb8f5ffe0c7d""]}",ease,"{""delay"": 0, ""easing"": ""ease"", ""duration"": 400, ""target"": {""useEventTarget"": ""CHILDREN"", ""selector"": "".accordion-list"", ""selectorGuids"": [""571b4f22-06fa-4499-f6d0-cb8f5ffe0c7d""]}, ""heightValue"": 0, ""widthUnit"": ""PX"", ""heightUnit"": ""px"", ""locked"": false}","[{""key"": ""main"", ""min"": 992, ""max"": 10000}, {""key"": ""medium"", ""min"": 768, ""max"": 991}, {""key"": ""small"", ""min"": 480, ""max"": 767}, {""key"": ""tiny"", ""min"": 0, ""max"": 479}]","[""raw/published/resources/03c1fa8b77cf-dentvitalis33.schunk.6ecbf8a934abc739.js""]",,,
derived,e-868,FAQ Accordion Closes,DROPDOWN_CLOSE,"[""/faq""]",a-14-n-2,0,False,0,,0,500,STYLE_TEXT_COLOR,CHILDREN,"{""useEventTarget"": ""CHILDREN"", ""selector"": "".accordion-title"", ""selectorGuids"": [""571b4f22-06fa-4499-f6d0-cb8f5ffe0c6f""]}",,"{""delay"": 0, ""easing"": """", ""duration"": 500, ""target"": {""useEventTarget"": ""CHILDREN"", ""selector"": "".accordion-title"", ""selectorGuids"": [""571b4f22-06fa-4499-f6d0-cb8f5ffe0c6f""]}, ""globalSwatchId"": ""@var_variable-90781720-7ff3-c909-13c4-45d269bf0a2a"", ""rValue"": 107, ""bValue"": 118, ""gValue"": 112, ""aValue"": 1}","[{""key"": ""main"", ""min"": 992, ""max"": 10000}, {""key"": ""medium"", ""min"": 768, ""max"": 991}, {""key"": ""small"", ""min"": 480, ""max"": 767}, {""key"": ""tiny"", ""min"": 0, ""max"": 479}]","[""raw/published/resources/03c1fa8b77cf-dentvitalis33.schunk.6ecbf8a934abc739.js""]",,,
derived,e-868,FAQ Accordion Closes,DROPDOWN_CLOSE,"[""/faq""]",a-14-n-3,0,False,0,,0,300,TRANSFORM_ROTATE,CHILDREN,"{""useEventTarget"": ""CHILDREN"", ""selector"": "".vertical-line.primary-color"", ""selectorGuids"": [""571b4f22-06fa-4499-f6d0-cb8f5ffe0c7c"", ""571b4f22-06fa-4499-f6d0-cb8f5ffe0c88""]}",,"{""delay"": 0, ""easing"": """", ""duration"": 300, ""target"": {""useEventTarget"": ""CHILDREN"", ""selector"": "".vertical-line.primary-color"", ""selectorGuids"": [""571b4f22-06fa-4499-f6d0-cb8f5ffe0c7c"", ""571b4f22-06fa-4499-f6d0-cb8f5ffe0c88""]}, ""zValue"": 0, ""xUnit"": ""DEG"", ""yUnit"": ""DEG"", ""zUnit"": ""deg""}","[{""key"": ""main"", ""min"": 992, ""max"": 10000}, {""key"": ""medium"", ""min"": 768, ""max"": 991}, {""key"": ""small"", ""min"": 480, ""max"": 767}, {""key"": ""tiny"", ""min"": 0, ""max"": 479}]","[""raw/published/resources/03c1fa8b77cf-dentvitalis33.schunk.6ecbf8a934abc739.js""]",,,
derived,e-868,FAQ Accordion Closes,DROPDOWN_CLOSE,"[""/faq""]",a-14-n-4,0,False,0,,0,0,STYLE_OPACITY,CHILDREN,"{""useEventTarget"": ""CHILDREN"", ""selector"": "".large-paragraph-3.accordion-text"", ""selectorGuids"": [""571b4f22-06fa-4499-f6d0-cb8f5ffe0c82"", ""571b4f22-06fa-4499-f6d0-cb8f5ffe0c89""]}",,"{""delay"": 0, ""easing"": """", ""duration"": 0, ""target"": {""useEventTarget"": ""CHILDREN"", ""selector"": "".large-paragraph-3.accordion-text"", ""selectorGuids"": [""571b4f22-06fa-4499-f6d0-cb8f5ffe0c82"", ""571b4f22-06fa-4499-f6d0-cb8f5ffe0c89""]}, ""value"": 0, ""unit"": """"}","[{""key"": ""main"", ""min"": 992, ""max"": 10000}, {""key"": ""medium"", ""min"": 768, ""max"": 991}, {""key"": ""small"", ""min"": 480, ""max"": 767}, {""key"": ""tiny"", ""min"": 0, ""max"": 479}]","[""raw/published/resources/03c1fa8b77cf-dentvitalis33.schunk.6ecbf8a934abc739.js""]",,,
derived,e-869,FAQ Accordion Opens,DROPDOWN_OPEN,"[""/faq""]",a-13-n,0,True,,,0,500,STYLE_SIZE,CHILDREN,"{""useEventTarget"": ""CHILDREN"", ""selector"": "".accordion-list"", ""selectorGuids"": [""571b4f22-06fa-4499-f6d0-cb8f5ffe0c7d""]}",,"{""delay"": 0, ""easing"": """", ""duration"": 500, ""target"": {""useEventTarget"": ""CHILDREN"", ""selector"": "".accordion-list"", ""selectorGuids"": [""571b4f22-06fa-4499-f6d0-cb8f5ffe0c7d""]}, ""heightValue"": 0, ""widthUnit"": ""PX"", ""heightUnit"": ""px"", ""locked"": false}","[{""key"": ""main"", ""min"": 992, ""max"": 10000}, {""key"": ""medium"", ""min"": 768, ""max"": 991}, {""key"": ""small"", ""min"": 480, ""max"": 767}, {""key"": ""tiny"", ""min"": 0, ""max"": 479}]","[""raw/published/resources/03c1fa8b77cf-dentvitalis33.schunk.6ecbf8a934abc739.js""]",,,
derived,e-869,FAQ Accordion Opens,DROPDOWN_OPEN,"[""/faq""]",a-13-n-2,0,True,,,0,500,STYLE_TEXT_COLOR,CHILDREN,"{""useEventTarget"": ""CHILDREN"", ""selector"": "".accordion-title"", ""selectorGuids"": [""571b4f22-06fa-4499-f6d0-cb8f5ffe0c6f""]}",,"{""delay"": 0, ""easing"": """", ""duration"": 500, ""target"": {""useEventTarget"": ""CHILDREN"", ""selector"": "".accordion-title"", ""selectorGuids"": [""571b4f22-06fa-4499-f6d0-cb8f5ffe0c6f""]}, ""globalSwatchId"": ""@var_variable-90781720-7ff3-c909-13c4-45d269bf0a2a"", ""rValue"": 107, ""bValue"": 118, ""gValue"": 112, ""aValue"": 1}","[{""key"": ""main"", ""min"": 992, ""max"": 10000}, {""key"": ""medium"", ""min"": 768, ""max"": 991}, {""key"": ""small"", ""min"": 480, ""max"": 767}, {""key"": ""tiny"", ""min"": 0, ""max"": 479}]","[""raw/published/resources/03c1fa8b77cf-dentvitalis33.schunk.6ecbf8a934abc739.js""]",,,
derived,e-869,FAQ Accordion Opens,DROPDOWN_OPEN,"[""/faq""]",a-13-n-3,0,True,,,0,500,STYLE_BACKGROUND_COLOR,CHILDREN,"{""useEventTarget"": ""CHILDREN"", ""selector"": "".horizontal-line.primary-color"", ""selectorGuids"": [""571b4f22-06fa-4499-f6d0-cb8f5ffe0c80"", ""571b4f22-06fa-4499-f6d0-cb8f5ffe0c87""]}",,"{""delay"": 0, ""easing"": """", ""duration"": 500, ""target"": {""useEventTarget"": ""CHILDREN"", ""selector"": "".horizontal-line.primary-color"", ""selectorGuids"": [""571b4f22-06fa-4499-f6d0-cb8f5ffe0c80"", ""571b4f22-06fa-4499-f6d0-cb8f5ffe0c87""]}, ""globalSwatchId"": ""@var_variable-90781720-7ff3-c909-13c4-45d269bf0a2a"", ""rValue"": 107, ""bValue"": 118, ""gValue"": 112, ""aValue"": 1}","[{""key"": ""main"", ""min"": 992, ""max"": 10000}, {""key"": ""medium"", ""min"": 768, ""max"": 991}, {""key"": ""small"", ""min"": 480, ""max"": 767}, {""key"": ""tiny"", ""min"": 0, ""max"": 479}]","[""raw/published/resources/03c1fa8b77cf-dentvitalis33.schunk.6ecbf8a934abc739.js""]",,,
derived,e-869,FAQ Accordion Opens,DROPDOWN_OPEN,"[""/faq""]",a-13-n-4,0,True,,,0,500,STYLE_BACKGROUND_COLOR,CHILDREN,"{""useEventTarget"": ""CHILDREN"", ""selector"": "".vertical-line.primary-color"", ""selectorGuids"": [""571b4f22-06fa-4499-f6d0-cb8f5ffe0c7c"", ""571b4f22-06fa-4499-f6d0-cb8f5ffe0c88""]}",,"{""delay"": 0, ""easing"": """", ""duration"": 500, ""target"": {""useEventTarget"": ""CHILDREN"", ""selector"": "".vertical-line.primary-color"", ""selectorGuids"": [""571b4f22-06fa-4499-f6d0-cb8f5ffe0c7c"", ""571b4f22-06fa-4499-f6d0-cb8f5ffe0c88""]}, ""globalSwatchId"": ""@var_variable-90781720-7ff3-c909-13c4-45d269bf0a2a"", ""rValue"": 107, ""bValue"": 118, ""gValue"": 112, ""aValue"": 1}","[{""key"": ""main"", ""min"": 992, ""max"": 10000}, {""key"": ""medium"", ""min"": 768, ""max"": 991}, {""key"": ""small"", ""min"": 480, ""max"": 767}, {""key"": ""tiny"", ""min"": 0, ""max"": 479}]","[""raw/published/resources/03c1fa8b77cf-dentvitalis33.schunk.6ecbf8a934abc739.js""]",,,
derived,e-869,FAQ Accordion Opens,DROPDOWN_OPEN,"[""/faq""]",a-13-n-5,0,True,,,0,500,STYLE_OPACITY,CHILDREN,"{""useEventTarget"": ""CHILDREN"", ""selector"": "".large-paragraph-3.accordion-text"", ""selectorGuids"": [""571b4f22-06fa-4499-f6d0-cb8f5ffe0c82"", ""571b4f22-06fa-4499-f6d0-cb8f5ffe0c89""]}",,"{""delay"": 0, ""easing"": """", ""duration"": 500, ""target"": {""useEventTarget"": ""CHILDREN"", ""selector"": "".large-paragraph-3.accordion-text"", ""selectorGuids"": [""571b4f22-06fa-4499-f6d0-cb8f5ffe0c82"", ""571b4f22-06fa-4499-f6d0-cb8f5ffe0c89""]}, ""value"": 0, ""unit"": """"}","[{""key"": ""main"", ""min"": 992, ""max"": 10000}, {""key"": ""medium"", ""min"": 768, ""max"": 991}, {""key"": ""small"", ""min"": 480, ""max"": 767}, {""key"": ""tiny"", ""min"": 0, ""max"": 479}]","[""raw/published/resources/03c1fa8b77cf-dentvitalis33.schunk.6ecbf8a934abc739.js""]",,,
derived,e-869,FAQ Accordion Opens,DROPDOWN_OPEN,"[""/faq""]",a-13-n-6,1,False,0,,0,400,STYLE_SIZE,CHILDREN,"{""useEventTarget"": ""CHILDREN"", ""selector"": "".accordion-list"", ""selectorGuids"": [""571b4f22-06fa-4499-f6d0-cb8f5ffe0c7d""]}",ease,"{""delay"": 0, ""easing"": ""ease"", ""duration"": 400, ""target"": {""useEventTarget"": ""CHILDREN"", ""selector"": "".accordion-list"", ""selectorGuids"": [""571b4f22-06fa-4499-f6d0-cb8f5ffe0c7d""]}, ""widthUnit"": ""PX"", ""heightUnit"": ""AUTO"", ""locked"": false}","[{""key"": ""main"", ""min"": 992, ""max"": 10000}, {""key"": ""medium"", ""min"": 768, ""max"": 991}, {""key"": ""small"", ""min"": 480, ""max"": 767}, {""key"": ""tiny"", ""min"": 0, ""max"": 479}]","[""raw/published/resources/03c1fa8b77cf-dentvitalis33.schunk.6ecbf8a934abc739.js""]",,,
derived,e-869,FAQ Accordion Opens,DROPDOWN_OPEN,"[""/faq""]",a-13-n-7,1,False,0,,0,300,TRANSFORM_ROTATE,CHILDREN,"{""useEventTarget"": ""CHILDREN"", ""selector"": "".vertical-line.primary-color"", ""selectorGuids"": [""571b4f22-06fa-4499-f6d0-cb8f5ffe0c7c"", ""571b4f22-06fa-4499-f6d0-cb8f5ffe0c88""]}",,"{""delay"": 0, ""easing"": """", ""duration"": 300, ""target"": {""useEventTarget"": ""CHILDREN"", ""selector"": "".vertical-line.primary-color"", ""selectorGuids"": [""571b4f22-06fa-4499-f6d0-cb8f5ffe0c7c"", ""571b4f22-06fa-4499-f6d0-cb8f5ffe0c88""]}, ""yValue"": null, ""zValue"": -90, ""xUnit"": ""DEG"", ""yUnit"": ""deg"", ""zUnit"": ""deg""}","[{""key"": ""main"", ""min"": 992, ""max"": 10000}, {""key"": ""medium"", ""min"": 768, ""max"": 991}, {""key"": ""small"", ""min"": 480, ""max"": 767}, {""key"": ""tiny"", ""min"": 0, ""max"": 479}]","[""raw/published/resources/03c1fa8b77cf-dentvitalis33.schunk.6ecbf8a934abc739.js""]",,,
derived,e-869,FAQ Accordion Opens,DROPDOWN_OPEN,"[""/faq""]",a-13-n-8,1,False,0,,0,500,STYLE_TEXT_COLOR,CHILDREN,"{""useEventTarget"": ""CHILDREN"", ""selector"": "".accordion-title"", ""selectorGuids"": [""571b4f22-06fa-4499-f6d0-cb8f5ffe0c6f""]}",,"{""delay"": 0, ""easing"": """", ""duration"": 500, ""target"": {""useEventTarget"": ""CHILDREN"", ""selector"": "".accordion-title"", ""selectorGuids"": [""571b4f22-06fa-4499-f6d0-cb8f5ffe0c6f""]}, ""globalSwatchId"": ""@var_variable-c30fbafd-c704-5f1e-e20f-7ceadfde5500"", ""rValue"": 0, ""bValue"": 0, ""gValue"": 0, ""aValue"": 1}","[{""key"": ""main"", ""min"": 992, ""max"": 10000}, {""key"": ""medium"", ""min"": 768, ""max"": 991}, {""key"": ""small"", ""min"": 480, ""max"": 767}, {""key"": ""tiny"", ""min"": 0, ""max"": 479}]","[""raw/published/resources/03c1fa8b77cf-dentvitalis33.schunk.6ecbf8a934abc739.js""]",,,
derived,e-869,FAQ Accordion Opens,DROPDOWN_OPEN,"[""/faq""]",a-13-n-9,1,False,0,,0,700,STYLE_OPACITY,CHILDREN,"{""useEventTarget"": ""CHILDREN"", ""selector"": "".large-paragraph-3.accordion-text"", ""selectorGuids"": [""571b4f22-06fa-4499-f6d0-cb8f5ffe0c82"", ""571b4f22-06fa-4499-f6d0-cb8f5ffe0c89""]}",,"{""delay"": 0, ""easing"": """", ""duration"": 700, ""target"": {""useEventTarget"": ""CHILDREN"", ""selector"": "".large-paragraph-3.accordion-text"", ""selectorGuids"": [""571b4f22-06fa-4499-f6d0-cb8f5ffe0c82"", ""571b4f22-06fa-4499-f6d0-cb8f5ffe0c89""]}, ""value"": 1, ""unit"": """"}","[{""key"": ""main"", ""min"": 992, ""max"": 10000}, {""key"": ""medium"", ""min"": 768, ""max"": 991}, {""key"": ""small"", ""min"": 480, ""max"": 767}, {""key"": ""tiny"", ""min"": 0, ""max"": 479}]","[""raw/published/resources/03c1fa8b77cf-dentvitalis33.schunk.6ecbf8a934abc739.js""]",,,
derived,e-870,FAQ Accordion Closes,DROPDOWN_CLOSE,"[""/faq""]",a-14-n,0,False,0,,0,400,STYLE_SIZE,CHILDREN,"{""useEventTarget"": ""CHILDREN"", ""selector"": "".accordion-list"", ""selectorGuids"": [""571b4f22-06fa-4499-f6d0-cb8f5ffe0c7d""]}",ease,"{""delay"": 0, ""easing"": ""ease"", ""duration"": 400, ""target"": {""useEventTarget"": ""CHILDREN"", ""selector"": "".accordion-list"", ""selectorGuids"": [""571b4f22-06fa-4499-f6d0-cb8f5ffe0c7d""]}, ""heightValue"": 0, ""widthUnit"": ""PX"", ""heightUnit"": ""px"", ""locked"": false}","[{""key"": ""main"", ""min"": 992, ""max"": 10000}, {""key"": ""medium"", ""min"": 768, ""max"": 991}, {""key"": ""small"", ""min"": 480, ""max"": 767}, {""key"": ""tiny"", ""min"": 0, ""max"": 479}]","[""raw/published/resources/03c1fa8b77cf-dentvitalis33.schunk.6ecbf8a934abc739.js""]",,,
derived,e-870,FAQ Accordion Closes,DROPDOWN_CLOSE,"[""/faq""]",a-14-n-2,0,False,0,,0,500,STYLE_TEXT_COLOR,CHILDREN,"{""useEventTarget"": ""CHILDREN"", ""selector"": "".accordion-title"", ""selectorGuids"": [""571b4f22-06fa-4499-f6d0-cb8f5ffe0c6f""]}",,"{""delay"": 0, ""easing"": """", ""duration"": 500, ""target"": {""useEventTarget"": ""CHILDREN"", ""selector"": "".accordion-title"", ""selectorGuids"": [""571b4f22-06fa-4499-f6d0-cb8f5ffe0c6f""]}, ""globalSwatchId"": ""@var_variable-90781720-7ff3-c909-13c4-45d269bf0a2a"", ""rValue"": 107, ""bValue"": 118, ""gValue"": 112, ""aValue"": 1}","[{""key"": ""main"", ""min"": 992, ""max"": 10000}, {""key"": ""medium"", ""min"": 768, ""max"": 991}, {""key"": ""small"", ""min"": 480, ""max"": 767}, {""key"": ""tiny"", ""min"": 0, ""max"": 479}]","[""raw/published/resources/03c1fa8b77cf-dentvitalis33.schunk.6ecbf8a934abc739.js""]",,,
derived,e-870,FAQ Accordion Closes,DROPDOWN_CLOSE,"[""/faq""]",a-14-n-3,0,False,0,,0,300,TRANSFORM_ROTATE,CHILDREN,"{""useEventTarget"": ""CHILDREN"", ""selector"": "".vertical-line.primary-color"", ""selectorGuids"": [""571b4f22-06fa-4499-f6d0-cb8f5ffe0c7c"", ""571b4f22-06fa-4499-f6d0-cb8f5ffe0c88""]}",,"{""delay"": 0, ""easing"": """", ""duration"": 300, ""target"": {""useEventTarget"": ""CHILDREN"", ""selector"": "".vertical-line.primary-color"", ""selectorGuids"": [""571b4f22-06fa-4499-f6d0-cb8f5ffe0c7c"", ""571b4f22-06fa-4499-f6d0-cb8f5ffe0c88""]}, ""zValue"": 0, ""xUnit"": ""DEG"", ""yUnit"": ""DEG"", ""zUnit"": ""deg""}","[{""key"": ""main"", ""min"": 992, ""max"": 10000}, {""key"": ""medium"", ""min"": 768, ""max"": 991}, {""key"": ""small"", ""min"": 480, ""max"": 767}, {""key"": ""tiny"", ""min"": 0, ""max"": 479}]","[""raw/published/resources/03c1fa8b77cf-dentvitalis33.schunk.6ecbf8a934abc739.js""]",,,
derived,e-870,FAQ Accordion Closes,DROPDOWN_CLOSE,"[""/faq""]",a-14-n-4,0,False,0,,0,0,STYLE_OPACITY,CHILDREN,"{""useEventTarget"": ""CHILDREN"", ""selector"": "".large-paragraph-3.accordion-text"", ""selectorGuids"": [""571b4f22-06fa-4499-f6d0-cb8f5ffe0c82"", ""571b4f22-06fa-4499-f6d0-cb8f5ffe0c89""]}",,"{""delay"": 0, ""easing"": """", ""duration"": 0, ""target"": {""useEventTarget"": ""CHILDREN"", ""selector"": "".large-paragraph-3.accordion-text"", ""selectorGuids"": [""571b4f22-06fa-4499-f6d0-cb8f5ffe0c82"", ""571b4f22-06fa-4499-f6d0-cb8f5ffe0c89""]}, ""value"": 0, ""unit"": """"}","[{""key"": ""main"", ""min"": 992, ""max"": 10000}, {""key"": ""medium"", ""min"": 768, ""max"": 991}, {""key"": ""small"", ""min"": 480, ""max"": 767}, {""key"": ""tiny"", ""min"": 0, ""max"": 479}]","[""raw/published/resources/03c1fa8b77cf-dentvitalis33.schunk.6ecbf8a934abc739.js""]",,,
derived,e-871,FAQ Accordion Opens,DROPDOWN_OPEN,"[""/faq""]",a-13-n,0,True,,,0,500,STYLE_SIZE,CHILDREN,"{""useEventTarget"": ""CHILDREN"", ""selector"": "".accordion-list"", ""selectorGuids"": [""571b4f22-06fa-4499-f6d0-cb8f5ffe0c7d""]}",,"{""delay"": 0, ""easing"": """", ""duration"": 500, ""target"": {""useEventTarget"": ""CHILDREN"", ""selector"": "".accordion-list"", ""selectorGuids"": [""571b4f22-06fa-4499-f6d0-cb8f5ffe0c7d""]}, ""heightValue"": 0, ""widthUnit"": ""PX"", ""heightUnit"": ""px"", ""locked"": false}","[{""key"": ""main"", ""min"": 992, ""max"": 10000}, {""key"": ""medium"", ""min"": 768, ""max"": 991}, {""key"": ""small"", ""min"": 480, ""max"": 767}, {""key"": ""tiny"", ""min"": 0, ""max"": 479}]","[""raw/published/resources/03c1fa8b77cf-dentvitalis33.schunk.6ecbf8a934abc739.js""]",,,
derived,e-871,FAQ Accordion Opens,DROPDOWN_OPEN,"[""/faq""]",a-13-n-2,0,True,,,0,500,STYLE_TEXT_COLOR,CHILDREN,"{""useEventTarget"": ""CHILDREN"", ""selector"": "".accordion-title"", ""selectorGuids"": [""571b4f22-06fa-4499-f6d0-cb8f5ffe0c6f""]}",,"{""delay"": 0, ""easing"": """", ""duration"": 500, ""target"": {""useEventTarget"": ""CHILDREN"", ""selector"": "".accordion-title"", ""selectorGuids"": [""571b4f22-06fa-4499-f6d0-cb8f5ffe0c6f""]}, ""globalSwatchId"": ""@var_variable-90781720-7ff3-c909-13c4-45d269bf0a2a"", ""rValue"": 107, ""bValue"": 118, ""gValue"": 112, ""aValue"": 1}","[{""key"": ""main"", ""min"": 992, ""max"": 10000}, {""key"": ""medium"", ""min"": 768, ""max"": 991}, {""key"": ""small"", ""min"": 480, ""max"": 767}, {""key"": ""tiny"", ""min"": 0, ""max"": 479}]","[""raw/published/resources/03c1fa8b77cf-dentvitalis33.schunk.6ecbf8a934abc739.js""]",,,
derived,e-871,FAQ Accordion Opens,DROPDOWN_OPEN,"[""/faq""]",a-13-n-3,0,True,,,0,500,STYLE_BACKGROUND_COLOR,CHILDREN,"{""useEventTarget"": ""CHILDREN"", ""selector"": "".horizontal-line.primary-color"", ""selectorGuids"": [""571b4f22-06fa-4499-f6d0-cb8f5ffe0c80"", ""571b4f22-06fa-4499-f6d0-cb8f5ffe0c87""]}",,"{""delay"": 0, ""easing"": """", ""duration"": 500, ""target"": {""useEventTarget"": ""CHILDREN"", ""selector"": "".horizontal-line.primary-color"", ""selectorGuids"": [""571b4f22-06fa-4499-f6d0-cb8f5ffe0c80"", ""571b4f22-06fa-4499-f6d0-cb8f5ffe0c87""]}, ""globalSwatchId"": ""@var_variable-90781720-7ff3-c909-13c4-45d269bf0a2a"", ""rValue"": 107, ""bValue"": 118, ""gValue"": 112, ""aValue"": 1}","[{""key"": ""main"", ""min"": 992, ""max"": 10000}, {""key"": ""medium"", ""min"": 768, ""max"": 991}, {""key"": ""small"", ""min"": 480, ""max"": 767}, {""key"": ""tiny"", ""min"": 0, ""max"": 479}]","[""raw/published/resources/03c1fa8b77cf-dentvitalis33.schunk.6ecbf8a934abc739.js""]",,,
derived,e-871,FAQ Accordion Opens,DROPDOWN_OPEN,"[""/faq""]",a-13-n-4,0,True,,,0,500,STYLE_BACKGROUND_COLOR,CHILDREN,"{""useEventTarget"": ""CHILDREN"", ""selector"": "".vertical-line.primary-color"", ""selectorGuids"": [""571b4f22-06fa-4499-f6d0-cb8f5ffe0c7c"", ""571b4f22-06fa-4499-f6d0-cb8f5ffe0c88""]}",,"{""delay"": 0, ""easing"": """", ""duration"": 500, ""target"": {""useEventTarget"": ""CHILDREN"", ""selector"": "".vertical-line.primary-color"", ""selectorGuids"": [""571b4f22-06fa-4499-f6d0-cb8f5ffe0c7c"", ""571b4f22-06fa-4499-f6d0-cb8f5ffe0c88""]}, ""globalSwatchId"": ""@var_variable-90781720-7ff3-c909-13c4-45d269bf0a2a"", ""rValue"": 107, ""bValue"": 118, ""gValue"": 112, ""aValue"": 1}","[{""key"": ""main"", ""min"": 992, ""max"": 10000}, {""key"": ""medium"", ""min"": 768, ""max"": 991}, {""key"": ""small"", ""min"": 480, ""max"": 767}, {""key"": ""tiny"", ""min"": 0, ""max"": 479}]","[""raw/published/resources/03c1fa8b77cf-dentvitalis33.schunk.6ecbf8a934abc739.js""]",,,
derived,e-871,FAQ Accordion Opens,DROPDOWN_OPEN,"[""/faq""]",a-13-n-5,0,True,,,0,500,STYLE_OPACITY,CHILDREN,"{""useEventTarget"": ""CHILDREN"", ""selector"": "".large-paragraph-3.accordion-text"", ""selectorGuids"": [""571b4f22-06fa-4499-f6d0-cb8f5ffe0c82"", ""571b4f22-06fa-4499-f6d0-cb8f5ffe0c89""]}",,"{""delay"": 0, ""easing"": """", ""duration"": 500, ""target"": {""useEventTarget"": ""CHILDREN"", ""selector"": "".large-paragraph-3.accordion-text"", ""selectorGuids"": [""571b4f22-06fa-4499-f6d0-cb8f5ffe0c82"", ""571b4f22-06fa-4499-f6d0-cb8f5ffe0c89""]}, ""value"": 0, ""unit"": """"}","[{""key"": ""main"", ""min"": 992, ""max"": 10000}, {""key"": ""medium"", ""min"": 768, ""max"": 991}, {""key"": ""small"", ""min"": 480, ""max"": 767}, {""key"": ""tiny"", ""min"": 0, ""max"": 479}]","[""raw/published/resources/03c1fa8b77cf-dentvitalis33.schunk.6ecbf8a934abc739.js""]",,,
derived,e-871,FAQ Accordion Opens,DROPDOWN_OPEN,"[""/faq""]",a-13-n-6,1,False,0,,0,400,STYLE_SIZE,CHILDREN,"{""useEventTarget"": ""CHILDREN"", ""selector"": "".accordion-list"", ""selectorGuids"": [""571b4f22-06fa-4499-f6d0-cb8f5ffe0c7d""]}",ease,"{""delay"": 0, ""easing"": ""ease"", ""duration"": 400, ""target"": {""useEventTarget"": ""CHILDREN"", ""selector"": "".accordion-list"", ""selectorGuids"": [""571b4f22-06fa-4499-f6d0-cb8f5ffe0c7d""]}, ""widthUnit"": ""PX"", ""heightUnit"": ""AUTO"", ""locked"": false}","[{""key"": ""main"", ""min"": 992, ""max"": 10000}, {""key"": ""medium"", ""min"": 768, ""max"": 991}, {""key"": ""small"", ""min"": 480, ""max"": 767}, {""key"": ""tiny"", ""min"": 0, ""max"": 479}]","[""raw/published/resources/03c1fa8b77cf-dentvitalis33.schunk.6ecbf8a934abc739.js""]",,,
derived,e-871,FAQ Accordion Opens,DROPDOWN_OPEN,"[""/faq""]",a-13-n-7,1,False,0,,0,300,TRANSFORM_ROTATE,CHILDREN,"{""useEventTarget"": ""CHILDREN"", ""selector"": "".vertical-line.primary-color"", ""selectorGuids"": [""571b4f22-06fa-4499-f6d0-cb8f5ffe0c7c"", ""571b4f22-06fa-4499-f6d0-cb8f5ffe0c88""]}",,"{""delay"": 0, ""easing"": """", ""duration"": 300, ""target"": {""useEventTarget"": ""CHILDREN"", ""selector"": "".vertical-line.primary-color"", ""selectorGuids"": [""571b4f22-06fa-4499-f6d0-cb8f5ffe0c7c"", ""571b4f22-06fa-4499-f6d0-cb8f5ffe0c88""]}, ""yValue"": null, ""zValue"": -90, ""xUnit"": ""DEG"", ""yUnit"": ""deg"", ""zUnit"": ""deg""}","[{""key"": ""main"", ""min"": 992, ""max"": 10000}, {""key"": ""medium"", ""min"": 768, ""max"": 991}, {""key"": ""small"", ""min"": 480, ""max"": 767}, {""key"": ""tiny"", ""min"": 0, ""max"": 479}]","[""raw/published/resources/03c1fa8b77cf-dentvitalis33.schunk.6ecbf8a934abc739.js""]",,,
derived,e-871,FAQ Accordion Opens,DROPDOWN_OPEN,"[""/faq""]",a-13-n-8,1,False,0,,0,500,STYLE_TEXT_COLOR,CHILDREN,"{""useEventTarget"": ""CHILDREN"", ""selector"": "".accordion-title"", ""selectorGuids"": [""571b4f22-06fa-4499-f6d0-cb8f5ffe0c6f""]}",,"{""delay"": 0, ""easing"": """", ""duration"": 500, ""target"": {""useEventTarget"": ""CHILDREN"", ""selector"": "".accordion-title"", ""selectorGuids"": [""571b4f22-06fa-4499-f6d0-cb8f5ffe0c6f""]}, ""globalSwatchId"": ""@var_variable-c30fbafd-c704-5f1e-e20f-7ceadfde5500"", ""rValue"": 0, ""bValue"": 0, ""gValue"": 0, ""aValue"": 1}","[{""key"": ""main"", ""min"": 992, ""max"": 10000}, {""key"": ""medium"", ""min"": 768, ""max"": 991}, {""key"": ""small"", ""min"": 480, ""max"": 767}, {""key"": ""tiny"", ""min"": 0, ""max"": 479}]","[""raw/published/resources/03c1fa8b77cf-dentvitalis33.schunk.6ecbf8a934abc739.js""]",,,
derived,e-871,FAQ Accordion Opens,DROPDOWN_OPEN,"[""/faq""]",a-13-n-9,1,False,0,,0,700,STYLE_OPACITY,CHILDREN,"{""useEventTarget"": ""CHILDREN"", ""selector"": "".large-paragraph-3.accordion-text"", ""selectorGuids"": [""571b4f22-06fa-4499-f6d0-cb8f5ffe0c82"", ""571b4f22-06fa-4499-f6d0-cb8f5ffe0c89""]}",,"{""delay"": 0, ""easing"": """", ""duration"": 700, ""target"": {""useEventTarget"": ""CHILDREN"", ""selector"": "".large-paragraph-3.accordion-text"", ""selectorGuids"": [""571b4f22-06fa-4499-f6d0-cb8f5ffe0c82"", ""571b4f22-06fa-4499-f6d0-cb8f5ffe0c89""]}, ""value"": 1, ""unit"": """"}","[{""key"": ""main"", ""min"": 992, ""max"": 10000}, {""key"": ""medium"", ""min"": 768, ""max"": 991}, {""key"": ""small"", ""min"": 480, ""max"": 767}, {""key"": ""tiny"", ""min"": 0, ""max"": 479}]","[""raw/published/resources/03c1fa8b77cf-dentvitalis33.schunk.6ecbf8a934abc739.js""]",,,
derived,e-872,FAQ Accordion Closes,DROPDOWN_CLOSE,"[""/faq""]",a-14-n,0,False,0,,0,400,STYLE_SIZE,CHILDREN,"{""useEventTarget"": ""CHILDREN"", ""selector"": "".accordion-list"", ""selectorGuids"": [""571b4f22-06fa-4499-f6d0-cb8f5ffe0c7d""]}",ease,"{""delay"": 0, ""easing"": ""ease"", ""duration"": 400, ""target"": {""useEventTarget"": ""CHILDREN"", ""selector"": "".accordion-list"", ""selectorGuids"": [""571b4f22-06fa-4499-f6d0-cb8f5ffe0c7d""]}, ""heightValue"": 0, ""widthUnit"": ""PX"", ""heightUnit"": ""px"", ""locked"": false}","[{""key"": ""main"", ""min"": 992, ""max"": 10000}, {""key"": ""medium"", ""min"": 768, ""max"": 991}, {""key"": ""small"", ""min"": 480, ""max"": 767}, {""key"": ""tiny"", ""min"": 0, ""max"": 479}]","[""raw/published/resources/03c1fa8b77cf-dentvitalis33.schunk.6ecbf8a934abc739.js""]",,,
derived,e-872,FAQ Accordion Closes,DROPDOWN_CLOSE,"[""/faq""]",a-14-n-2,0,False,0,,0,500,STYLE_TEXT_COLOR,CHILDREN,"{""useEventTarget"": ""CHILDREN"", ""selector"": "".accordion-title"", ""selectorGuids"": [""571b4f22-06fa-4499-f6d0-cb8f5ffe0c6f""]}",,"{""delay"": 0, ""easing"": """", ""duration"": 500, ""target"": {""useEventTarget"": ""CHILDREN"", ""selector"": "".accordion-title"", ""selectorGuids"": [""571b4f22-06fa-4499-f6d0-cb8f5ffe0c6f""]}, ""globalSwatchId"": ""@var_variable-90781720-7ff3-c909-13c4-45d269bf0a2a"", ""rValue"": 107, ""bValue"": 118, ""gValue"": 112, ""aValue"": 1}","[{""key"": ""main"", ""min"": 992, ""max"": 10000}, {""key"": ""medium"", ""min"": 768, ""max"": 991}, {""key"": ""small"", ""min"": 480, ""max"": 767}, {""key"": ""tiny"", ""min"": 0, ""max"": 479}]","[""raw/published/resources/03c1fa8b77cf-dentvitalis33.schunk.6ecbf8a934abc739.js""]",,,
derived,e-872,FAQ Accordion Closes,DROPDOWN_CLOSE,"[""/faq""]",a-14-n-3,0,False,0,,0,300,TRANSFORM_ROTATE,CHILDREN,"{""useEventTarget"": ""CHILDREN"", ""selector"": "".vertical-line.primary-color"", ""selectorGuids"": [""571b4f22-06fa-4499-f6d0-cb8f5ffe0c7c"", ""571b4f22-06fa-4499-f6d0-cb8f5ffe0c88""]}",,"{""delay"": 0, ""easing"": """", ""duration"": 300, ""target"": {""useEventTarget"": ""CHILDREN"", ""selector"": "".vertical-line.primary-color"", ""selectorGuids"": [""571b4f22-06fa-4499-f6d0-cb8f5ffe0c7c"", ""571b4f22-06fa-4499-f6d0-cb8f5ffe0c88""]}, ""zValue"": 0, ""xUnit"": ""DEG"", ""yUnit"": ""DEG"", ""zUnit"": ""deg""}","[{""key"": ""main"", ""min"": 992, ""max"": 10000}, {""key"": ""medium"", ""min"": 768, ""max"": 991}, {""key"": ""small"", ""min"": 480, ""max"": 767}, {""key"": ""tiny"", ""min"": 0, ""max"": 479}]","[""raw/published/resources/03c1fa8b77cf-dentvitalis33.schunk.6ecbf8a934abc739.js""]",,,
derived,e-872,FAQ Accordion Closes,DROPDOWN_CLOSE,"[""/faq""]",a-14-n-4,0,False,0,,0,0,STYLE_OPACITY,CHILDREN,"{""useEventTarget"": ""CHILDREN"", ""selector"": "".large-paragraph-3.accordion-text"", ""selectorGuids"": [""571b4f22-06fa-4499-f6d0-cb8f5ffe0c82"", ""571b4f22-06fa-4499-f6d0-cb8f5ffe0c89""]}",,"{""delay"": 0, ""easing"": """", ""duration"": 0, ""target"": {""useEventTarget"": ""CHILDREN"", ""selector"": "".large-paragraph-3.accordion-text"", ""selectorGuids"": [""571b4f22-06fa-4499-f6d0-cb8f5ffe0c82"", ""571b4f22-06fa-4499-f6d0-cb8f5ffe0c89""]}, ""value"": 0, ""unit"": """"}","[{""key"": ""main"", ""min"": 992, ""max"": 10000}, {""key"": ""medium"", ""min"": 768, ""max"": 991}, {""key"": ""small"", ""min"": 480, ""max"": 767}, {""key"": ""tiny"", ""min"": 0, ""max"": 479}]","[""raw/published/resources/03c1fa8b77cf-dentvitalis33.schunk.6ecbf8a934abc739.js""]",,,
derived,e-873,FAQ Accordion Opens,DROPDOWN_OPEN,"[""/faq""]",a-13-n,0,True,,,0,500,STYLE_SIZE,CHILDREN,"{""useEventTarget"": ""CHILDREN"", ""selector"": "".accordion-list"", ""selectorGuids"": [""571b4f22-06fa-4499-f6d0-cb8f5ffe0c7d""]}",,"{""delay"": 0, ""easing"": """", ""duration"": 500, ""target"": {""useEventTarget"": ""CHILDREN"", ""selector"": "".accordion-list"", ""selectorGuids"": [""571b4f22-06fa-4499-f6d0-cb8f5ffe0c7d""]}, ""heightValue"": 0, ""widthUnit"": ""PX"", ""heightUnit"": ""px"", ""locked"": false}","[{""key"": ""main"", ""min"": 992, ""max"": 10000}, {""key"": ""medium"", ""min"": 768, ""max"": 991}, {""key"": ""small"", ""min"": 480, ""max"": 767}, {""key"": ""tiny"", ""min"": 0, ""max"": 479}]","[""raw/published/resources/03c1fa8b77cf-dentvitalis33.schunk.6ecbf8a934abc739.js""]",,,
derived,e-873,FAQ Accordion Opens,DROPDOWN_OPEN,"[""/faq""]",a-13-n-2,0,True,,,0,500,STYLE_TEXT_COLOR,CHILDREN,"{""useEventTarget"": ""CHILDREN"", ""selector"": "".accordion-title"", ""selectorGuids"": [""571b4f22-06fa-4499-f6d0-cb8f5ffe0c6f""]}",,"{""delay"": 0, ""easing"": """", ""duration"": 500, ""target"": {""useEventTarget"": ""CHILDREN"", ""selector"": "".accordion-title"", ""selectorGuids"": [""571b4f22-06fa-4499-f6d0-cb8f5ffe0c6f""]}, ""globalSwatchId"": ""@var_variable-90781720-7ff3-c909-13c4-45d269bf0a2a"", ""rValue"": 107, ""bValue"": 118, ""gValue"": 112, ""aValue"": 1}","[{""key"": ""main"", ""min"": 992, ""max"": 10000}, {""key"": ""medium"", ""min"": 768, ""max"": 991}, {""key"": ""small"", ""min"": 480, ""max"": 767}, {""key"": ""tiny"", ""min"": 0, ""max"": 479}]","[""raw/published/resources/03c1fa8b77cf-dentvitalis33.schunk.6ecbf8a934abc739.js""]",,,
derived,e-873,FAQ Accordion Opens,DROPDOWN_OPEN,"[""/faq""]",a-13-n-3,0,True,,,0,500,STYLE_BACKGROUND_COLOR,CHILDREN,"{""useEventTarget"": ""CHILDREN"", ""selector"": "".horizontal-line.primary-color"", ""selectorGuids"": [""571b4f22-06fa-4499-f6d0-cb8f5ffe0c80"", ""571b4f22-06fa-4499-f6d0-cb8f5ffe0c87""]}",,"{""delay"": 0, ""easing"": """", ""duration"": 500, ""target"": {""useEventTarget"": ""CHILDREN"", ""selector"": "".horizontal-line.primary-color"", ""selectorGuids"": [""571b4f22-06fa-4499-f6d0-cb8f5ffe0c80"", ""571b4f22-06fa-4499-f6d0-cb8f5ffe0c87""]}, ""globalSwatchId"": ""@var_variable-90781720-7ff3-c909-13c4-45d269bf0a2a"", ""rValue"": 107, ""bValue"": 118, ""gValue"": 112, ""aValue"": 1}","[{""key"": ""main"", ""min"": 992, ""max"": 10000}, {""key"": ""medium"", ""min"": 768, ""max"": 991}, {""key"": ""small"", ""min"": 480, ""max"": 767}, {""key"": ""tiny"", ""min"": 0, ""max"": 479}]","[""raw/published/resources/03c1fa8b77cf-dentvitalis33.schunk.6ecbf8a934abc739.js""]",,,
derived,e-873,FAQ Accordion Opens,DROPDOWN_OPEN,"[""/faq""]",a-13-n-4,0,True,,,0,500,STYLE_BACKGROUND_COLOR,CHILDREN,"{""useEventTarget"": ""CHILDREN"", ""selector"": "".vertical-line.primary-color"", ""selectorGuids"": [""571b4f22-06fa-4499-f6d0-cb8f5ffe0c7c"", ""571b4f22-06fa-4499-f6d0-cb8f5ffe0c88""]}",,"{""delay"": 0, ""easing"": """", ""duration"": 500, ""target"": {""useEventTarget"": ""CHILDREN"", ""selector"": "".vertical-line.primary-color"", ""selectorGuids"": [""571b4f22-06fa-4499-f6d0-cb8f5ffe0c7c"", ""571b4f22-06fa-4499-f6d0-cb8f5ffe0c88""]}, ""globalSwatchId"": ""@var_variable-90781720-7ff3-c909-13c4-45d269bf0a2a"", ""rValue"": 107, ""bValue"": 118, ""gValue"": 112, ""aValue"": 1}","[{""key"": ""main"", ""min"": 992, ""max"": 10000}, {""key"": ""medium"", ""min"": 768, ""max"": 991}, {""key"": ""small"", ""min"": 480, ""max"": 767}, {""key"": ""tiny"", ""min"": 0, ""max"": 479}]","[""raw/published/resources/03c1fa8b77cf-dentvitalis33.schunk.6ecbf8a934abc739.js""]",,,
derived,e-873,FAQ Accordion Opens,DROPDOWN_OPEN,"[""/faq""]",a-13-n-5,0,True,,,0,500,STYLE_OPACITY,CHILDREN,"{""useEventTarget"": ""CHILDREN"", ""selector"": "".large-paragraph-3.accordion-text"", ""selectorGuids"": [""571b4f22-06fa-4499-f6d0-cb8f5ffe0c82"", ""571b4f22-06fa-4499-f6d0-cb8f5ffe0c89""]}",,"{""delay"": 0, ""easing"": """", ""duration"": 500, ""target"": {""useEventTarget"": ""CHILDREN"", ""selector"": "".large-paragraph-3.accordion-text"", ""selectorGuids"": [""571b4f22-06fa-4499-f6d0-cb8f5ffe0c82"", ""571b4f22-06fa-4499-f6d0-cb8f5ffe0c89""]}, ""value"": 0, ""unit"": """"}","[{""key"": ""main"", ""min"": 992, ""max"": 10000}, {""key"": ""medium"", ""min"": 768, ""max"": 991}, {""key"": ""small"", ""min"": 480, ""max"": 767}, {""key"": ""tiny"", ""min"": 0, ""max"": 479}]","[""raw/published/resources/03c1fa8b77cf-dentvitalis33.schunk.6ecbf8a934abc739.js""]",,,
derived,e-873,FAQ Accordion Opens,DROPDOWN_OPEN,"[""/faq""]",a-13-n-6,1,False,0,,0,400,STYLE_SIZE,CHILDREN,"{""useEventTarget"": ""CHILDREN"", ""selector"": "".accordion-list"", ""selectorGuids"": [""571b4f22-06fa-4499-f6d0-cb8f5ffe0c7d""]}",ease,"{""delay"": 0, ""easing"": ""ease"", ""duration"": 400, ""target"": {""useEventTarget"": ""CHILDREN"", ""selector"": "".accordion-list"", ""selectorGuids"": [""571b4f22-06fa-4499-f6d0-cb8f5ffe0c7d""]}, ""widthUnit"": ""PX"", ""heightUnit"": ""AUTO"", ""locked"": false}","[{""key"": ""main"", ""min"": 992, ""max"": 10000}, {""key"": ""medium"", ""min"": 768, ""max"": 991}, {""key"": ""small"", ""min"": 480, ""max"": 767}, {""key"": ""tiny"", ""min"": 0, ""max"": 479}]","[""raw/published/resources/03c1fa8b77cf-dentvitalis33.schunk.6ecbf8a934abc739.js""]",,,
derived,e-873,FAQ Accordion Opens,DROPDOWN_OPEN,"[""/faq""]",a-13-n-7,1,False,0,,0,300,TRANSFORM_ROTATE,CHILDREN,"{""useEventTarget"": ""CHILDREN"", ""selector"": "".vertical-line.primary-color"", ""selectorGuids"": [""571b4f22-06fa-4499-f6d0-cb8f5ffe0c7c"", ""571b4f22-06fa-4499-f6d0-cb8f5ffe0c88""]}",,"{""delay"": 0, ""easing"": """", ""duration"": 300, ""target"": {""useEventTarget"": ""CHILDREN"", ""selector"": "".vertical-line.primary-color"", ""selectorGuids"": [""571b4f22-06fa-4499-f6d0-cb8f5ffe0c7c"", ""571b4f22-06fa-4499-f6d0-cb8f5ffe0c88""]}, ""yValue"": null, ""zValue"": -90, ""xUnit"": ""DEG"", ""yUnit"": ""deg"", ""zUnit"": ""deg""}","[{""key"": ""main"", ""min"": 992, ""max"": 10000}, {""key"": ""medium"", ""min"": 768, ""max"": 991}, {""key"": ""small"", ""min"": 480, ""max"": 767}, {""key"": ""tiny"", ""min"": 0, ""max"": 479}]","[""raw/published/resources/03c1fa8b77cf-dentvitalis33.schunk.6ecbf8a934abc739.js""]",,,
derived,e-873,FAQ Accordion Opens,DROPDOWN_OPEN,"[""/faq""]",a-13-n-8,1,False,0,,0,500,STYLE_TEXT_COLOR,CHILDREN,"{""useEventTarget"": ""CHILDREN"", ""selector"": "".accordion-title"", ""selectorGuids"": [""571b4f22-06fa-4499-f6d0-cb8f5ffe0c6f""]}",,"{""delay"": 0, ""easing"": """", ""duration"": 500, ""target"": {""useEventTarget"": ""CHILDREN"", ""selector"": "".accordion-title"", ""selectorGuids"": [""571b4f22-06fa-4499-f6d0-cb8f5ffe0c6f""]}, ""globalSwatchId"": ""@var_variable-c30fbafd-c704-5f1e-e20f-7ceadfde5500"", ""rValue"": 0, ""bValue"": 0, ""gValue"": 0, ""aValue"": 1}","[{""key"": ""main"", ""min"": 992, ""max"": 10000}, {""key"": ""medium"", ""min"": 768, ""max"": 991}, {""key"": ""small"", ""min"": 480, ""max"": 767}, {""key"": ""tiny"", ""min"": 0, ""max"": 479}]","[""raw/published/resources/03c1fa8b77cf-dentvitalis33.schunk.6ecbf8a934abc739.js""]",,,
derived,e-873,FAQ Accordion Opens,DROPDOWN_OPEN,"[""/faq""]",a-13-n-9,1,False,0,,0,700,STYLE_OPACITY,CHILDREN,"{""useEventTarget"": ""CHILDREN"", ""selector"": "".large-paragraph-3.accordion-text"", ""selectorGuids"": [""571b4f22-06fa-4499-f6d0-cb8f5ffe0c82"", ""571b4f22-06fa-4499-f6d0-cb8f5ffe0c89""]}",,"{""delay"": 0, ""easing"": """", ""duration"": 700, ""target"": {""useEventTarget"": ""CHILDREN"", ""selector"": "".large-paragraph-3.accordion-text"", ""selectorGuids"": [""571b4f22-06fa-4499-f6d0-cb8f5ffe0c82"", ""571b4f22-06fa-4499-f6d0-cb8f5ffe0c89""]}, ""value"": 1, ""unit"": """"}","[{""key"": ""main"", ""min"": 992, ""max"": 10000}, {""key"": ""medium"", ""min"": 768, ""max"": 991}, {""key"": ""small"", ""min"": 480, ""max"": 767}, {""key"": ""tiny"", ""min"": 0, ""max"": 479}]","[""raw/published/resources/03c1fa8b77cf-dentvitalis33.schunk.6ecbf8a934abc739.js""]",,,
derived,e-874,FAQ Accordion Closes,DROPDOWN_CLOSE,"[""/faq""]",a-14-n,0,False,0,,0,400,STYLE_SIZE,CHILDREN,"{""useEventTarget"": ""CHILDREN"", ""selector"": "".accordion-list"", ""selectorGuids"": [""571b4f22-06fa-4499-f6d0-cb8f5ffe0c7d""]}",ease,"{""delay"": 0, ""easing"": ""ease"", ""duration"": 400, ""target"": {""useEventTarget"": ""CHILDREN"", ""selector"": "".accordion-list"", ""selectorGuids"": [""571b4f22-06fa-4499-f6d0-cb8f5ffe0c7d""]}, ""heightValue"": 0, ""widthUnit"": ""PX"", ""heightUnit"": ""px"", ""locked"": false}","[{""key"": ""main"", ""min"": 992, ""max"": 10000}, {""key"": ""medium"", ""min"": 768, ""max"": 991}, {""key"": ""small"", ""min"": 480, ""max"": 767}, {""key"": ""tiny"", ""min"": 0, ""max"": 479}]","[""raw/published/resources/03c1fa8b77cf-dentvitalis33.schunk.6ecbf8a934abc739.js""]",,,
derived,e-874,FAQ Accordion Closes,DROPDOWN_CLOSE,"[""/faq""]",a-14-n-2,0,False,0,,0,500,STYLE_TEXT_COLOR,CHILDREN,"{""useEventTarget"": ""CHILDREN"", ""selector"": "".accordion-title"", ""selectorGuids"": [""571b4f22-06fa-4499-f6d0-cb8f5ffe0c6f""]}",,"{""delay"": 0, ""easing"": """", ""duration"": 500, ""target"": {""useEventTarget"": ""CHILDREN"", ""selector"": "".accordion-title"", ""selectorGuids"": [""571b4f22-06fa-4499-f6d0-cb8f5ffe0c6f""]}, ""globalSwatchId"": ""@var_variable-90781720-7ff3-c909-13c4-45d269bf0a2a"", ""rValue"": 107, ""bValue"": 118, ""gValue"": 112, ""aValue"": 1}","[{""key"": ""main"", ""min"": 992, ""max"": 10000}, {""key"": ""medium"", ""min"": 768, ""max"": 991}, {""key"": ""small"", ""min"": 480, ""max"": 767}, {""key"": ""tiny"", ""min"": 0, ""max"": 479}]","[""raw/published/resources/03c1fa8b77cf-dentvitalis33.schunk.6ecbf8a934abc739.js""]",,,
derived,e-874,FAQ Accordion Closes,DROPDOWN_CLOSE,"[""/faq""]",a-14-n-3,0,False,0,,0,300,TRANSFORM_ROTATE,CHILDREN,"{""useEventTarget"": ""CHILDREN"", ""selector"": "".vertical-line.primary-color"", ""selectorGuids"": [""571b4f22-06fa-4499-f6d0-cb8f5ffe0c7c"", ""571b4f22-06fa-4499-f6d0-cb8f5ffe0c88""]}",,"{""delay"": 0, ""easing"": """", ""duration"": 300, ""target"": {""useEventTarget"": ""CHILDREN"", ""selector"": "".vertical-line.primary-color"", ""selectorGuids"": [""571b4f22-06fa-4499-f6d0-cb8f5ffe0c7c"", ""571b4f22-06fa-4499-f6d0-cb8f5ffe0c88""]}, ""zValue"": 0, ""xUnit"": ""DEG"", ""yUnit"": ""DEG"", ""zUnit"": ""deg""}","[{""key"": ""main"", ""min"": 992, ""max"": 10000}, {""key"": ""medium"", ""min"": 768, ""max"": 991}, {""key"": ""small"", ""min"": 480, ""max"": 767}, {""key"": ""tiny"", ""min"": 0, ""max"": 479}]","[""raw/published/resources/03c1fa8b77cf-dentvitalis33.schunk.6ecbf8a934abc739.js""]",,,
derived,e-874,FAQ Accordion Closes,DROPDOWN_CLOSE,"[""/faq""]",a-14-n-4,0,False,0,,0,0,STYLE_OPACITY,CHILDREN,"{""useEventTarget"": ""CHILDREN"", ""selector"": "".large-paragraph-3.accordion-text"", ""selectorGuids"": [""571b4f22-06fa-4499-f6d0-cb8f5ffe0c82"", ""571b4f22-06fa-4499-f6d0-cb8f5ffe0c89""]}",,"{""delay"": 0, ""easing"": """", ""duration"": 0, ""target"": {""useEventTarget"": ""CHILDREN"", ""selector"": "".large-paragraph-3.accordion-text"", ""selectorGuids"": [""571b4f22-06fa-4499-f6d0-cb8f5ffe0c82"", ""571b4f22-06fa-4499-f6d0-cb8f5ffe0c89""]}, ""value"": 0, ""unit"": """"}","[{""key"": ""main"", ""min"": 992, ""max"": 10000}, {""key"": ""medium"", ""min"": 768, ""max"": 991}, {""key"": ""small"", ""min"": 480, ""max"": 767}, {""key"": ""tiny"", ""min"": 0, ""max"": 479}]","[""raw/published/resources/03c1fa8b77cf-dentvitalis33.schunk.6ecbf8a934abc739.js""]",,,
derived,e-875,FAQ Accordion Opens,DROPDOWN_OPEN,"[""/faq""]",a-13-n,0,True,,,0,500,STYLE_SIZE,CHILDREN,"{""useEventTarget"": ""CHILDREN"", ""selector"": "".accordion-list"", ""selectorGuids"": [""571b4f22-06fa-4499-f6d0-cb8f5ffe0c7d""]}",,"{""delay"": 0, ""easing"": """", ""duration"": 500, ""target"": {""useEventTarget"": ""CHILDREN"", ""selector"": "".accordion-list"", ""selectorGuids"": [""571b4f22-06fa-4499-f6d0-cb8f5ffe0c7d""]}, ""heightValue"": 0, ""widthUnit"": ""PX"", ""heightUnit"": ""px"", ""locked"": false}","[{""key"": ""main"", ""min"": 992, ""max"": 10000}, {""key"": ""medium"", ""min"": 768, ""max"": 991}, {""key"": ""small"", ""min"": 480, ""max"": 767}, {""key"": ""tiny"", ""min"": 0, ""max"": 479}]","[""raw/published/resources/03c1fa8b77cf-dentvitalis33.schunk.6ecbf8a934abc739.js""]",,,
derived,e-875,FAQ Accordion Opens,DROPDOWN_OPEN,"[""/faq""]",a-13-n-2,0,True,,,0,500,STYLE_TEXT_COLOR,CHILDREN,"{""useEventTarget"": ""CHILDREN"", ""selector"": "".accordion-title"", ""selectorGuids"": [""571b4f22-06fa-4499-f6d0-cb8f5ffe0c6f""]}",,"{""delay"": 0, ""easing"": """", ""duration"": 500, ""target"": {""useEventTarget"": ""CHILDREN"", ""selector"": "".accordion-title"", ""selectorGuids"": [""571b4f22-06fa-4499-f6d0-cb8f5ffe0c6f""]}, ""globalSwatchId"": ""@var_variable-90781720-7ff3-c909-13c4-45d269bf0a2a"", ""rValue"": 107, ""bValue"": 118, ""gValue"": 112, ""aValue"": 1}","[{""key"": ""main"", ""min"": 992, ""max"": 10000}, {""key"": ""medium"", ""min"": 768, ""max"": 991}, {""key"": ""small"", ""min"": 480, ""max"": 767}, {""key"": ""tiny"", ""min"": 0, ""max"": 479}]","[""raw/published/resources/03c1fa8b77cf-dentvitalis33.schunk.6ecbf8a934abc739.js""]",,,
derived,e-875,FAQ Accordion Opens,DROPDOWN_OPEN,"[""/faq""]",a-13-n-3,0,True,,,0,500,STYLE_BACKGROUND_COLOR,CHILDREN,"{""useEventTarget"": ""CHILDREN"", ""selector"": "".horizontal-line.primary-color"", ""selectorGuids"": [""571b4f22-06fa-4499-f6d0-cb8f5ffe0c80"", ""571b4f22-06fa-4499-f6d0-cb8f5ffe0c87""]}",,"{""delay"": 0, ""easing"": """", ""duration"": 500, ""target"": {""useEventTarget"": ""CHILDREN"", ""selector"": "".horizontal-line.primary-color"", ""selectorGuids"": [""571b4f22-06fa-4499-f6d0-cb8f5ffe0c80"", ""571b4f22-06fa-4499-f6d0-cb8f5ffe0c87""]}, ""globalSwatchId"": ""@var_variable-90781720-7ff3-c909-13c4-45d269bf0a2a"", ""rValue"": 107, ""bValue"": 118, ""gValue"": 112, ""aValue"": 1}","[{""key"": ""main"", ""min"": 992, ""max"": 10000}, {""key"": ""medium"", ""min"": 768, ""max"": 991}, {""key"": ""small"", ""min"": 480, ""max"": 767}, {""key"": ""tiny"", ""min"": 0, ""max"": 479}]","[""raw/published/resources/03c1fa8b77cf-dentvitalis33.schunk.6ecbf8a934abc739.js""]",,,
derived,e-875,FAQ Accordion Opens,DROPDOWN_OPEN,"[""/faq""]",a-13-n-4,0,True,,,0,500,STYLE_BACKGROUND_COLOR,CHILDREN,"{""useEventTarget"": ""CHILDREN"", ""selector"": "".vertical-line.primary-color"", ""selectorGuids"": [""571b4f22-06fa-4499-f6d0-cb8f5ffe0c7c"", ""571b4f22-06fa-4499-f6d0-cb8f5ffe0c88""]}",,"{""delay"": 0, ""easing"": """", ""duration"": 500, ""target"": {""useEventTarget"": ""CHILDREN"", ""selector"": "".vertical-line.primary-color"", ""selectorGuids"": [""571b4f22-06fa-4499-f6d0-cb8f5ffe0c7c"", ""571b4f22-06fa-4499-f6d0-cb8f5ffe0c88""]}, ""globalSwatchId"": ""@var_variable-90781720-7ff3-c909-13c4-45d269bf0a2a"", ""rValue"": 107, ""bValue"": 118, ""gValue"": 112, ""aValue"": 1}","[{""key"": ""main"", ""min"": 992, ""max"": 10000}, {""key"": ""medium"", ""min"": 768, ""max"": 991}, {""key"": ""small"", ""min"": 480, ""max"": 767}, {""key"": ""tiny"", ""min"": 0, ""max"": 479}]","[""raw/published/resources/03c1fa8b77cf-dentvitalis33.schunk.6ecbf8a934abc739.js""]",,,
derived,e-875,FAQ Accordion Opens,DROPDOWN_OPEN,"[""/faq""]",a-13-n-5,0,True,,,0,500,STYLE_OPACITY,CHILDREN,"{""useEventTarget"": ""CHILDREN"", ""selector"": "".large-paragraph-3.accordion-text"", ""selectorGuids"": [""571b4f22-06fa-4499-f6d0-cb8f5ffe0c82"", ""571b4f22-06fa-4499-f6d0-cb8f5ffe0c89""]}",,"{""delay"": 0, ""easing"": """", ""duration"": 500, ""target"": {""useEventTarget"": ""CHILDREN"", ""selector"": "".large-paragraph-3.accordion-text"", ""selectorGuids"": [""571b4f22-06fa-4499-f6d0-cb8f5ffe0c82"", ""571b4f22-06fa-4499-f6d0-cb8f5ffe0c89""]}, ""value"": 0, ""unit"": """"}","[{""key"": ""main"", ""min"": 992, ""max"": 10000}, {""key"": ""medium"", ""min"": 768, ""max"": 991}, {""key"": ""small"", ""min"": 480, ""max"": 767}, {""key"": ""tiny"", ""min"": 0, ""max"": 479}]","[""raw/published/resources/03c1fa8b77cf-dentvitalis33.schunk.6ecbf8a934abc739.js""]",,,
derived,e-875,FAQ Accordion Opens,DROPDOWN_OPEN,"[""/faq""]",a-13-n-6,1,False,0,,0,400,STYLE_SIZE,CHILDREN,"{""useEventTarget"": ""CHILDREN"", ""selector"": "".accordion-list"", ""selectorGuids"": [""571b4f22-06fa-4499-f6d0-cb8f5ffe0c7d""]}",ease,"{""delay"": 0, ""easing"": ""ease"", ""duration"": 400, ""target"": {""useEventTarget"": ""CHILDREN"", ""selector"": "".accordion-list"", ""selectorGuids"": [""571b4f22-06fa-4499-f6d0-cb8f5ffe0c7d""]}, ""widthUnit"": ""PX"", ""heightUnit"": ""AUTO"", ""locked"": false}","[{""key"": ""main"", ""min"": 992, ""max"": 10000}, {""key"": ""medium"", ""min"": 768, ""max"": 991}, {""key"": ""small"", ""min"": 480, ""max"": 767}, {""key"": ""tiny"", ""min"": 0, ""max"": 479}]","[""raw/published/resources/03c1fa8b77cf-dentvitalis33.schunk.6ecbf8a934abc739.js""]",,,
derived,e-875,FAQ Accordion Opens,DROPDOWN_OPEN,"[""/faq""]",a-13-n-7,1,False,0,,0,300,TRANSFORM_ROTATE,CHILDREN,"{""useEventTarget"": ""CHILDREN"", ""selector"": "".vertical-line.primary-color"", ""selectorGuids"": [""571b4f22-06fa-4499-f6d0-cb8f5ffe0c7c"", ""571b4f22-06fa-4499-f6d0-cb8f5ffe0c88""]}",,"{""delay"": 0, ""easing"": """", ""duration"": 300, ""target"": {""useEventTarget"": ""CHILDREN"", ""selector"": "".vertical-line.primary-color"", ""selectorGuids"": [""571b4f22-06fa-4499-f6d0-cb8f5ffe0c7c"", ""571b4f22-06fa-4499-f6d0-cb8f5ffe0c88""]}, ""yValue"": null, ""zValue"": -90, ""xUnit"": ""DEG"", ""yUnit"": ""deg"", ""zUnit"": ""deg""}","[{""key"": ""main"", ""min"": 992, ""max"": 10000}, {""key"": ""medium"", ""min"": 768, ""max"": 991}, {""key"": ""small"", ""min"": 480, ""max"": 767}, {""key"": ""tiny"", ""min"": 0, ""max"": 479}]","[""raw/published/resources/03c1fa8b77cf-dentvitalis33.schunk.6ecbf8a934abc739.js""]",,,
derived,e-875,FAQ Accordion Opens,DROPDOWN_OPEN,"[""/faq""]",a-13-n-8,1,False,0,,0,500,STYLE_TEXT_COLOR,CHILDREN,"{""useEventTarget"": ""CHILDREN"", ""selector"": "".accordion-title"", ""selectorGuids"": [""571b4f22-06fa-4499-f6d0-cb8f5ffe0c6f""]}",,"{""delay"": 0, ""easing"": """", ""duration"": 500, ""target"": {""useEventTarget"": ""CHILDREN"", ""selector"": "".accordion-title"", ""selectorGuids"": [""571b4f22-06fa-4499-f6d0-cb8f5ffe0c6f""]}, ""globalSwatchId"": ""@var_variable-c30fbafd-c704-5f1e-e20f-7ceadfde5500"", ""rValue"": 0, ""bValue"": 0, ""gValue"": 0, ""aValue"": 1}","[{""key"": ""main"", ""min"": 992, ""max"": 10000}, {""key"": ""medium"", ""min"": 768, ""max"": 991}, {""key"": ""small"", ""min"": 480, ""max"": 767}, {""key"": ""tiny"", ""min"": 0, ""max"": 479}]","[""raw/published/resources/03c1fa8b77cf-dentvitalis33.schunk.6ecbf8a934abc739.js""]",,,
derived,e-875,FAQ Accordion Opens,DROPDOWN_OPEN,"[""/faq""]",a-13-n-9,1,False,0,,0,700,STYLE_OPACITY,CHILDREN,"{""useEventTarget"": ""CHILDREN"", ""selector"": "".large-paragraph-3.accordion-text"", ""selectorGuids"": [""571b4f22-06fa-4499-f6d0-cb8f5ffe0c82"", ""571b4f22-06fa-4499-f6d0-cb8f5ffe0c89""]}",,"{""delay"": 0, ""easing"": """", ""duration"": 700, ""target"": {""useEventTarget"": ""CHILDREN"", ""selector"": "".large-paragraph-3.accordion-text"", ""selectorGuids"": [""571b4f22-06fa-4499-f6d0-cb8f5ffe0c82"", ""571b4f22-06fa-4499-f6d0-cb8f5ffe0c89""]}, ""value"": 1, ""unit"": """"}","[{""key"": ""main"", ""min"": 992, ""max"": 10000}, {""key"": ""medium"", ""min"": 768, ""max"": 991}, {""key"": ""small"", ""min"": 480, ""max"": 767}, {""key"": ""tiny"", ""min"": 0, ""max"": 479}]","[""raw/published/resources/03c1fa8b77cf-dentvitalis33.schunk.6ecbf8a934abc739.js""]",,,
derived,e-876,FAQ Accordion Closes,DROPDOWN_CLOSE,"[""/faq""]",a-14-n,0,False,0,,0,400,STYLE_SIZE,CHILDREN,"{""useEventTarget"": ""CHILDREN"", ""selector"": "".accordion-list"", ""selectorGuids"": [""571b4f22-06fa-4499-f6d0-cb8f5ffe0c7d""]}",ease,"{""delay"": 0, ""easing"": ""ease"", ""duration"": 400, ""target"": {""useEventTarget"": ""CHILDREN"", ""selector"": "".accordion-list"", ""selectorGuids"": [""571b4f22-06fa-4499-f6d0-cb8f5ffe0c7d""]}, ""heightValue"": 0, ""widthUnit"": ""PX"", ""heightUnit"": ""px"", ""locked"": false}","[{""key"": ""main"", ""min"": 992, ""max"": 10000}, {""key"": ""medium"", ""min"": 768, ""max"": 991}, {""key"": ""small"", ""min"": 480, ""max"": 767}, {""key"": ""tiny"", ""min"": 0, ""max"": 479}]","[""raw/published/resources/03c1fa8b77cf-dentvitalis33.schunk.6ecbf8a934abc739.js""]",,,
derived,e-876,FAQ Accordion Closes,DROPDOWN_CLOSE,"[""/faq""]",a-14-n-2,0,False,0,,0,500,STYLE_TEXT_COLOR,CHILDREN,"{""useEventTarget"": ""CHILDREN"", ""selector"": "".accordion-title"", ""selectorGuids"": [""571b4f22-06fa-4499-f6d0-cb8f5ffe0c6f""]}",,"{""delay"": 0, ""easing"": """", ""duration"": 500, ""target"": {""useEventTarget"": ""CHILDREN"", ""selector"": "".accordion-title"", ""selectorGuids"": [""571b4f22-06fa-4499-f6d0-cb8f5ffe0c6f""]}, ""globalSwatchId"": ""@var_variable-90781720-7ff3-c909-13c4-45d269bf0a2a"", ""rValue"": 107, ""bValue"": 118, ""gValue"": 112, ""aValue"": 1}","[{""key"": ""main"", ""min"": 992, ""max"": 10000}, {""key"": ""medium"", ""min"": 768, ""max"": 991}, {""key"": ""small"", ""min"": 480, ""max"": 767}, {""key"": ""tiny"", ""min"": 0, ""max"": 479}]","[""raw/published/resources/03c1fa8b77cf-dentvitalis33.schunk.6ecbf8a934abc739.js""]",,,
derived,e-876,FAQ Accordion Closes,DROPDOWN_CLOSE,"[""/faq""]",a-14-n-3,0,False,0,,0,300,TRANSFORM_ROTATE,CHILDREN,"{""useEventTarget"": ""CHILDREN"", ""selector"": "".vertical-line.primary-color"", ""selectorGuids"": [""571b4f22-06fa-4499-f6d0-cb8f5ffe0c7c"", ""571b4f22-06fa-4499-f6d0-cb8f5ffe0c88""]}",,"{""delay"": 0, ""easing"": """", ""duration"": 300, ""target"": {""useEventTarget"": ""CHILDREN"", ""selector"": "".vertical-line.primary-color"", ""selectorGuids"": [""571b4f22-06fa-4499-f6d0-cb8f5ffe0c7c"", ""571b4f22-06fa-4499-f6d0-cb8f5ffe0c88""]}, ""zValue"": 0, ""xUnit"": ""DEG"", ""yUnit"": ""DEG"", ""zUnit"": ""deg""}","[{""key"": ""main"", ""min"": 992, ""max"": 10000}, {""key"": ""medium"", ""min"": 768, ""max"": 991}, {""key"": ""small"", ""min"": 480, ""max"": 767}, {""key"": ""tiny"", ""min"": 0, ""max"": 479}]","[""raw/published/resources/03c1fa8b77cf-dentvitalis33.schunk.6ecbf8a934abc739.js""]",,,
derived,e-876,FAQ Accordion Closes,DROPDOWN_CLOSE,"[""/faq""]",a-14-n-4,0,False,0,,0,0,STYLE_OPACITY,CHILDREN,"{""useEventTarget"": ""CHILDREN"", ""selector"": "".large-paragraph-3.accordion-text"", ""selectorGuids"": [""571b4f22-06fa-4499-f6d0-cb8f5ffe0c82"", ""571b4f22-06fa-4499-f6d0-cb8f5ffe0c89""]}",,"{""delay"": 0, ""easing"": """", ""duration"": 0, ""target"": {""useEventTarget"": ""CHILDREN"", ""selector"": "".large-paragraph-3.accordion-text"", ""selectorGuids"": [""571b4f22-06fa-4499-f6d0-cb8f5ffe0c82"", ""571b4f22-06fa-4499-f6d0-cb8f5ffe0c89""]}, ""value"": 0, ""unit"": """"}","[{""key"": ""main"", ""min"": 992, ""max"": 10000}, {""key"": ""medium"", ""min"": 768, ""max"": 991}, {""key"": ""small"", ""min"": 480, ""max"": 767}, {""key"": ""tiny"", ""min"": 0, ""max"": 479}]","[""raw/published/resources/03c1fa8b77cf-dentvitalis33.schunk.6ecbf8a934abc739.js""]",,,
derived,e-877,FAQ Accordion Opens,DROPDOWN_OPEN,"[""/faq""]",a-13-n,0,True,,,0,500,STYLE_SIZE,CHILDREN,"{""useEventTarget"": ""CHILDREN"", ""selector"": "".accordion-list"", ""selectorGuids"": [""571b4f22-06fa-4499-f6d0-cb8f5ffe0c7d""]}",,"{""delay"": 0, ""easing"": """", ""duration"": 500, ""target"": {""useEventTarget"": ""CHILDREN"", ""selector"": "".accordion-list"", ""selectorGuids"": [""571b4f22-06fa-4499-f6d0-cb8f5ffe0c7d""]}, ""heightValue"": 0, ""widthUnit"": ""PX"", ""heightUnit"": ""px"", ""locked"": false}","[{""key"": ""main"", ""min"": 992, ""max"": 10000}, {""key"": ""medium"", ""min"": 768, ""max"": 991}, {""key"": ""small"", ""min"": 480, ""max"": 767}, {""key"": ""tiny"", ""min"": 0, ""max"": 479}]","[""raw/published/resources/03c1fa8b77cf-dentvitalis33.schunk.6ecbf8a934abc739.js""]",,,
derived,e-877,FAQ Accordion Opens,DROPDOWN_OPEN,"[""/faq""]",a-13-n-2,0,True,,,0,500,STYLE_TEXT_COLOR,CHILDREN,"{""useEventTarget"": ""CHILDREN"", ""selector"": "".accordion-title"", ""selectorGuids"": [""571b4f22-06fa-4499-f6d0-cb8f5ffe0c6f""]}",,"{""delay"": 0, ""easing"": """", ""duration"": 500, ""target"": {""useEventTarget"": ""CHILDREN"", ""selector"": "".accordion-title"", ""selectorGuids"": [""571b4f22-06fa-4499-f6d0-cb8f5ffe0c6f""]}, ""globalSwatchId"": ""@var_variable-90781720-7ff3-c909-13c4-45d269bf0a2a"", ""rValue"": 107, ""bValue"": 118, ""gValue"": 112, ""aValue"": 1}","[{""key"": ""main"", ""min"": 992, ""max"": 10000}, {""key"": ""medium"", ""min"": 768, ""max"": 991}, {""key"": ""small"", ""min"": 480, ""max"": 767}, {""key"": ""tiny"", ""min"": 0, ""max"": 479}]","[""raw/published/resources/03c1fa8b77cf-dentvitalis33.schunk.6ecbf8a934abc739.js""]",,,
derived,e-877,FAQ Accordion Opens,DROPDOWN_OPEN,"[""/faq""]",a-13-n-3,0,True,,,0,500,STYLE_BACKGROUND_COLOR,CHILDREN,"{""useEventTarget"": ""CHILDREN"", ""selector"": "".horizontal-line.primary-color"", ""selectorGuids"": [""571b4f22-06fa-4499-f6d0-cb8f5ffe0c80"", ""571b4f22-06fa-4499-f6d0-cb8f5ffe0c87""]}",,"{""delay"": 0, ""easing"": """", ""duration"": 500, ""target"": {""useEventTarget"": ""CHILDREN"", ""selector"": "".horizontal-line.primary-color"", ""selectorGuids"": [""571b4f22-06fa-4499-f6d0-cb8f5ffe0c80"", ""571b4f22-06fa-4499-f6d0-cb8f5ffe0c87""]}, ""globalSwatchId"": ""@var_variable-90781720-7ff3-c909-13c4-45d269bf0a2a"", ""rValue"": 107, ""bValue"": 118, ""gValue"": 112, ""aValue"": 1}","[{""key"": ""main"", ""min"": 992, ""max"": 10000}, {""key"": ""medium"", ""min"": 768, ""max"": 991}, {""key"": ""small"", ""min"": 480, ""max"": 767}, {""key"": ""tiny"", ""min"": 0, ""max"": 479}]","[""raw/published/resources/03c1fa8b77cf-dentvitalis33.schunk.6ecbf8a934abc739.js""]",,,
derived,e-877,FAQ Accordion Opens,DROPDOWN_OPEN,"[""/faq""]",a-13-n-4,0,True,,,0,500,STYLE_BACKGROUND_COLOR,CHILDREN,"{""useEventTarget"": ""CHILDREN"", ""selector"": "".vertical-line.primary-color"", ""selectorGuids"": [""571b4f22-06fa-4499-f6d0-cb8f5ffe0c7c"", ""571b4f22-06fa-4499-f6d0-cb8f5ffe0c88""]}",,"{""delay"": 0, ""easing"": """", ""duration"": 500, ""target"": {""useEventTarget"": ""CHILDREN"", ""selector"": "".vertical-line.primary-color"", ""selectorGuids"": [""571b4f22-06fa-4499-f6d0-cb8f5ffe0c7c"", ""571b4f22-06fa-4499-f6d0-cb8f5ffe0c88""]}, ""globalSwatchId"": ""@var_variable-90781720-7ff3-c909-13c4-45d269bf0a2a"", ""rValue"": 107, ""bValue"": 118, ""gValue"": 112, ""aValue"": 1}","[{""key"": ""main"", ""min"": 992, ""max"": 10000}, {""key"": ""medium"", ""min"": 768, ""max"": 991}, {""key"": ""small"", ""min"": 480, ""max"": 767}, {""key"": ""tiny"", ""min"": 0, ""max"": 479}]","[""raw/published/resources/03c1fa8b77cf-dentvitalis33.schunk.6ecbf8a934abc739.js""]",,,
derived,e-877,FAQ Accordion Opens,DROPDOWN_OPEN,"[""/faq""]",a-13-n-5,0,True,,,0,500,STYLE_OPACITY,CHILDREN,"{""useEventTarget"": ""CHILDREN"", ""selector"": "".large-paragraph-3.accordion-text"", ""selectorGuids"": [""571b4f22-06fa-4499-f6d0-cb8f5ffe0c82"", ""571b4f22-06fa-4499-f6d0-cb8f5ffe0c89""]}",,"{""delay"": 0, ""easing"": """", ""duration"": 500, ""target"": {""useEventTarget"": ""CHILDREN"", ""selector"": "".large-paragraph-3.accordion-text"", ""selectorGuids"": [""571b4f22-06fa-4499-f6d0-cb8f5ffe0c82"", ""571b4f22-06fa-4499-f6d0-cb8f5ffe0c89""]}, ""value"": 0, ""unit"": """"}","[{""key"": ""main"", ""min"": 992, ""max"": 10000}, {""key"": ""medium"", ""min"": 768, ""max"": 991}, {""key"": ""small"", ""min"": 480, ""max"": 767}, {""key"": ""tiny"", ""min"": 0, ""max"": 479}]","[""raw/published/resources/03c1fa8b77cf-dentvitalis33.schunk.6ecbf8a934abc739.js""]",,,
derived,e-877,FAQ Accordion Opens,DROPDOWN_OPEN,"[""/faq""]",a-13-n-6,1,False,0,,0,400,STYLE_SIZE,CHILDREN,"{""useEventTarget"": ""CHILDREN"", ""selector"": "".accordion-list"", ""selectorGuids"": [""571b4f22-06fa-4499-f6d0-cb8f5ffe0c7d""]}",ease,"{""delay"": 0, ""easing"": ""ease"", ""duration"": 400, ""target"": {""useEventTarget"": ""CHILDREN"", ""selector"": "".accordion-list"", ""selectorGuids"": [""571b4f22-06fa-4499-f6d0-cb8f5ffe0c7d""]}, ""widthUnit"": ""PX"", ""heightUnit"": ""AUTO"", ""locked"": false}","[{""key"": ""main"", ""min"": 992, ""max"": 10000}, {""key"": ""medium"", ""min"": 768, ""max"": 991}, {""key"": ""small"", ""min"": 480, ""max"": 767}, {""key"": ""tiny"", ""min"": 0, ""max"": 479}]","[""raw/published/resources/03c1fa8b77cf-dentvitalis33.schunk.6ecbf8a934abc739.js""]",,,
derived,e-877,FAQ Accordion Opens,DROPDOWN_OPEN,"[""/faq""]",a-13-n-7,1,False,0,,0,300,TRANSFORM_ROTATE,CHILDREN,"{""useEventTarget"": ""CHILDREN"", ""selector"": "".vertical-line.primary-color"", ""selectorGuids"": [""571b4f22-06fa-4499-f6d0-cb8f5ffe0c7c"", ""571b4f22-06fa-4499-f6d0-cb8f5ffe0c88""]}",,"{""delay"": 0, ""easing"": """", ""duration"": 300, ""target"": {""useEventTarget"": ""CHILDREN"", ""selector"": "".vertical-line.primary-color"", ""selectorGuids"": [""571b4f22-06fa-4499-f6d0-cb8f5ffe0c7c"", ""571b4f22-06fa-4499-f6d0-cb8f5ffe0c88""]}, ""yValue"": null, ""zValue"": -90, ""xUnit"": ""DEG"", ""yUnit"": ""deg"", ""zUnit"": ""deg""}","[{""key"": ""main"", ""min"": 992, ""max"": 10000}, {""key"": ""medium"", ""min"": 768, ""max"": 991}, {""key"": ""small"", ""min"": 480, ""max"": 767}, {""key"": ""tiny"", ""min"": 0, ""max"": 479}]","[""raw/published/resources/03c1fa8b77cf-dentvitalis33.schunk.6ecbf8a934abc739.js""]",,,
derived,e-877,FAQ Accordion Opens,DROPDOWN_OPEN,"[""/faq""]",a-13-n-8,1,False,0,,0,500,STYLE_TEXT_COLOR,CHILDREN,"{""useEventTarget"": ""CHILDREN"", ""selector"": "".accordion-title"", ""selectorGuids"": [""571b4f22-06fa-4499-f6d0-cb8f5ffe0c6f""]}",,"{""delay"": 0, ""easing"": """", ""duration"": 500, ""target"": {""useEventTarget"": ""CHILDREN"", ""selector"": "".accordion-title"", ""selectorGuids"": [""571b4f22-06fa-4499-f6d0-cb8f5ffe0c6f""]}, ""globalSwatchId"": ""@var_variable-c30fbafd-c704-5f1e-e20f-7ceadfde5500"", ""rValue"": 0, ""bValue"": 0, ""gValue"": 0, ""aValue"": 1}","[{""key"": ""main"", ""min"": 992, ""max"": 10000}, {""key"": ""medium"", ""min"": 768, ""max"": 991}, {""key"": ""small"", ""min"": 480, ""max"": 767}, {""key"": ""tiny"", ""min"": 0, ""max"": 479}]","[""raw/published/resources/03c1fa8b77cf-dentvitalis33.schunk.6ecbf8a934abc739.js""]",,,
derived,e-877,FAQ Accordion Opens,DROPDOWN_OPEN,"[""/faq""]",a-13-n-9,1,False,0,,0,700,STYLE_OPACITY,CHILDREN,"{""useEventTarget"": ""CHILDREN"", ""selector"": "".large-paragraph-3.accordion-text"", ""selectorGuids"": [""571b4f22-06fa-4499-f6d0-cb8f5ffe0c82"", ""571b4f22-06fa-4499-f6d0-cb8f5ffe0c89""]}",,"{""delay"": 0, ""easing"": """", ""duration"": 700, ""target"": {""useEventTarget"": ""CHILDREN"", ""selector"": "".large-paragraph-3.accordion-text"", ""selectorGuids"": [""571b4f22-06fa-4499-f6d0-cb8f5ffe0c82"", ""571b4f22-06fa-4499-f6d0-cb8f5ffe0c89""]}, ""value"": 1, ""unit"": """"}","[{""key"": ""main"", ""min"": 992, ""max"": 10000}, {""key"": ""medium"", ""min"": 768, ""max"": 991}, {""key"": ""small"", ""min"": 480, ""max"": 767}, {""key"": ""tiny"", ""min"": 0, ""max"": 479}]","[""raw/published/resources/03c1fa8b77cf-dentvitalis33.schunk.6ecbf8a934abc739.js""]",,,
derived,e-878,FAQ Accordion Closes,DROPDOWN_CLOSE,"[""/faq""]",a-14-n,0,False,0,,0,400,STYLE_SIZE,CHILDREN,"{""useEventTarget"": ""CHILDREN"", ""selector"": "".accordion-list"", ""selectorGuids"": [""571b4f22-06fa-4499-f6d0-cb8f5ffe0c7d""]}",ease,"{""delay"": 0, ""easing"": ""ease"", ""duration"": 400, ""target"": {""useEventTarget"": ""CHILDREN"", ""selector"": "".accordion-list"", ""selectorGuids"": [""571b4f22-06fa-4499-f6d0-cb8f5ffe0c7d""]}, ""heightValue"": 0, ""widthUnit"": ""PX"", ""heightUnit"": ""px"", ""locked"": false}","[{""key"": ""main"", ""min"": 992, ""max"": 10000}, {""key"": ""medium"", ""min"": 768, ""max"": 991}, {""key"": ""small"", ""min"": 480, ""max"": 767}, {""key"": ""tiny"", ""min"": 0, ""max"": 479}]","[""raw/published/resources/03c1fa8b77cf-dentvitalis33.schunk.6ecbf8a934abc739.js""]",,,
derived,e-878,FAQ Accordion Closes,DROPDOWN_CLOSE,"[""/faq""]",a-14-n-2,0,False,0,,0,500,STYLE_TEXT_COLOR,CHILDREN,"{""useEventTarget"": ""CHILDREN"", ""selector"": "".accordion-title"", ""selectorGuids"": [""571b4f22-06fa-4499-f6d0-cb8f5ffe0c6f""]}",,"{""delay"": 0, ""easing"": """", ""duration"": 500, ""target"": {""useEventTarget"": ""CHILDREN"", ""selector"": "".accordion-title"", ""selectorGuids"": [""571b4f22-06fa-4499-f6d0-cb8f5ffe0c6f""]}, ""globalSwatchId"": ""@var_variable-90781720-7ff3-c909-13c4-45d269bf0a2a"", ""rValue"": 107, ""bValue"": 118, ""gValue"": 112, ""aValue"": 1}","[{""key"": ""main"", ""min"": 992, ""max"": 10000}, {""key"": ""medium"", ""min"": 768, ""max"": 991}, {""key"": ""small"", ""min"": 480, ""max"": 767}, {""key"": ""tiny"", ""min"": 0, ""max"": 479}]","[""raw/published/resources/03c1fa8b77cf-dentvitalis33.schunk.6ecbf8a934abc739.js""]",,,
derived,e-878,FAQ Accordion Closes,DROPDOWN_CLOSE,"[""/faq""]",a-14-n-3,0,False,0,,0,300,TRANSFORM_ROTATE,CHILDREN,"{""useEventTarget"": ""CHILDREN"", ""selector"": "".vertical-line.primary-color"", ""selectorGuids"": [""571b4f22-06fa-4499-f6d0-cb8f5ffe0c7c"", ""571b4f22-06fa-4499-f6d0-cb8f5ffe0c88""]}",,"{""delay"": 0, ""easing"": """", ""duration"": 300, ""target"": {""useEventTarget"": ""CHILDREN"", ""selector"": "".vertical-line.primary-color"", ""selectorGuids"": [""571b4f22-06fa-4499-f6d0-cb8f5ffe0c7c"", ""571b4f22-06fa-4499-f6d0-cb8f5ffe0c88""]}, ""zValue"": 0, ""xUnit"": ""DEG"", ""yUnit"": ""DEG"", ""zUnit"": ""deg""}","[{""key"": ""main"", ""min"": 992, ""max"": 10000}, {""key"": ""medium"", ""min"": 768, ""max"": 991}, {""key"": ""small"", ""min"": 480, ""max"": 767}, {""key"": ""tiny"", ""min"": 0, ""max"": 479}]","[""raw/published/resources/03c1fa8b77cf-dentvitalis33.schunk.6ecbf8a934abc739.js""]",,,
derived,e-878,FAQ Accordion Closes,DROPDOWN_CLOSE,"[""/faq""]",a-14-n-4,0,False,0,,0,0,STYLE_OPACITY,CHILDREN,"{""useEventTarget"": ""CHILDREN"", ""selector"": "".large-paragraph-3.accordion-text"", ""selectorGuids"": [""571b4f22-06fa-4499-f6d0-cb8f5ffe0c82"", ""571b4f22-06fa-4499-f6d0-cb8f5ffe0c89""]}",,"{""delay"": 0, ""easing"": """", ""duration"": 0, ""target"": {""useEventTarget"": ""CHILDREN"", ""selector"": "".large-paragraph-3.accordion-text"", ""selectorGuids"": [""571b4f22-06fa-4499-f6d0-cb8f5ffe0c82"", ""571b4f22-06fa-4499-f6d0-cb8f5ffe0c89""]}, ""value"": 0, ""unit"": """"}","[{""key"": ""main"", ""min"": 992, ""max"": 10000}, {""key"": ""medium"", ""min"": 768, ""max"": 991}, {""key"": ""small"", ""min"": 480, ""max"": 767}, {""key"": ""tiny"", ""min"": 0, ""max"": 479}]","[""raw/published/resources/03c1fa8b77cf-dentvitalis33.schunk.6ecbf8a934abc739.js""]",,,
derived,e-879,FAQ Accordion Opens,DROPDOWN_OPEN,"[""/faq""]",a-13-n,0,True,,,0,500,STYLE_SIZE,CHILDREN,"{""useEventTarget"": ""CHILDREN"", ""selector"": "".accordion-list"", ""selectorGuids"": [""571b4f22-06fa-4499-f6d0-cb8f5ffe0c7d""]}",,"{""delay"": 0, ""easing"": """", ""duration"": 500, ""target"": {""useEventTarget"": ""CHILDREN"", ""selector"": "".accordion-list"", ""selectorGuids"": [""571b4f22-06fa-4499-f6d0-cb8f5ffe0c7d""]}, ""heightValue"": 0, ""widthUnit"": ""PX"", ""heightUnit"": ""px"", ""locked"": false}","[{""key"": ""main"", ""min"": 992, ""max"": 10000}, {""key"": ""medium"", ""min"": 768, ""max"": 991}, {""key"": ""small"", ""min"": 480, ""max"": 767}, {""key"": ""tiny"", ""min"": 0, ""max"": 479}]","[""raw/published/resources/03c1fa8b77cf-dentvitalis33.schunk.6ecbf8a934abc739.js""]",,,
derived,e-879,FAQ Accordion Opens,DROPDOWN_OPEN,"[""/faq""]",a-13-n-2,0,True,,,0,500,STYLE_TEXT_COLOR,CHILDREN,"{""useEventTarget"": ""CHILDREN"", ""selector"": "".accordion-title"", ""selectorGuids"": [""571b4f22-06fa-4499-f6d0-cb8f5ffe0c6f""]}",,"{""delay"": 0, ""easing"": """", ""duration"": 500, ""target"": {""useEventTarget"": ""CHILDREN"", ""selector"": "".accordion-title"", ""selectorGuids"": [""571b4f22-06fa-4499-f6d0-cb8f5ffe0c6f""]}, ""globalSwatchId"": ""@var_variable-90781720-7ff3-c909-13c4-45d269bf0a2a"", ""rValue"": 107, ""bValue"": 118, ""gValue"": 112, ""aValue"": 1}","[{""key"": ""main"", ""min"": 992, ""max"": 10000}, {""key"": ""medium"", ""min"": 768, ""max"": 991}, {""key"": ""small"", ""min"": 480, ""max"": 767}, {""key"": ""tiny"", ""min"": 0, ""max"": 479}]","[""raw/published/resources/03c1fa8b77cf-dentvitalis33.schunk.6ecbf8a934abc739.js""]",,,
derived,e-879,FAQ Accordion Opens,DROPDOWN_OPEN,"[""/faq""]",a-13-n-3,0,True,,,0,500,STYLE_BACKGROUND_COLOR,CHILDREN,"{""useEventTarget"": ""CHILDREN"", ""selector"": "".horizontal-line.primary-color"", ""selectorGuids"": [""571b4f22-06fa-4499-f6d0-cb8f5ffe0c80"", ""571b4f22-06fa-4499-f6d0-cb8f5ffe0c87""]}",,"{""delay"": 0, ""easing"": """", ""duration"": 500, ""target"": {""useEventTarget"": ""CHILDREN"", ""selector"": "".horizontal-line.primary-color"", ""selectorGuids"": [""571b4f22-06fa-4499-f6d0-cb8f5ffe0c80"", ""571b4f22-06fa-4499-f6d0-cb8f5ffe0c87""]}, ""globalSwatchId"": ""@var_variable-90781720-7ff3-c909-13c4-45d269bf0a2a"", ""rValue"": 107, ""bValue"": 118, ""gValue"": 112, ""aValue"": 1}","[{""key"": ""main"", ""min"": 992, ""max"": 10000}, {""key"": ""medium"", ""min"": 768, ""max"": 991}, {""key"": ""small"", ""min"": 480, ""max"": 767}, {""key"": ""tiny"", ""min"": 0, ""max"": 479}]","[""raw/published/resources/03c1fa8b77cf-dentvitalis33.schunk.6ecbf8a934abc739.js""]",,,
derived,e-879,FAQ Accordion Opens,DROPDOWN_OPEN,"[""/faq""]",a-13-n-4,0,True,,,0,500,STYLE_BACKGROUND_COLOR,CHILDREN,"{""useEventTarget"": ""CHILDREN"", ""selector"": "".vertical-line.primary-color"", ""selectorGuids"": [""571b4f22-06fa-4499-f6d0-cb8f5ffe0c7c"", ""571b4f22-06fa-4499-f6d0-cb8f5ffe0c88""]}",,"{""delay"": 0, ""easing"": """", ""duration"": 500, ""target"": {""useEventTarget"": ""CHILDREN"", ""selector"": "".vertical-line.primary-color"", ""selectorGuids"": [""571b4f22-06fa-4499-f6d0-cb8f5ffe0c7c"", ""571b4f22-06fa-4499-f6d0-cb8f5ffe0c88""]}, ""globalSwatchId"": ""@var_variable-90781720-7ff3-c909-13c4-45d269bf0a2a"", ""rValue"": 107, ""bValue"": 118, ""gValue"": 112, ""aValue"": 1}","[{""key"": ""main"", ""min"": 992, ""max"": 10000}, {""key"": ""medium"", ""min"": 768, ""max"": 991}, {""key"": ""small"", ""min"": 480, ""max"": 767}, {""key"": ""tiny"", ""min"": 0, ""max"": 479}]","[""raw/published/resources/03c1fa8b77cf-dentvitalis33.schunk.6ecbf8a934abc739.js""]",,,
derived,e-879,FAQ Accordion Opens,DROPDOWN_OPEN,"[""/faq""]",a-13-n-5,0,True,,,0,500,STYLE_OPACITY,CHILDREN,"{""useEventTarget"": ""CHILDREN"", ""selector"": "".large-paragraph-3.accordion-text"", ""selectorGuids"": [""571b4f22-06fa-4499-f6d0-cb8f5ffe0c82"", ""571b4f22-06fa-4499-f6d0-cb8f5ffe0c89""]}",,"{""delay"": 0, ""easing"": """", ""duration"": 500, ""target"": {""useEventTarget"": ""CHILDREN"", ""selector"": "".large-paragraph-3.accordion-text"", ""selectorGuids"": [""571b4f22-06fa-4499-f6d0-cb8f5ffe0c82"", ""571b4f22-06fa-4499-f6d0-cb8f5ffe0c89""]}, ""value"": 0, ""unit"": """"}","[{""key"": ""main"", ""min"": 992, ""max"": 10000}, {""key"": ""medium"", ""min"": 768, ""max"": 991}, {""key"": ""small"", ""min"": 480, ""max"": 767}, {""key"": ""tiny"", ""min"": 0, ""max"": 479}]","[""raw/published/resources/03c1fa8b77cf-dentvitalis33.schunk.6ecbf8a934abc739.js""]",,,
derived,e-879,FAQ Accordion Opens,DROPDOWN_OPEN,"[""/faq""]",a-13-n-6,1,False,0,,0,400,STYLE_SIZE,CHILDREN,"{""useEventTarget"": ""CHILDREN"", ""selector"": "".accordion-list"", ""selectorGuids"": [""571b4f22-06fa-4499-f6d0-cb8f5ffe0c7d""]}",ease,"{""delay"": 0, ""easing"": ""ease"", ""duration"": 400, ""target"": {""useEventTarget"": ""CHILDREN"", ""selector"": "".accordion-list"", ""selectorGuids"": [""571b4f22-06fa-4499-f6d0-cb8f5ffe0c7d""]}, ""widthUnit"": ""PX"", ""heightUnit"": ""AUTO"", ""locked"": false}","[{""key"": ""main"", ""min"": 992, ""max"": 10000}, {""key"": ""medium"", ""min"": 768, ""max"": 991}, {""key"": ""small"", ""min"": 480, ""max"": 767}, {""key"": ""tiny"", ""min"": 0, ""max"": 479}]","[""raw/published/resources/03c1fa8b77cf-dentvitalis33.schunk.6ecbf8a934abc739.js""]",,,
derived,e-879,FAQ Accordion Opens,DROPDOWN_OPEN,"[""/faq""]",a-13-n-7,1,False,0,,0,300,TRANSFORM_ROTATE,CHILDREN,"{""useEventTarget"": ""CHILDREN"", ""selector"": "".vertical-line.primary-color"", ""selectorGuids"": [""571b4f22-06fa-4499-f6d0-cb8f5ffe0c7c"", ""571b4f22-06fa-4499-f6d0-cb8f5ffe0c88""]}",,"{""delay"": 0, ""easing"": """", ""duration"": 300, ""target"": {""useEventTarget"": ""CHILDREN"", ""selector"": "".vertical-line.primary-color"", ""selectorGuids"": [""571b4f22-06fa-4499-f6d0-cb8f5ffe0c7c"", ""571b4f22-06fa-4499-f6d0-cb8f5ffe0c88""]}, ""yValue"": null, ""zValue"": -90, ""xUnit"": ""DEG"", ""yUnit"": ""deg"", ""zUnit"": ""deg""}","[{""key"": ""main"", ""min"": 992, ""max"": 10000}, {""key"": ""medium"", ""min"": 768, ""max"": 991}, {""key"": ""small"", ""min"": 480, ""max"": 767}, {""key"": ""tiny"", ""min"": 0, ""max"": 479}]","[""raw/published/resources/03c1fa8b77cf-dentvitalis33.schunk.6ecbf8a934abc739.js""]",,,
derived,e-879,FAQ Accordion Opens,DROPDOWN_OPEN,"[""/faq""]",a-13-n-8,1,False,0,,0,500,STYLE_TEXT_COLOR,CHILDREN,"{""useEventTarget"": ""CHILDREN"", ""selector"": "".accordion-title"", ""selectorGuids"": [""571b4f22-06fa-4499-f6d0-cb8f5ffe0c6f""]}",,"{""delay"": 0, ""easing"": """", ""duration"": 500, ""target"": {""useEventTarget"": ""CHILDREN"", ""selector"": "".accordion-title"", ""selectorGuids"": [""571b4f22-06fa-4499-f6d0-cb8f5ffe0c6f""]}, ""globalSwatchId"": ""@var_variable-c30fbafd-c704-5f1e-e20f-7ceadfde5500"", ""rValue"": 0, ""bValue"": 0, ""gValue"": 0, ""aValue"": 1}","[{""key"": ""main"", ""min"": 992, ""max"": 10000}, {""key"": ""medium"", ""min"": 768, ""max"": 991}, {""key"": ""small"", ""min"": 480, ""max"": 767}, {""key"": ""tiny"", ""min"": 0, ""max"": 479}]","[""raw/published/resources/03c1fa8b77cf-dentvitalis33.schunk.6ecbf8a934abc739.js""]",,,
derived,e-879,FAQ Accordion Opens,DROPDOWN_OPEN,"[""/faq""]",a-13-n-9,1,False,0,,0,700,STYLE_OPACITY,CHILDREN,"{""useEventTarget"": ""CHILDREN"", ""selector"": "".large-paragraph-3.accordion-text"", ""selectorGuids"": [""571b4f22-06fa-4499-f6d0-cb8f5ffe0c82"", ""571b4f22-06fa-4499-f6d0-cb8f5ffe0c89""]}",,"{""delay"": 0, ""easing"": """", ""duration"": 700, ""target"": {""useEventTarget"": ""CHILDREN"", ""selector"": "".large-paragraph-3.accordion-text"", ""selectorGuids"": [""571b4f22-06fa-4499-f6d0-cb8f5ffe0c82"", ""571b4f22-06fa-4499-f6d0-cb8f5ffe0c89""]}, ""value"": 1, ""unit"": """"}","[{""key"": ""main"", ""min"": 992, ""max"": 10000}, {""key"": ""medium"", ""min"": 768, ""max"": 991}, {""key"": ""small"", ""min"": 480, ""max"": 767}, {""key"": ""tiny"", ""min"": 0, ""max"": 479}]","[""raw/published/resources/03c1fa8b77cf-dentvitalis33.schunk.6ecbf8a934abc739.js""]",,,
derived,e-880,FAQ Accordion Closes,DROPDOWN_CLOSE,"[""/faq""]",a-14-n,0,False,0,,0,400,STYLE_SIZE,CHILDREN,"{""useEventTarget"": ""CHILDREN"", ""selector"": "".accordion-list"", ""selectorGuids"": [""571b4f22-06fa-4499-f6d0-cb8f5ffe0c7d""]}",ease,"{""delay"": 0, ""easing"": ""ease"", ""duration"": 400, ""target"": {""useEventTarget"": ""CHILDREN"", ""selector"": "".accordion-list"", ""selectorGuids"": [""571b4f22-06fa-4499-f6d0-cb8f5ffe0c7d""]}, ""heightValue"": 0, ""widthUnit"": ""PX"", ""heightUnit"": ""px"", ""locked"": false}","[{""key"": ""main"", ""min"": 992, ""max"": 10000}, {""key"": ""medium"", ""min"": 768, ""max"": 991}, {""key"": ""small"", ""min"": 480, ""max"": 767}, {""key"": ""tiny"", ""min"": 0, ""max"": 479}]","[""raw/published/resources/03c1fa8b77cf-dentvitalis33.schunk.6ecbf8a934abc739.js""]",,,
derived,e-880,FAQ Accordion Closes,DROPDOWN_CLOSE,"[""/faq""]",a-14-n-2,0,False,0,,0,500,STYLE_TEXT_COLOR,CHILDREN,"{""useEventTarget"": ""CHILDREN"", ""selector"": "".accordion-title"", ""selectorGuids"": [""571b4f22-06fa-4499-f6d0-cb8f5ffe0c6f""]}",,"{""delay"": 0, ""easing"": """", ""duration"": 500, ""target"": {""useEventTarget"": ""CHILDREN"", ""selector"": "".accordion-title"", ""selectorGuids"": [""571b4f22-06fa-4499-f6d0-cb8f5ffe0c6f""]}, ""globalSwatchId"": ""@var_variable-90781720-7ff3-c909-13c4-45d269bf0a2a"", ""rValue"": 107, ""bValue"": 118, ""gValue"": 112, ""aValue"": 1}","[{""key"": ""main"", ""min"": 992, ""max"": 10000}, {""key"": ""medium"", ""min"": 768, ""max"": 991}, {""key"": ""small"", ""min"": 480, ""max"": 767}, {""key"": ""tiny"", ""min"": 0, ""max"": 479}]","[""raw/published/resources/03c1fa8b77cf-dentvitalis33.schunk.6ecbf8a934abc739.js""]",,,
derived,e-880,FAQ Accordion Closes,DROPDOWN_CLOSE,"[""/faq""]",a-14-n-3,0,False,0,,0,300,TRANSFORM_ROTATE,CHILDREN,"{""useEventTarget"": ""CHILDREN"", ""selector"": "".vertical-line.primary-color"", ""selectorGuids"": [""571b4f22-06fa-4499-f6d0-cb8f5ffe0c7c"", ""571b4f22-06fa-4499-f6d0-cb8f5ffe0c88""]}",,"{""delay"": 0, ""easing"": """", ""duration"": 300, ""target"": {""useEventTarget"": ""CHILDREN"", ""selector"": "".vertical-line.primary-color"", ""selectorGuids"": [""571b4f22-06fa-4499-f6d0-cb8f5ffe0c7c"", ""571b4f22-06fa-4499-f6d0-cb8f5ffe0c88""]}, ""zValue"": 0, ""xUnit"": ""DEG"", ""yUnit"": ""DEG"", ""zUnit"": ""deg""}","[{""key"": ""main"", ""min"": 992, ""max"": 10000}, {""key"": ""medium"", ""min"": 768, ""max"": 991}, {""key"": ""small"", ""min"": 480, ""max"": 767}, {""key"": ""tiny"", ""min"": 0, ""max"": 479}]","[""raw/published/resources/03c1fa8b77cf-dentvitalis33.schunk.6ecbf8a934abc739.js""]",,,
derived,e-880,FAQ Accordion Closes,DROPDOWN_CLOSE,"[""/faq""]",a-14-n-4,0,False,0,,0,0,STYLE_OPACITY,CHILDREN,"{""useEventTarget"": ""CHILDREN"", ""selector"": "".large-paragraph-3.accordion-text"", ""selectorGuids"": [""571b4f22-06fa-4499-f6d0-cb8f5ffe0c82"", ""571b4f22-06fa-4499-f6d0-cb8f5ffe0c89""]}",,"{""delay"": 0, ""easing"": """", ""duration"": 0, ""target"": {""useEventTarget"": ""CHILDREN"", ""selector"": "".large-paragraph-3.accordion-text"", ""selectorGuids"": [""571b4f22-06fa-4499-f6d0-cb8f5ffe0c82"", ""571b4f22-06fa-4499-f6d0-cb8f5ffe0c89""]}, ""value"": 0, ""unit"": """"}","[{""key"": ""main"", ""min"": 992, ""max"": 10000}, {""key"": ""medium"", ""min"": 768, ""max"": 991}, {""key"": ""small"", ""min"": 480, ""max"": 767}, {""key"": ""tiny"", ""min"": 0, ""max"": 479}]","[""raw/published/resources/03c1fa8b77cf-dentvitalis33.schunk.6ecbf8a934abc739.js""]",,,
derived,e-881,FAQ Accordion Opens,DROPDOWN_OPEN,"[""/faq""]",a-13-n,0,True,,,0,500,STYLE_SIZE,CHILDREN,"{""useEventTarget"": ""CHILDREN"", ""selector"": "".accordion-list"", ""selectorGuids"": [""571b4f22-06fa-4499-f6d0-cb8f5ffe0c7d""]}",,"{""delay"": 0, ""easing"": """", ""duration"": 500, ""target"": {""useEventTarget"": ""CHILDREN"", ""selector"": "".accordion-list"", ""selectorGuids"": [""571b4f22-06fa-4499-f6d0-cb8f5ffe0c7d""]}, ""heightValue"": 0, ""widthUnit"": ""PX"", ""heightUnit"": ""px"", ""locked"": false}","[{""key"": ""main"", ""min"": 992, ""max"": 10000}, {""key"": ""medium"", ""min"": 768, ""max"": 991}, {""key"": ""small"", ""min"": 480, ""max"": 767}, {""key"": ""tiny"", ""min"": 0, ""max"": 479}]","[""raw/published/resources/03c1fa8b77cf-dentvitalis33.schunk.6ecbf8a934abc739.js""]",,,
derived,e-881,FAQ Accordion Opens,DROPDOWN_OPEN,"[""/faq""]",a-13-n-2,0,True,,,0,500,STYLE_TEXT_COLOR,CHILDREN,"{""useEventTarget"": ""CHILDREN"", ""selector"": "".accordion-title"", ""selectorGuids"": [""571b4f22-06fa-4499-f6d0-cb8f5ffe0c6f""]}",,"{""delay"": 0, ""easing"": """", ""duration"": 500, ""target"": {""useEventTarget"": ""CHILDREN"", ""selector"": "".accordion-title"", ""selectorGuids"": [""571b4f22-06fa-4499-f6d0-cb8f5ffe0c6f""]}, ""globalSwatchId"": ""@var_variable-90781720-7ff3-c909-13c4-45d269bf0a2a"", ""rValue"": 107, ""bValue"": 118, ""gValue"": 112, ""aValue"": 1}","[{""key"": ""main"", ""min"": 992, ""max"": 10000}, {""key"": ""medium"", ""min"": 768, ""max"": 991}, {""key"": ""small"", ""min"": 480, ""max"": 767}, {""key"": ""tiny"", ""min"": 0, ""max"": 479}]","[""raw/published/resources/03c1fa8b77cf-dentvitalis33.schunk.6ecbf8a934abc739.js""]",,,
derived,e-881,FAQ Accordion Opens,DROPDOWN_OPEN,"[""/faq""]",a-13-n-3,0,True,,,0,500,STYLE_BACKGROUND_COLOR,CHILDREN,"{""useEventTarget"": ""CHILDREN"", ""selector"": "".horizontal-line.primary-color"", ""selectorGuids"": [""571b4f22-06fa-4499-f6d0-cb8f5ffe0c80"", ""571b4f22-06fa-4499-f6d0-cb8f5ffe0c87""]}",,"{""delay"": 0, ""easing"": """", ""duration"": 500, ""target"": {""useEventTarget"": ""CHILDREN"", ""selector"": "".horizontal-line.primary-color"", ""selectorGuids"": [""571b4f22-06fa-4499-f6d0-cb8f5ffe0c80"", ""571b4f22-06fa-4499-f6d0-cb8f5ffe0c87""]}, ""globalSwatchId"": ""@var_variable-90781720-7ff3-c909-13c4-45d269bf0a2a"", ""rValue"": 107, ""bValue"": 118, ""gValue"": 112, ""aValue"": 1}","[{""key"": ""main"", ""min"": 992, ""max"": 10000}, {""key"": ""medium"", ""min"": 768, ""max"": 991}, {""key"": ""small"", ""min"": 480, ""max"": 767}, {""key"": ""tiny"", ""min"": 0, ""max"": 479}]","[""raw/published/resources/03c1fa8b77cf-dentvitalis33.schunk.6ecbf8a934abc739.js""]",,,
derived,e-881,FAQ Accordion Opens,DROPDOWN_OPEN,"[""/faq""]",a-13-n-4,0,True,,,0,500,STYLE_BACKGROUND_COLOR,CHILDREN,"{""useEventTarget"": ""CHILDREN"", ""selector"": "".vertical-line.primary-color"", ""selectorGuids"": [""571b4f22-06fa-4499-f6d0-cb8f5ffe0c7c"", ""571b4f22-06fa-4499-f6d0-cb8f5ffe0c88""]}",,"{""delay"": 0, ""easing"": """", ""duration"": 500, ""target"": {""useEventTarget"": ""CHILDREN"", ""selector"": "".vertical-line.primary-color"", ""selectorGuids"": [""571b4f22-06fa-4499-f6d0-cb8f5ffe0c7c"", ""571b4f22-06fa-4499-f6d0-cb8f5ffe0c88""]}, ""globalSwatchId"": ""@var_variable-90781720-7ff3-c909-13c4-45d269bf0a2a"", ""rValue"": 107, ""bValue"": 118, ""gValue"": 112, ""aValue"": 1}","[{""key"": ""main"", ""min"": 992, ""max"": 10000}, {""key"": ""medium"", ""min"": 768, ""max"": 991}, {""key"": ""small"", ""min"": 480, ""max"": 767}, {""key"": ""tiny"", ""min"": 0, ""max"": 479}]","[""raw/published/resources/03c1fa8b77cf-dentvitalis33.schunk.6ecbf8a934abc739.js""]",,,
derived,e-881,FAQ Accordion Opens,DROPDOWN_OPEN,"[""/faq""]",a-13-n-5,0,True,,,0,500,STYLE_OPACITY,CHILDREN,"{""useEventTarget"": ""CHILDREN"", ""selector"": "".large-paragraph-3.accordion-text"", ""selectorGuids"": [""571b4f22-06fa-4499-f6d0-cb8f5ffe0c82"", ""571b4f22-06fa-4499-f6d0-cb8f5ffe0c89""]}",,"{""delay"": 0, ""easing"": """", ""duration"": 500, ""target"": {""useEventTarget"": ""CHILDREN"", ""selector"": "".large-paragraph-3.accordion-text"", ""selectorGuids"": [""571b4f22-06fa-4499-f6d0-cb8f5ffe0c82"", ""571b4f22-06fa-4499-f6d0-cb8f5ffe0c89""]}, ""value"": 0, ""unit"": """"}","[{""key"": ""main"", ""min"": 992, ""max"": 10000}, {""key"": ""medium"", ""min"": 768, ""max"": 991}, {""key"": ""small"", ""min"": 480, ""max"": 767}, {""key"": ""tiny"", ""min"": 0, ""max"": 479}]","[""raw/published/resources/03c1fa8b77cf-dentvitalis33.schunk.6ecbf8a934abc739.js""]",,,
derived,e-881,FAQ Accordion Opens,DROPDOWN_OPEN,"[""/faq""]",a-13-n-6,1,False,0,,0,400,STYLE_SIZE,CHILDREN,"{""useEventTarget"": ""CHILDREN"", ""selector"": "".accordion-list"", ""selectorGuids"": [""571b4f22-06fa-4499-f6d0-cb8f5ffe0c7d""]}",ease,"{""delay"": 0, ""easing"": ""ease"", ""duration"": 400, ""target"": {""useEventTarget"": ""CHILDREN"", ""selector"": "".accordion-list"", ""selectorGuids"": [""571b4f22-06fa-4499-f6d0-cb8f5ffe0c7d""]}, ""widthUnit"": ""PX"", ""heightUnit"": ""AUTO"", ""locked"": false}","[{""key"": ""main"", ""min"": 992, ""max"": 10000}, {""key"": ""medium"", ""min"": 768, ""max"": 991}, {""key"": ""small"", ""min"": 480, ""max"": 767}, {""key"": ""tiny"", ""min"": 0, ""max"": 479}]","[""raw/published/resources/03c1fa8b77cf-dentvitalis33.schunk.6ecbf8a934abc739.js""]",,,
derived,e-881,FAQ Accordion Opens,DROPDOWN_OPEN,"[""/faq""]",a-13-n-7,1,False,0,,0,300,TRANSFORM_ROTATE,CHILDREN,"{""useEventTarget"": ""CHILDREN"", ""selector"": "".vertical-line.primary-color"", ""selectorGuids"": [""571b4f22-06fa-4499-f6d0-cb8f5ffe0c7c"", ""571b4f22-06fa-4499-f6d0-cb8f5ffe0c88""]}",,"{""delay"": 0, ""easing"": """", ""duration"": 300, ""target"": {""useEventTarget"": ""CHILDREN"", ""selector"": "".vertical-line.primary-color"", ""selectorGuids"": [""571b4f22-06fa-4499-f6d0-cb8f5ffe0c7c"", ""571b4f22-06fa-4499-f6d0-cb8f5ffe0c88""]}, ""yValue"": null, ""zValue"": -90, ""xUnit"": ""DEG"", ""yUnit"": ""deg"", ""zUnit"": ""deg""}","[{""key"": ""main"", ""min"": 992, ""max"": 10000}, {""key"": ""medium"", ""min"": 768, ""max"": 991}, {""key"": ""small"", ""min"": 480, ""max"": 767}, {""key"": ""tiny"", ""min"": 0, ""max"": 479}]","[""raw/published/resources/03c1fa8b77cf-dentvitalis33.schunk.6ecbf8a934abc739.js""]",,,
derived,e-881,FAQ Accordion Opens,DROPDOWN_OPEN,"[""/faq""]",a-13-n-8,1,False,0,,0,500,STYLE_TEXT_COLOR,CHILDREN,"{""useEventTarget"": ""CHILDREN"", ""selector"": "".accordion-title"", ""selectorGuids"": [""571b4f22-06fa-4499-f6d0-cb8f5ffe0c6f""]}",,"{""delay"": 0, ""easing"": """", ""duration"": 500, ""target"": {""useEventTarget"": ""CHILDREN"", ""selector"": "".accordion-title"", ""selectorGuids"": [""571b4f22-06fa-4499-f6d0-cb8f5ffe0c6f""]}, ""globalSwatchId"": ""@var_variable-c30fbafd-c704-5f1e-e20f-7ceadfde5500"", ""rValue"": 0, ""bValue"": 0, ""gValue"": 0, ""aValue"": 1}","[{""key"": ""main"", ""min"": 992, ""max"": 10000}, {""key"": ""medium"", ""min"": 768, ""max"": 991}, {""key"": ""small"", ""min"": 480, ""max"": 767}, {""key"": ""tiny"", ""min"": 0, ""max"": 479}]","[""raw/published/resources/03c1fa8b77cf-dentvitalis33.schunk.6ecbf8a934abc739.js""]",,,
derived,e-881,FAQ Accordion Opens,DROPDOWN_OPEN,"[""/faq""]",a-13-n-9,1,False,0,,0,700,STYLE_OPACITY,CHILDREN,"{""useEventTarget"": ""CHILDREN"", ""selector"": "".large-paragraph-3.accordion-text"", ""selectorGuids"": [""571b4f22-06fa-4499-f6d0-cb8f5ffe0c82"", ""571b4f22-06fa-4499-f6d0-cb8f5ffe0c89""]}",,"{""delay"": 0, ""easing"": """", ""duration"": 700, ""target"": {""useEventTarget"": ""CHILDREN"", ""selector"": "".large-paragraph-3.accordion-text"", ""selectorGuids"": [""571b4f22-06fa-4499-f6d0-cb8f5ffe0c82"", ""571b4f22-06fa-4499-f6d0-cb8f5ffe0c89""]}, ""value"": 1, ""unit"": """"}","[{""key"": ""main"", ""min"": 992, ""max"": 10000}, {""key"": ""medium"", ""min"": 768, ""max"": 991}, {""key"": ""small"", ""min"": 480, ""max"": 767}, {""key"": ""tiny"", ""min"": 0, ""max"": 479}]","[""raw/published/resources/03c1fa8b77cf-dentvitalis33.schunk.6ecbf8a934abc739.js""]",,,
derived,e-882,FAQ Accordion Closes,DROPDOWN_CLOSE,"[""/faq""]",a-14-n,0,False,0,,0,400,STYLE_SIZE,CHILDREN,"{""useEventTarget"": ""CHILDREN"", ""selector"": "".accordion-list"", ""selectorGuids"": [""571b4f22-06fa-4499-f6d0-cb8f5ffe0c7d""]}",ease,"{""delay"": 0, ""easing"": ""ease"", ""duration"": 400, ""target"": {""useEventTarget"": ""CHILDREN"", ""selector"": "".accordion-list"", ""selectorGuids"": [""571b4f22-06fa-4499-f6d0-cb8f5ffe0c7d""]}, ""heightValue"": 0, ""widthUnit"": ""PX"", ""heightUnit"": ""px"", ""locked"": false}","[{""key"": ""main"", ""min"": 992, ""max"": 10000}, {""key"": ""medium"", ""min"": 768, ""max"": 991}, {""key"": ""small"", ""min"": 480, ""max"": 767}, {""key"": ""tiny"", ""min"": 0, ""max"": 479}]","[""raw/published/resources/03c1fa8b77cf-dentvitalis33.schunk.6ecbf8a934abc739.js""]",,,
derived,e-882,FAQ Accordion Closes,DROPDOWN_CLOSE,"[""/faq""]",a-14-n-2,0,False,0,,0,500,STYLE_TEXT_COLOR,CHILDREN,"{""useEventTarget"": ""CHILDREN"", ""selector"": "".accordion-title"", ""selectorGuids"": [""571b4f22-06fa-4499-f6d0-cb8f5ffe0c6f""]}",,"{""delay"": 0, ""easing"": """", ""duration"": 500, ""target"": {""useEventTarget"": ""CHILDREN"", ""selector"": "".accordion-title"", ""selectorGuids"": [""571b4f22-06fa-4499-f6d0-cb8f5ffe0c6f""]}, ""globalSwatchId"": ""@var_variable-90781720-7ff3-c909-13c4-45d269bf0a2a"", ""rValue"": 107, ""bValue"": 118, ""gValue"": 112, ""aValue"": 1}","[{""key"": ""main"", ""min"": 992, ""max"": 10000}, {""key"": ""medium"", ""min"": 768, ""max"": 991}, {""key"": ""small"", ""min"": 480, ""max"": 767}, {""key"": ""tiny"", ""min"": 0, ""max"": 479}]","[""raw/published/resources/03c1fa8b77cf-dentvitalis33.schunk.6ecbf8a934abc739.js""]",,,
derived,e-882,FAQ Accordion Closes,DROPDOWN_CLOSE,"[""/faq""]",a-14-n-3,0,False,0,,0,300,TRANSFORM_ROTATE,CHILDREN,"{""useEventTarget"": ""CHILDREN"", ""selector"": "".vertical-line.primary-color"", ""selectorGuids"": [""571b4f22-06fa-4499-f6d0-cb8f5ffe0c7c"", ""571b4f22-06fa-4499-f6d0-cb8f5ffe0c88""]}",,"{""delay"": 0, ""easing"": """", ""duration"": 300, ""target"": {""useEventTarget"": ""CHILDREN"", ""selector"": "".vertical-line.primary-color"", ""selectorGuids"": [""571b4f22-06fa-4499-f6d0-cb8f5ffe0c7c"", ""571b4f22-06fa-4499-f6d0-cb8f5ffe0c88""]}, ""zValue"": 0, ""xUnit"": ""DEG"", ""yUnit"": ""DEG"", ""zUnit"": ""deg""}","[{""key"": ""main"", ""min"": 992, ""max"": 10000}, {""key"": ""medium"", ""min"": 768, ""max"": 991}, {""key"": ""small"", ""min"": 480, ""max"": 767}, {""key"": ""tiny"", ""min"": 0, ""max"": 479}]","[""raw/published/resources/03c1fa8b77cf-dentvitalis33.schunk.6ecbf8a934abc739.js""]",,,
derived,e-882,FAQ Accordion Closes,DROPDOWN_CLOSE,"[""/faq""]",a-14-n-4,0,False,0,,0,0,STYLE_OPACITY,CHILDREN,"{""useEventTarget"": ""CHILDREN"", ""selector"": "".large-paragraph-3.accordion-text"", ""selectorGuids"": [""571b4f22-06fa-4499-f6d0-cb8f5ffe0c82"", ""571b4f22-06fa-4499-f6d0-cb8f5ffe0c89""]}",,"{""delay"": 0, ""easing"": """", ""duration"": 0, ""target"": {""useEventTarget"": ""CHILDREN"", ""selector"": "".large-paragraph-3.accordion-text"", ""selectorGuids"": [""571b4f22-06fa-4499-f6d0-cb8f5ffe0c82"", ""571b4f22-06fa-4499-f6d0-cb8f5ffe0c89""]}, ""value"": 0, ""unit"": """"}","[{""key"": ""main"", ""min"": 992, ""max"": 10000}, {""key"": ""medium"", ""min"": 768, ""max"": 991}, {""key"": ""small"", ""min"": 480, ""max"": 767}, {""key"": ""tiny"", ""min"": 0, ""max"": 479}]","[""raw/published/resources/03c1fa8b77cf-dentvitalis33.schunk.6ecbf8a934abc739.js""]",,,
derived,e-883,FAQ Accordion Opens,DROPDOWN_OPEN,"[""/faq""]",a-13-n,0,True,,,0,500,STYLE_SIZE,CHILDREN,"{""useEventTarget"": ""CHILDREN"", ""selector"": "".accordion-list"", ""selectorGuids"": [""571b4f22-06fa-4499-f6d0-cb8f5ffe0c7d""]}",,"{""delay"": 0, ""easing"": """", ""duration"": 500, ""target"": {""useEventTarget"": ""CHILDREN"", ""selector"": "".accordion-list"", ""selectorGuids"": [""571b4f22-06fa-4499-f6d0-cb8f5ffe0c7d""]}, ""heightValue"": 0, ""widthUnit"": ""PX"", ""heightUnit"": ""px"", ""locked"": false}","[{""key"": ""main"", ""min"": 992, ""max"": 10000}, {""key"": ""medium"", ""min"": 768, ""max"": 991}, {""key"": ""small"", ""min"": 480, ""max"": 767}, {""key"": ""tiny"", ""min"": 0, ""max"": 479}]","[""raw/published/resources/03c1fa8b77cf-dentvitalis33.schunk.6ecbf8a934abc739.js""]",,,
derived,e-883,FAQ Accordion Opens,DROPDOWN_OPEN,"[""/faq""]",a-13-n-2,0,True,,,0,500,STYLE_TEXT_COLOR,CHILDREN,"{""useEventTarget"": ""CHILDREN"", ""selector"": "".accordion-title"", ""selectorGuids"": [""571b4f22-06fa-4499-f6d0-cb8f5ffe0c6f""]}",,"{""delay"": 0, ""easing"": """", ""duration"": 500, ""target"": {""useEventTarget"": ""CHILDREN"", ""selector"": "".accordion-title"", ""selectorGuids"": [""571b4f22-06fa-4499-f6d0-cb8f5ffe0c6f""]}, ""globalSwatchId"": ""@var_variable-90781720-7ff3-c909-13c4-45d269bf0a2a"", ""rValue"": 107, ""bValue"": 118, ""gValue"": 112, ""aValue"": 1}","[{""key"": ""main"", ""min"": 992, ""max"": 10000}, {""key"": ""medium"", ""min"": 768, ""max"": 991}, {""key"": ""small"", ""min"": 480, ""max"": 767}, {""key"": ""tiny"", ""min"": 0, ""max"": 479}]","[""raw/published/resources/03c1fa8b77cf-dentvitalis33.schunk.6ecbf8a934abc739.js""]",,,
derived,e-883,FAQ Accordion Opens,DROPDOWN_OPEN,"[""/faq""]",a-13-n-3,0,True,,,0,500,STYLE_BACKGROUND_COLOR,CHILDREN,"{""useEventTarget"": ""CHILDREN"", ""selector"": "".horizontal-line.primary-color"", ""selectorGuids"": [""571b4f22-06fa-4499-f6d0-cb8f5ffe0c80"", ""571b4f22-06fa-4499-f6d0-cb8f5ffe0c87""]}",,"{""delay"": 0, ""easing"": """", ""duration"": 500, ""target"": {""useEventTarget"": ""CHILDREN"", ""selector"": "".horizontal-line.primary-color"", ""selectorGuids"": [""571b4f22-06fa-4499-f6d0-cb8f5ffe0c80"", ""571b4f22-06fa-4499-f6d0-cb8f5ffe0c87""]}, ""globalSwatchId"": ""@var_variable-90781720-7ff3-c909-13c4-45d269bf0a2a"", ""rValue"": 107, ""bValue"": 118, ""gValue"": 112, ""aValue"": 1}","[{""key"": ""main"", ""min"": 992, ""max"": 10000}, {""key"": ""medium"", ""min"": 768, ""max"": 991}, {""key"": ""small"", ""min"": 480, ""max"": 767}, {""key"": ""tiny"", ""min"": 0, ""max"": 479}]","[""raw/published/resources/03c1fa8b77cf-dentvitalis33.schunk.6ecbf8a934abc739.js""]",,,
derived,e-883,FAQ Accordion Opens,DROPDOWN_OPEN,"[""/faq""]",a-13-n-4,0,True,,,0,500,STYLE_BACKGROUND_COLOR,CHILDREN,"{""useEventTarget"": ""CHILDREN"", ""selector"": "".vertical-line.primary-color"", ""selectorGuids"": [""571b4f22-06fa-4499-f6d0-cb8f5ffe0c7c"", ""571b4f22-06fa-4499-f6d0-cb8f5ffe0c88""]}",,"{""delay"": 0, ""easing"": """", ""duration"": 500, ""target"": {""useEventTarget"": ""CHILDREN"", ""selector"": "".vertical-line.primary-color"", ""selectorGuids"": [""571b4f22-06fa-4499-f6d0-cb8f5ffe0c7c"", ""571b4f22-06fa-4499-f6d0-cb8f5ffe0c88""]}, ""globalSwatchId"": ""@var_variable-90781720-7ff3-c909-13c4-45d269bf0a2a"", ""rValue"": 107, ""bValue"": 118, ""gValue"": 112, ""aValue"": 1}","[{""key"": ""main"", ""min"": 992, ""max"": 10000}, {""key"": ""medium"", ""min"": 768, ""max"": 991}, {""key"": ""small"", ""min"": 480, ""max"": 767}, {""key"": ""tiny"", ""min"": 0, ""max"": 479}]","[""raw/published/resources/03c1fa8b77cf-dentvitalis33.schunk.6ecbf8a934abc739.js""]",,,
derived,e-883,FAQ Accordion Opens,DROPDOWN_OPEN,"[""/faq""]",a-13-n-5,0,True,,,0,500,STYLE_OPACITY,CHILDREN,"{""useEventTarget"": ""CHILDREN"", ""selector"": "".large-paragraph-3.accordion-text"", ""selectorGuids"": [""571b4f22-06fa-4499-f6d0-cb8f5ffe0c82"", ""571b4f22-06fa-4499-f6d0-cb8f5ffe0c89""]}",,"{""delay"": 0, ""easing"": """", ""duration"": 500, ""target"": {""useEventTarget"": ""CHILDREN"", ""selector"": "".large-paragraph-3.accordion-text"", ""selectorGuids"": [""571b4f22-06fa-4499-f6d0-cb8f5ffe0c82"", ""571b4f22-06fa-4499-f6d0-cb8f5ffe0c89""]}, ""value"": 0, ""unit"": """"}","[{""key"": ""main"", ""min"": 992, ""max"": 10000}, {""key"": ""medium"", ""min"": 768, ""max"": 991}, {""key"": ""small"", ""min"": 480, ""max"": 767}, {""key"": ""tiny"", ""min"": 0, ""max"": 479}]","[""raw/published/resources/03c1fa8b77cf-dentvitalis33.schunk.6ecbf8a934abc739.js""]",,,
derived,e-883,FAQ Accordion Opens,DROPDOWN_OPEN,"[""/faq""]",a-13-n-6,1,False,0,,0,400,STYLE_SIZE,CHILDREN,"{""useEventTarget"": ""CHILDREN"", ""selector"": "".accordion-list"", ""selectorGuids"": [""571b4f22-06fa-4499-f6d0-cb8f5ffe0c7d""]}",ease,"{""delay"": 0, ""easing"": ""ease"", ""duration"": 400, ""target"": {""useEventTarget"": ""CHILDREN"", ""selector"": "".accordion-list"", ""selectorGuids"": [""571b4f22-06fa-4499-f6d0-cb8f5ffe0c7d""]}, ""widthUnit"": ""PX"", ""heightUnit"": ""AUTO"", ""locked"": false}","[{""key"": ""main"", ""min"": 992, ""max"": 10000}, {""key"": ""medium"", ""min"": 768, ""max"": 991}, {""key"": ""small"", ""min"": 480, ""max"": 767}, {""key"": ""tiny"", ""min"": 0, ""max"": 479}]","[""raw/published/resources/03c1fa8b77cf-dentvitalis33.schunk.6ecbf8a934abc739.js""]",,,
derived,e-883,FAQ Accordion Opens,DROPDOWN_OPEN,"[""/faq""]",a-13-n-7,1,False,0,,0,300,TRANSFORM_ROTATE,CHILDREN,"{""useEventTarget"": ""CHILDREN"", ""selector"": "".vertical-line.primary-color"", ""selectorGuids"": [""571b4f22-06fa-4499-f6d0-cb8f5ffe0c7c"", ""571b4f22-06fa-4499-f6d0-cb8f5ffe0c88""]}",,"{""delay"": 0, ""easing"": """", ""duration"": 300, ""target"": {""useEventTarget"": ""CHILDREN"", ""selector"": "".vertical-line.primary-color"", ""selectorGuids"": [""571b4f22-06fa-4499-f6d0-cb8f5ffe0c7c"", ""571b4f22-06fa-4499-f6d0-cb8f5ffe0c88""]}, ""yValue"": null, ""zValue"": -90, ""xUnit"": ""DEG"", ""yUnit"": ""deg"", ""zUnit"": ""deg""}","[{""key"": ""main"", ""min"": 992, ""max"": 10000}, {""key"": ""medium"", ""min"": 768, ""max"": 991}, {""key"": ""small"", ""min"": 480, ""max"": 767}, {""key"": ""tiny"", ""min"": 0, ""max"": 479}]","[""raw/published/resources/03c1fa8b77cf-dentvitalis33.schunk.6ecbf8a934abc739.js""]",,,
derived,e-883,FAQ Accordion Opens,DROPDOWN_OPEN,"[""/faq""]",a-13-n-8,1,False,0,,0,500,STYLE_TEXT_COLOR,CHILDREN,"{""useEventTarget"": ""CHILDREN"", ""selector"": "".accordion-title"", ""selectorGuids"": [""571b4f22-06fa-4499-f6d0-cb8f5ffe0c6f""]}",,"{""delay"": 0, ""easing"": """", ""duration"": 500, ""target"": {""useEventTarget"": ""CHILDREN"", ""selector"": "".accordion-title"", ""selectorGuids"": [""571b4f22-06fa-4499-f6d0-cb8f5ffe0c6f""]}, ""globalSwatchId"": ""@var_variable-c30fbafd-c704-5f1e-e20f-7ceadfde5500"", ""rValue"": 0, ""bValue"": 0, ""gValue"": 0, ""aValue"": 1}","[{""key"": ""main"", ""min"": 992, ""max"": 10000}, {""key"": ""medium"", ""min"": 768, ""max"": 991}, {""key"": ""small"", ""min"": 480, ""max"": 767}, {""key"": ""tiny"", ""min"": 0, ""max"": 479}]","[""raw/published/resources/03c1fa8b77cf-dentvitalis33.schunk.6ecbf8a934abc739.js""]",,,
derived,e-883,FAQ Accordion Opens,DROPDOWN_OPEN,"[""/faq""]",a-13-n-9,1,False,0,,0,700,STYLE_OPACITY,CHILDREN,"{""useEventTarget"": ""CHILDREN"", ""selector"": "".large-paragraph-3.accordion-text"", ""selectorGuids"": [""571b4f22-06fa-4499-f6d0-cb8f5ffe0c82"", ""571b4f22-06fa-4499-f6d0-cb8f5ffe0c89""]}",,"{""delay"": 0, ""easing"": """", ""duration"": 700, ""target"": {""useEventTarget"": ""CHILDREN"", ""selector"": "".large-paragraph-3.accordion-text"", ""selectorGuids"": [""571b4f22-06fa-4499-f6d0-cb8f5ffe0c82"", ""571b4f22-06fa-4499-f6d0-cb8f5ffe0c89""]}, ""value"": 1, ""unit"": """"}","[{""key"": ""main"", ""min"": 992, ""max"": 10000}, {""key"": ""medium"", ""min"": 768, ""max"": 991}, {""key"": ""small"", ""min"": 480, ""max"": 767}, {""key"": ""tiny"", ""min"": 0, ""max"": 479}]","[""raw/published/resources/03c1fa8b77cf-dentvitalis33.schunk.6ecbf8a934abc739.js""]",,,
derived,e-884,FAQ Accordion Closes,DROPDOWN_CLOSE,"[""/faq""]",a-14-n,0,False,0,,0,400,STYLE_SIZE,CHILDREN,"{""useEventTarget"": ""CHILDREN"", ""selector"": "".accordion-list"", ""selectorGuids"": [""571b4f22-06fa-4499-f6d0-cb8f5ffe0c7d""]}",ease,"{""delay"": 0, ""easing"": ""ease"", ""duration"": 400, ""target"": {""useEventTarget"": ""CHILDREN"", ""selector"": "".accordion-list"", ""selectorGuids"": [""571b4f22-06fa-4499-f6d0-cb8f5ffe0c7d""]}, ""heightValue"": 0, ""widthUnit"": ""PX"", ""heightUnit"": ""px"", ""locked"": false}","[{""key"": ""main"", ""min"": 992, ""max"": 10000}, {""key"": ""medium"", ""min"": 768, ""max"": 991}, {""key"": ""small"", ""min"": 480, ""max"": 767}, {""key"": ""tiny"", ""min"": 0, ""max"": 479}]","[""raw/published/resources/03c1fa8b77cf-dentvitalis33.schunk.6ecbf8a934abc739.js""]",,,
derived,e-884,FAQ Accordion Closes,DROPDOWN_CLOSE,"[""/faq""]",a-14-n-2,0,False,0,,0,500,STYLE_TEXT_COLOR,CHILDREN,"{""useEventTarget"": ""CHILDREN"", ""selector"": "".accordion-title"", ""selectorGuids"": [""571b4f22-06fa-4499-f6d0-cb8f5ffe0c6f""]}",,"{""delay"": 0, ""easing"": """", ""duration"": 500, ""target"": {""useEventTarget"": ""CHILDREN"", ""selector"": "".accordion-title"", ""selectorGuids"": [""571b4f22-06fa-4499-f6d0-cb8f5ffe0c6f""]}, ""globalSwatchId"": ""@var_variable-90781720-7ff3-c909-13c4-45d269bf0a2a"", ""rValue"": 107, ""bValue"": 118, ""gValue"": 112, ""aValue"": 1}","[{""key"": ""main"", ""min"": 992, ""max"": 10000}, {""key"": ""medium"", ""min"": 768, ""max"": 991}, {""key"": ""small"", ""min"": 480, ""max"": 767}, {""key"": ""tiny"", ""min"": 0, ""max"": 479}]","[""raw/published/resources/03c1fa8b77cf-dentvitalis33.schunk.6ecbf8a934abc739.js""]",,,
derived,e-884,FAQ Accordion Closes,DROPDOWN_CLOSE,"[""/faq""]",a-14-n-3,0,False,0,,0,300,TRANSFORM_ROTATE,CHILDREN,"{""useEventTarget"": ""CHILDREN"", ""selector"": "".vertical-line.primary-color"", ""selectorGuids"": [""571b4f22-06fa-4499-f6d0-cb8f5ffe0c7c"", ""571b4f22-06fa-4499-f6d0-cb8f5ffe0c88""]}",,"{""delay"": 0, ""easing"": """", ""duration"": 300, ""target"": {""useEventTarget"": ""CHILDREN"", ""selector"": "".vertical-line.primary-color"", ""selectorGuids"": [""571b4f22-06fa-4499-f6d0-cb8f5ffe0c7c"", ""571b4f22-06fa-4499-f6d0-cb8f5ffe0c88""]}, ""zValue"": 0, ""xUnit"": ""DEG"", ""yUnit"": ""DEG"", ""zUnit"": ""deg""}","[{""key"": ""main"", ""min"": 992, ""max"": 10000}, {""key"": ""medium"", ""min"": 768, ""max"": 991}, {""key"": ""small"", ""min"": 480, ""max"": 767}, {""key"": ""tiny"", ""min"": 0, ""max"": 479}]","[""raw/published/resources/03c1fa8b77cf-dentvitalis33.schunk.6ecbf8a934abc739.js""]",,,
derived,e-884,FAQ Accordion Closes,DROPDOWN_CLOSE,"[""/faq""]",a-14-n-4,0,False,0,,0,0,STYLE_OPACITY,CHILDREN,"{""useEventTarget"": ""CHILDREN"", ""selector"": "".large-paragraph-3.accordion-text"", ""selectorGuids"": [""571b4f22-06fa-4499-f6d0-cb8f5ffe0c82"", ""571b4f22-06fa-4499-f6d0-cb8f5ffe0c89""]}",,"{""delay"": 0, ""easing"": """", ""duration"": 0, ""target"": {""useEventTarget"": ""CHILDREN"", ""selector"": "".large-paragraph-3.accordion-text"", ""selectorGuids"": [""571b4f22-06fa-4499-f6d0-cb8f5ffe0c82"", ""571b4f22-06fa-4499-f6d0-cb8f5ffe0c89""]}, ""value"": 0, ""unit"": """"}","[{""key"": ""main"", ""min"": 992, ""max"": 10000}, {""key"": ""medium"", ""min"": 768, ""max"": 991}, {""key"": ""small"", ""min"": 480, ""max"": 767}, {""key"": ""tiny"", ""min"": 0, ""max"": 479}]","[""raw/published/resources/03c1fa8b77cf-dentvitalis33.schunk.6ecbf8a934abc739.js""]",,,
derived,e-885,FAQ Accordion Opens,DROPDOWN_OPEN,"[""/faq""]",a-13-n,0,True,,,0,500,STYLE_SIZE,CHILDREN,"{""useEventTarget"": ""CHILDREN"", ""selector"": "".accordion-list"", ""selectorGuids"": [""571b4f22-06fa-4499-f6d0-cb8f5ffe0c7d""]}",,"{""delay"": 0, ""easing"": """", ""duration"": 500, ""target"": {""useEventTarget"": ""CHILDREN"", ""selector"": "".accordion-list"", ""selectorGuids"": [""571b4f22-06fa-4499-f6d0-cb8f5ffe0c7d""]}, ""heightValue"": 0, ""widthUnit"": ""PX"", ""heightUnit"": ""px"", ""locked"": false}","[{""key"": ""main"", ""min"": 992, ""max"": 10000}, {""key"": ""medium"", ""min"": 768, ""max"": 991}, {""key"": ""small"", ""min"": 480, ""max"": 767}, {""key"": ""tiny"", ""min"": 0, ""max"": 479}]","[""raw/published/resources/03c1fa8b77cf-dentvitalis33.schunk.6ecbf8a934abc739.js""]",,,
derived,e-885,FAQ Accordion Opens,DROPDOWN_OPEN,"[""/faq""]",a-13-n-2,0,True,,,0,500,STYLE_TEXT_COLOR,CHILDREN,"{""useEventTarget"": ""CHILDREN"", ""selector"": "".accordion-title"", ""selectorGuids"": [""571b4f22-06fa-4499-f6d0-cb8f5ffe0c6f""]}",,"{""delay"": 0, ""easing"": """", ""duration"": 500, ""target"": {""useEventTarget"": ""CHILDREN"", ""selector"": "".accordion-title"", ""selectorGuids"": [""571b4f22-06fa-4499-f6d0-cb8f5ffe0c6f""]}, ""globalSwatchId"": ""@var_variable-90781720-7ff3-c909-13c4-45d269bf0a2a"", ""rValue"": 107, ""bValue"": 118, ""gValue"": 112, ""aValue"": 1}","[{""key"": ""main"", ""min"": 992, ""max"": 10000}, {""key"": ""medium"", ""min"": 768, ""max"": 991}, {""key"": ""small"", ""min"": 480, ""max"": 767}, {""key"": ""tiny"", ""min"": 0, ""max"": 479}]","[""raw/published/resources/03c1fa8b77cf-dentvitalis33.schunk.6ecbf8a934abc739.js""]",,,
derived,e-885,FAQ Accordion Opens,DROPDOWN_OPEN,"[""/faq""]",a-13-n-3,0,True,,,0,500,STYLE_BACKGROUND_COLOR,CHILDREN,"{""useEventTarget"": ""CHILDREN"", ""selector"": "".horizontal-line.primary-color"", ""selectorGuids"": [""571b4f22-06fa-4499-f6d0-cb8f5ffe0c80"", ""571b4f22-06fa-4499-f6d0-cb8f5ffe0c87""]}",,"{""delay"": 0, ""easing"": """", ""duration"": 500, ""target"": {""useEventTarget"": ""CHILDREN"", ""selector"": "".horizontal-line.primary-color"", ""selectorGuids"": [""571b4f22-06fa-4499-f6d0-cb8f5ffe0c80"", ""571b4f22-06fa-4499-f6d0-cb8f5ffe0c87""]}, ""globalSwatchId"": ""@var_variable-90781720-7ff3-c909-13c4-45d269bf0a2a"", ""rValue"": 107, ""bValue"": 118, ""gValue"": 112, ""aValue"": 1}","[{""key"": ""main"", ""min"": 992, ""max"": 10000}, {""key"": ""medium"", ""min"": 768, ""max"": 991}, {""key"": ""small"", ""min"": 480, ""max"": 767}, {""key"": ""tiny"", ""min"": 0, ""max"": 479}]","[""raw/published/resources/03c1fa8b77cf-dentvitalis33.schunk.6ecbf8a934abc739.js""]",,,
derived,e-885,FAQ Accordion Opens,DROPDOWN_OPEN,"[""/faq""]",a-13-n-4,0,True,,,0,500,STYLE_BACKGROUND_COLOR,CHILDREN,"{""useEventTarget"": ""CHILDREN"", ""selector"": "".vertical-line.primary-color"", ""selectorGuids"": [""571b4f22-06fa-4499-f6d0-cb8f5ffe0c7c"", ""571b4f22-06fa-4499-f6d0-cb8f5ffe0c88""]}",,"{""delay"": 0, ""easing"": """", ""duration"": 500, ""target"": {""useEventTarget"": ""CHILDREN"", ""selector"": "".vertical-line.primary-color"", ""selectorGuids"": [""571b4f22-06fa-4499-f6d0-cb8f5ffe0c7c"", ""571b4f22-06fa-4499-f6d0-cb8f5ffe0c88""]}, ""globalSwatchId"": ""@var_variable-90781720-7ff3-c909-13c4-45d269bf0a2a"", ""rValue"": 107, ""bValue"": 118, ""gValue"": 112, ""aValue"": 1}","[{""key"": ""main"", ""min"": 992, ""max"": 10000}, {""key"": ""medium"", ""min"": 768, ""max"": 991}, {""key"": ""small"", ""min"": 480, ""max"": 767}, {""key"": ""tiny"", ""min"": 0, ""max"": 479}]","[""raw/published/resources/03c1fa8b77cf-dentvitalis33.schunk.6ecbf8a934abc739.js""]",,,
derived,e-885,FAQ Accordion Opens,DROPDOWN_OPEN,"[""/faq""]",a-13-n-5,0,True,,,0,500,STYLE_OPACITY,CHILDREN,"{""useEventTarget"": ""CHILDREN"", ""selector"": "".large-paragraph-3.accordion-text"", ""selectorGuids"": [""571b4f22-06fa-4499-f6d0-cb8f5ffe0c82"", ""571b4f22-06fa-4499-f6d0-cb8f5ffe0c89""]}",,"{""delay"": 0, ""easing"": """", ""duration"": 500, ""target"": {""useEventTarget"": ""CHILDREN"", ""selector"": "".large-paragraph-3.accordion-text"", ""selectorGuids"": [""571b4f22-06fa-4499-f6d0-cb8f5ffe0c82"", ""571b4f22-06fa-4499-f6d0-cb8f5ffe0c89""]}, ""value"": 0, ""unit"": """"}","[{""key"": ""main"", ""min"": 992, ""max"": 10000}, {""key"": ""medium"", ""min"": 768, ""max"": 991}, {""key"": ""small"", ""min"": 480, ""max"": 767}, {""key"": ""tiny"", ""min"": 0, ""max"": 479}]","[""raw/published/resources/03c1fa8b77cf-dentvitalis33.schunk.6ecbf8a934abc739.js""]",,,
derived,e-885,FAQ Accordion Opens,DROPDOWN_OPEN,"[""/faq""]",a-13-n-6,1,False,0,,0,400,STYLE_SIZE,CHILDREN,"{""useEventTarget"": ""CHILDREN"", ""selector"": "".accordion-list"", ""selectorGuids"": [""571b4f22-06fa-4499-f6d0-cb8f5ffe0c7d""]}",ease,"{""delay"": 0, ""easing"": ""ease"", ""duration"": 400, ""target"": {""useEventTarget"": ""CHILDREN"", ""selector"": "".accordion-list"", ""selectorGuids"": [""571b4f22-06fa-4499-f6d0-cb8f5ffe0c7d""]}, ""widthUnit"": ""PX"", ""heightUnit"": ""AUTO"", ""locked"": false}","[{""key"": ""main"", ""min"": 992, ""max"": 10000}, {""key"": ""medium"", ""min"": 768, ""max"": 991}, {""key"": ""small"", ""min"": 480, ""max"": 767}, {""key"": ""tiny"", ""min"": 0, ""max"": 479}]","[""raw/published/resources/03c1fa8b77cf-dentvitalis33.schunk.6ecbf8a934abc739.js""]",,,
derived,e-885,FAQ Accordion Opens,DROPDOWN_OPEN,"[""/faq""]",a-13-n-7,1,False,0,,0,300,TRANSFORM_ROTATE,CHILDREN,"{""useEventTarget"": ""CHILDREN"", ""selector"": "".vertical-line.primary-color"", ""selectorGuids"": [""571b4f22-06fa-4499-f6d0-cb8f5ffe0c7c"", ""571b4f22-06fa-4499-f6d0-cb8f5ffe0c88""]}",,"{""delay"": 0, ""easing"": """", ""duration"": 300, ""target"": {""useEventTarget"": ""CHILDREN"", ""selector"": "".vertical-line.primary-color"", ""selectorGuids"": [""571b4f22-06fa-4499-f6d0-cb8f5ffe0c7c"", ""571b4f22-06fa-4499-f6d0-cb8f5ffe0c88""]}, ""yValue"": null, ""zValue"": -90, ""xUnit"": ""DEG"", ""yUnit"": ""deg"", ""zUnit"": ""deg""}","[{""key"": ""main"", ""min"": 992, ""max"": 10000}, {""key"": ""medium"", ""min"": 768, ""max"": 991}, {""key"": ""small"", ""min"": 480, ""max"": 767}, {""key"": ""tiny"", ""min"": 0, ""max"": 479}]","[""raw/published/resources/03c1fa8b77cf-dentvitalis33.schunk.6ecbf8a934abc739.js""]",,,
derived,e-885,FAQ Accordion Opens,DROPDOWN_OPEN,"[""/faq""]",a-13-n-8,1,False,0,,0,500,STYLE_TEXT_COLOR,CHILDREN,"{""useEventTarget"": ""CHILDREN"", ""selector"": "".accordion-title"", ""selectorGuids"": [""571b4f22-06fa-4499-f6d0-cb8f5ffe0c6f""]}",,"{""delay"": 0, ""easing"": """", ""duration"": 500, ""target"": {""useEventTarget"": ""CHILDREN"", ""selector"": "".accordion-title"", ""selectorGuids"": [""571b4f22-06fa-4499-f6d0-cb8f5ffe0c6f""]}, ""globalSwatchId"": ""@var_variable-c30fbafd-c704-5f1e-e20f-7ceadfde5500"", ""rValue"": 0, ""bValue"": 0, ""gValue"": 0, ""aValue"": 1}","[{""key"": ""main"", ""min"": 992, ""max"": 10000}, {""key"": ""medium"", ""min"": 768, ""max"": 991}, {""key"": ""small"", ""min"": 480, ""max"": 767}, {""key"": ""tiny"", ""min"": 0, ""max"": 479}]","[""raw/published/resources/03c1fa8b77cf-dentvitalis33.schunk.6ecbf8a934abc739.js""]",,,
derived,e-885,FAQ Accordion Opens,DROPDOWN_OPEN,"[""/faq""]",a-13-n-9,1,False,0,,0,700,STYLE_OPACITY,CHILDREN,"{""useEventTarget"": ""CHILDREN"", ""selector"": "".large-paragraph-3.accordion-text"", ""selectorGuids"": [""571b4f22-06fa-4499-f6d0-cb8f5ffe0c82"", ""571b4f22-06fa-4499-f6d0-cb8f5ffe0c89""]}",,"{""delay"": 0, ""easing"": """", ""duration"": 700, ""target"": {""useEventTarget"": ""CHILDREN"", ""selector"": "".large-paragraph-3.accordion-text"", ""selectorGuids"": [""571b4f22-06fa-4499-f6d0-cb8f5ffe0c82"", ""571b4f22-06fa-4499-f6d0-cb8f5ffe0c89""]}, ""value"": 1, ""unit"": """"}","[{""key"": ""main"", ""min"": 992, ""max"": 10000}, {""key"": ""medium"", ""min"": 768, ""max"": 991}, {""key"": ""small"", ""min"": 480, ""max"": 767}, {""key"": ""tiny"", ""min"": 0, ""max"": 479}]","[""raw/published/resources/03c1fa8b77cf-dentvitalis33.schunk.6ecbf8a934abc739.js""]",,,
derived,e-886,FAQ Accordion Closes,DROPDOWN_CLOSE,"[""/faq""]",a-14-n,0,False,0,,0,400,STYLE_SIZE,CHILDREN,"{""useEventTarget"": ""CHILDREN"", ""selector"": "".accordion-list"", ""selectorGuids"": [""571b4f22-06fa-4499-f6d0-cb8f5ffe0c7d""]}",ease,"{""delay"": 0, ""easing"": ""ease"", ""duration"": 400, ""target"": {""useEventTarget"": ""CHILDREN"", ""selector"": "".accordion-list"", ""selectorGuids"": [""571b4f22-06fa-4499-f6d0-cb8f5ffe0c7d""]}, ""heightValue"": 0, ""widthUnit"": ""PX"", ""heightUnit"": ""px"", ""locked"": false}","[{""key"": ""main"", ""min"": 992, ""max"": 10000}, {""key"": ""medium"", ""min"": 768, ""max"": 991}, {""key"": ""small"", ""min"": 480, ""max"": 767}, {""key"": ""tiny"", ""min"": 0, ""max"": 479}]","[""raw/published/resources/03c1fa8b77cf-dentvitalis33.schunk.6ecbf8a934abc739.js""]",,,
derived,e-886,FAQ Accordion Closes,DROPDOWN_CLOSE,"[""/faq""]",a-14-n-2,0,False,0,,0,500,STYLE_TEXT_COLOR,CHILDREN,"{""useEventTarget"": ""CHILDREN"", ""selector"": "".accordion-title"", ""selectorGuids"": [""571b4f22-06fa-4499-f6d0-cb8f5ffe0c6f""]}",,"{""delay"": 0, ""easing"": """", ""duration"": 500, ""target"": {""useEventTarget"": ""CHILDREN"", ""selector"": "".accordion-title"", ""selectorGuids"": [""571b4f22-06fa-4499-f6d0-cb8f5ffe0c6f""]}, ""globalSwatchId"": ""@var_variable-90781720-7ff3-c909-13c4-45d269bf0a2a"", ""rValue"": 107, ""bValue"": 118, ""gValue"": 112, ""aValue"": 1}","[{""key"": ""main"", ""min"": 992, ""max"": 10000}, {""key"": ""medium"", ""min"": 768, ""max"": 991}, {""key"": ""small"", ""min"": 480, ""max"": 767}, {""key"": ""tiny"", ""min"": 0, ""max"": 479}]","[""raw/published/resources/03c1fa8b77cf-dentvitalis33.schunk.6ecbf8a934abc739.js""]",,,
derived,e-886,FAQ Accordion Closes,DROPDOWN_CLOSE,"[""/faq""]",a-14-n-3,0,False,0,,0,300,TRANSFORM_ROTATE,CHILDREN,"{""useEventTarget"": ""CHILDREN"", ""selector"": "".vertical-line.primary-color"", ""selectorGuids"": [""571b4f22-06fa-4499-f6d0-cb8f5ffe0c7c"", ""571b4f22-06fa-4499-f6d0-cb8f5ffe0c88""]}",,"{""delay"": 0, ""easing"": """", ""duration"": 300, ""target"": {""useEventTarget"": ""CHILDREN"", ""selector"": "".vertical-line.primary-color"", ""selectorGuids"": [""571b4f22-06fa-4499-f6d0-cb8f5ffe0c7c"", ""571b4f22-06fa-4499-f6d0-cb8f5ffe0c88""]}, ""zValue"": 0, ""xUnit"": ""DEG"", ""yUnit"": ""DEG"", ""zUnit"": ""deg""}","[{""key"": ""main"", ""min"": 992, ""max"": 10000}, {""key"": ""medium"", ""min"": 768, ""max"": 991}, {""key"": ""small"", ""min"": 480, ""max"": 767}, {""key"": ""tiny"", ""min"": 0, ""max"": 479}]","[""raw/published/resources/03c1fa8b77cf-dentvitalis33.schunk.6ecbf8a934abc739.js""]",,,
derived,e-886,FAQ Accordion Closes,DROPDOWN_CLOSE,"[""/faq""]",a-14-n-4,0,False,0,,0,0,STYLE_OPACITY,CHILDREN,"{""useEventTarget"": ""CHILDREN"", ""selector"": "".large-paragraph-3.accordion-text"", ""selectorGuids"": [""571b4f22-06fa-4499-f6d0-cb8f5ffe0c82"", ""571b4f22-06fa-4499-f6d0-cb8f5ffe0c89""]}",,"{""delay"": 0, ""easing"": """", ""duration"": 0, ""target"": {""useEventTarget"": ""CHILDREN"", ""selector"": "".large-paragraph-3.accordion-text"", ""selectorGuids"": [""571b4f22-06fa-4499-f6d0-cb8f5ffe0c82"", ""571b4f22-06fa-4499-f6d0-cb8f5ffe0c89""]}, ""value"": 0, ""unit"": """"}","[{""key"": ""main"", ""min"": 992, ""max"": 10000}, {""key"": ""medium"", ""min"": 768, ""max"": 991}, {""key"": ""small"", ""min"": 480, ""max"": 767}, {""key"": ""tiny"", ""min"": 0, ""max"": 479}]","[""raw/published/resources/03c1fa8b77cf-dentvitalis33.schunk.6ecbf8a934abc739.js""]",,,
derived,e-887,FAQ Accordion Opens,DROPDOWN_OPEN,"[""/faq""]",a-13-n,0,True,,,0,500,STYLE_SIZE,CHILDREN,"{""useEventTarget"": ""CHILDREN"", ""selector"": "".accordion-list"", ""selectorGuids"": [""571b4f22-06fa-4499-f6d0-cb8f5ffe0c7d""]}",,"{""delay"": 0, ""easing"": """", ""duration"": 500, ""target"": {""useEventTarget"": ""CHILDREN"", ""selector"": "".accordion-list"", ""selectorGuids"": [""571b4f22-06fa-4499-f6d0-cb8f5ffe0c7d""]}, ""heightValue"": 0, ""widthUnit"": ""PX"", ""heightUnit"": ""px"", ""locked"": false}","[{""key"": ""main"", ""min"": 992, ""max"": 10000}, {""key"": ""medium"", ""min"": 768, ""max"": 991}, {""key"": ""small"", ""min"": 480, ""max"": 767}, {""key"": ""tiny"", ""min"": 0, ""max"": 479}]","[""raw/published/resources/03c1fa8b77cf-dentvitalis33.schunk.6ecbf8a934abc739.js""]",,,
derived,e-887,FAQ Accordion Opens,DROPDOWN_OPEN,"[""/faq""]",a-13-n-2,0,True,,,0,500,STYLE_TEXT_COLOR,CHILDREN,"{""useEventTarget"": ""CHILDREN"", ""selector"": "".accordion-title"", ""selectorGuids"": [""571b4f22-06fa-4499-f6d0-cb8f5ffe0c6f""]}",,"{""delay"": 0, ""easing"": """", ""duration"": 500, ""target"": {""useEventTarget"": ""CHILDREN"", ""selector"": "".accordion-title"", ""selectorGuids"": [""571b4f22-06fa-4499-f6d0-cb8f5ffe0c6f""]}, ""globalSwatchId"": ""@var_variable-90781720-7ff3-c909-13c4-45d269bf0a2a"", ""rValue"": 107, ""bValue"": 118, ""gValue"": 112, ""aValue"": 1}","[{""key"": ""main"", ""min"": 992, ""max"": 10000}, {""key"": ""medium"", ""min"": 768, ""max"": 991}, {""key"": ""small"", ""min"": 480, ""max"": 767}, {""key"": ""tiny"", ""min"": 0, ""max"": 479}]","[""raw/published/resources/03c1fa8b77cf-dentvitalis33.schunk.6ecbf8a934abc739.js""]",,,
derived,e-887,FAQ Accordion Opens,DROPDOWN_OPEN,"[""/faq""]",a-13-n-3,0,True,,,0,500,STYLE_BACKGROUND_COLOR,CHILDREN,"{""useEventTarget"": ""CHILDREN"", ""selector"": "".horizontal-line.primary-color"", ""selectorGuids"": [""571b4f22-06fa-4499-f6d0-cb8f5ffe0c80"", ""571b4f22-06fa-4499-f6d0-cb8f5ffe0c87""]}",,"{""delay"": 0, ""easing"": """", ""duration"": 500, ""target"": {""useEventTarget"": ""CHILDREN"", ""selector"": "".horizontal-line.primary-color"", ""selectorGuids"": [""571b4f22-06fa-4499-f6d0-cb8f5ffe0c80"", ""571b4f22-06fa-4499-f6d0-cb8f5ffe0c87""]}, ""globalSwatchId"": ""@var_variable-90781720-7ff3-c909-13c4-45d269bf0a2a"", ""rValue"": 107, ""bValue"": 118, ""gValue"": 112, ""aValue"": 1}","[{""key"": ""main"", ""min"": 992, ""max"": 10000}, {""key"": ""medium"", ""min"": 768, ""max"": 991}, {""key"": ""small"", ""min"": 480, ""max"": 767}, {""key"": ""tiny"", ""min"": 0, ""max"": 479}]","[""raw/published/resources/03c1fa8b77cf-dentvitalis33.schunk.6ecbf8a934abc739.js""]",,,
derived,e-887,FAQ Accordion Opens,DROPDOWN_OPEN,"[""/faq""]",a-13-n-4,0,True,,,0,500,STYLE_BACKGROUND_COLOR,CHILDREN,"{""useEventTarget"": ""CHILDREN"", ""selector"": "".vertical-line.primary-color"", ""selectorGuids"": [""571b4f22-06fa-4499-f6d0-cb8f5ffe0c7c"", ""571b4f22-06fa-4499-f6d0-cb8f5ffe0c88""]}",,"{""delay"": 0, ""easing"": """", ""duration"": 500, ""target"": {""useEventTarget"": ""CHILDREN"", ""selector"": "".vertical-line.primary-color"", ""selectorGuids"": [""571b4f22-06fa-4499-f6d0-cb8f5ffe0c7c"", ""571b4f22-06fa-4499-f6d0-cb8f5ffe0c88""]}, ""globalSwatchId"": ""@var_variable-90781720-7ff3-c909-13c4-45d269bf0a2a"", ""rValue"": 107, ""bValue"": 118, ""gValue"": 112, ""aValue"": 1}","[{""key"": ""main"", ""min"": 992, ""max"": 10000}, {""key"": ""medium"", ""min"": 768, ""max"": 991}, {""key"": ""small"", ""min"": 480, ""max"": 767}, {""key"": ""tiny"", ""min"": 0, ""max"": 479}]","[""raw/published/resources/03c1fa8b77cf-dentvitalis33.schunk.6ecbf8a934abc739.js""]",,,
derived,e-887,FAQ Accordion Opens,DROPDOWN_OPEN,"[""/faq""]",a-13-n-5,0,True,,,0,500,STYLE_OPACITY,CHILDREN,"{""useEventTarget"": ""CHILDREN"", ""selector"": "".large-paragraph-3.accordion-text"", ""selectorGuids"": [""571b4f22-06fa-4499-f6d0-cb8f5ffe0c82"", ""571b4f22-06fa-4499-f6d0-cb8f5ffe0c89""]}",,"{""delay"": 0, ""easing"": """", ""duration"": 500, ""target"": {""useEventTarget"": ""CHILDREN"", ""selector"": "".large-paragraph-3.accordion-text"", ""selectorGuids"": [""571b4f22-06fa-4499-f6d0-cb8f5ffe0c82"", ""571b4f22-06fa-4499-f6d0-cb8f5ffe0c89""]}, ""value"": 0, ""unit"": """"}","[{""key"": ""main"", ""min"": 992, ""max"": 10000}, {""key"": ""medium"", ""min"": 768, ""max"": 991}, {""key"": ""small"", ""min"": 480, ""max"": 767}, {""key"": ""tiny"", ""min"": 0, ""max"": 479}]","[""raw/published/resources/03c1fa8b77cf-dentvitalis33.schunk.6ecbf8a934abc739.js""]",,,
derived,e-887,FAQ Accordion Opens,DROPDOWN_OPEN,"[""/faq""]",a-13-n-6,1,False,0,,0,400,STYLE_SIZE,CHILDREN,"{""useEventTarget"": ""CHILDREN"", ""selector"": "".accordion-list"", ""selectorGuids"": [""571b4f22-06fa-4499-f6d0-cb8f5ffe0c7d""]}",ease,"{""delay"": 0, ""easing"": ""ease"", ""duration"": 400, ""target"": {""useEventTarget"": ""CHILDREN"", ""selector"": "".accordion-list"", ""selectorGuids"": [""571b4f22-06fa-4499-f6d0-cb8f5ffe0c7d""]}, ""widthUnit"": ""PX"", ""heightUnit"": ""AUTO"", ""locked"": false}","[{""key"": ""main"", ""min"": 992, ""max"": 10000}, {""key"": ""medium"", ""min"": 768, ""max"": 991}, {""key"": ""small"", ""min"": 480, ""max"": 767}, {""key"": ""tiny"", ""min"": 0, ""max"": 479}]","[""raw/published/resources/03c1fa8b77cf-dentvitalis33.schunk.6ecbf8a934abc739.js""]",,,
derived,e-887,FAQ Accordion Opens,DROPDOWN_OPEN,"[""/faq""]",a-13-n-7,1,False,0,,0,300,TRANSFORM_ROTATE,CHILDREN,"{""useEventTarget"": ""CHILDREN"", ""selector"": "".vertical-line.primary-color"", ""selectorGuids"": [""571b4f22-06fa-4499-f6d0-cb8f5ffe0c7c"", ""571b4f22-06fa-4499-f6d0-cb8f5ffe0c88""]}",,"{""delay"": 0, ""easing"": """", ""duration"": 300, ""target"": {""useEventTarget"": ""CHILDREN"", ""selector"": "".vertical-line.primary-color"", ""selectorGuids"": [""571b4f22-06fa-4499-f6d0-cb8f5ffe0c7c"", ""571b4f22-06fa-4499-f6d0-cb8f5ffe0c88""]}, ""yValue"": null, ""zValue"": -90, ""xUnit"": ""DEG"", ""yUnit"": ""deg"", ""zUnit"": ""deg""}","[{""key"": ""main"", ""min"": 992, ""max"": 10000}, {""key"": ""medium"", ""min"": 768, ""max"": 991}, {""key"": ""small"", ""min"": 480, ""max"": 767}, {""key"": ""tiny"", ""min"": 0, ""max"": 479}]","[""raw/published/resources/03c1fa8b77cf-dentvitalis33.schunk.6ecbf8a934abc739.js""]",,,
derived,e-887,FAQ Accordion Opens,DROPDOWN_OPEN,"[""/faq""]",a-13-n-8,1,False,0,,0,500,STYLE_TEXT_COLOR,CHILDREN,"{""useEventTarget"": ""CHILDREN"", ""selector"": "".accordion-title"", ""selectorGuids"": [""571b4f22-06fa-4499-f6d0-cb8f5ffe0c6f""]}",,"{""delay"": 0, ""easing"": """", ""duration"": 500, ""target"": {""useEventTarget"": ""CHILDREN"", ""selector"": "".accordion-title"", ""selectorGuids"": [""571b4f22-06fa-4499-f6d0-cb8f5ffe0c6f""]}, ""globalSwatchId"": ""@var_variable-c30fbafd-c704-5f1e-e20f-7ceadfde5500"", ""rValue"": 0, ""bValue"": 0, ""gValue"": 0, ""aValue"": 1}","[{""key"": ""main"", ""min"": 992, ""max"": 10000}, {""key"": ""medium"", ""min"": 768, ""max"": 991}, {""key"": ""small"", ""min"": 480, ""max"": 767}, {""key"": ""tiny"", ""min"": 0, ""max"": 479}]","[""raw/published/resources/03c1fa8b77cf-dentvitalis33.schunk.6ecbf8a934abc739.js""]",,,
derived,e-887,FAQ Accordion Opens,DROPDOWN_OPEN,"[""/faq""]",a-13-n-9,1,False,0,,0,700,STYLE_OPACITY,CHILDREN,"{""useEventTarget"": ""CHILDREN"", ""selector"": "".large-paragraph-3.accordion-text"", ""selectorGuids"": [""571b4f22-06fa-4499-f6d0-cb8f5ffe0c82"", ""571b4f22-06fa-4499-f6d0-cb8f5ffe0c89""]}",,"{""delay"": 0, ""easing"": """", ""duration"": 700, ""target"": {""useEventTarget"": ""CHILDREN"", ""selector"": "".large-paragraph-3.accordion-text"", ""selectorGuids"": [""571b4f22-06fa-4499-f6d0-cb8f5ffe0c82"", ""571b4f22-06fa-4499-f6d0-cb8f5ffe0c89""]}, ""value"": 1, ""unit"": """"}","[{""key"": ""main"", ""min"": 992, ""max"": 10000}, {""key"": ""medium"", ""min"": 768, ""max"": 991}, {""key"": ""small"", ""min"": 480, ""max"": 767}, {""key"": ""tiny"", ""min"": 0, ""max"": 479}]","[""raw/published/resources/03c1fa8b77cf-dentvitalis33.schunk.6ecbf8a934abc739.js""]",,,
derived,e-888,FAQ Accordion Closes,DROPDOWN_CLOSE,"[""/faq""]",a-14-n,0,False,0,,0,400,STYLE_SIZE,CHILDREN,"{""useEventTarget"": ""CHILDREN"", ""selector"": "".accordion-list"", ""selectorGuids"": [""571b4f22-06fa-4499-f6d0-cb8f5ffe0c7d""]}",ease,"{""delay"": 0, ""easing"": ""ease"", ""duration"": 400, ""target"": {""useEventTarget"": ""CHILDREN"", ""selector"": "".accordion-list"", ""selectorGuids"": [""571b4f22-06fa-4499-f6d0-cb8f5ffe0c7d""]}, ""heightValue"": 0, ""widthUnit"": ""PX"", ""heightUnit"": ""px"", ""locked"": false}","[{""key"": ""main"", ""min"": 992, ""max"": 10000}, {""key"": ""medium"", ""min"": 768, ""max"": 991}, {""key"": ""small"", ""min"": 480, ""max"": 767}, {""key"": ""tiny"", ""min"": 0, ""max"": 479}]","[""raw/published/resources/03c1fa8b77cf-dentvitalis33.schunk.6ecbf8a934abc739.js""]",,,
derived,e-888,FAQ Accordion Closes,DROPDOWN_CLOSE,"[""/faq""]",a-14-n-2,0,False,0,,0,500,STYLE_TEXT_COLOR,CHILDREN,"{""useEventTarget"": ""CHILDREN"", ""selector"": "".accordion-title"", ""selectorGuids"": [""571b4f22-06fa-4499-f6d0-cb8f5ffe0c6f""]}",,"{""delay"": 0, ""easing"": """", ""duration"": 500, ""target"": {""useEventTarget"": ""CHILDREN"", ""selector"": "".accordion-title"", ""selectorGuids"": [""571b4f22-06fa-4499-f6d0-cb8f5ffe0c6f""]}, ""globalSwatchId"": ""@var_variable-90781720-7ff3-c909-13c4-45d269bf0a2a"", ""rValue"": 107, ""bValue"": 118, ""gValue"": 112, ""aValue"": 1}","[{""key"": ""main"", ""min"": 992, ""max"": 10000}, {""key"": ""medium"", ""min"": 768, ""max"": 991}, {""key"": ""small"", ""min"": 480, ""max"": 767}, {""key"": ""tiny"", ""min"": 0, ""max"": 479}]","[""raw/published/resources/03c1fa8b77cf-dentvitalis33.schunk.6ecbf8a934abc739.js""]",,,
derived,e-888,FAQ Accordion Closes,DROPDOWN_CLOSE,"[""/faq""]",a-14-n-3,0,False,0,,0,300,TRANSFORM_ROTATE,CHILDREN,"{""useEventTarget"": ""CHILDREN"", ""selector"": "".vertical-line.primary-color"", ""selectorGuids"": [""571b4f22-06fa-4499-f6d0-cb8f5ffe0c7c"", ""571b4f22-06fa-4499-f6d0-cb8f5ffe0c88""]}",,"{""delay"": 0, ""easing"": """", ""duration"": 300, ""target"": {""useEventTarget"": ""CHILDREN"", ""selector"": "".vertical-line.primary-color"", ""selectorGuids"": [""571b4f22-06fa-4499-f6d0-cb8f5ffe0c7c"", ""571b4f22-06fa-4499-f6d0-cb8f5ffe0c88""]}, ""zValue"": 0, ""xUnit"": ""DEG"", ""yUnit"": ""DEG"", ""zUnit"": ""deg""}","[{""key"": ""main"", ""min"": 992, ""max"": 10000}, {""key"": ""medium"", ""min"": 768, ""max"": 991}, {""key"": ""small"", ""min"": 480, ""max"": 767}, {""key"": ""tiny"", ""min"": 0, ""max"": 479}]","[""raw/published/resources/03c1fa8b77cf-dentvitalis33.schunk.6ecbf8a934abc739.js""]",,,
derived,e-888,FAQ Accordion Closes,DROPDOWN_CLOSE,"[""/faq""]",a-14-n-4,0,False,0,,0,0,STYLE_OPACITY,CHILDREN,"{""useEventTarget"": ""CHILDREN"", ""selector"": "".large-paragraph-3.accordion-text"", ""selectorGuids"": [""571b4f22-06fa-4499-f6d0-cb8f5ffe0c82"", ""571b4f22-06fa-4499-f6d0-cb8f5ffe0c89""]}",,"{""delay"": 0, ""easing"": """", ""duration"": 0, ""target"": {""useEventTarget"": ""CHILDREN"", ""selector"": "".large-paragraph-3.accordion-text"", ""selectorGuids"": [""571b4f22-06fa-4499-f6d0-cb8f5ffe0c82"", ""571b4f22-06fa-4499-f6d0-cb8f5ffe0c89""]}, ""value"": 0, ""unit"": """"}","[{""key"": ""main"", ""min"": 992, ""max"": 10000}, {""key"": ""medium"", ""min"": 768, ""max"": 991}, {""key"": ""small"", ""min"": 480, ""max"": 767}, {""key"": ""tiny"", ""min"": 0, ""max"": 479}]","[""raw/published/resources/03c1fa8b77cf-dentvitalis33.schunk.6ecbf8a934abc739.js""]",,,
derived,e-889,FAQ Accordion Opens,DROPDOWN_OPEN,"[""/faq""]",a-13-n,0,True,,,0,500,STYLE_SIZE,CHILDREN,"{""useEventTarget"": ""CHILDREN"", ""selector"": "".accordion-list"", ""selectorGuids"": [""571b4f22-06fa-4499-f6d0-cb8f5ffe0c7d""]}",,"{""delay"": 0, ""easing"": """", ""duration"": 500, ""target"": {""useEventTarget"": ""CHILDREN"", ""selector"": "".accordion-list"", ""selectorGuids"": [""571b4f22-06fa-4499-f6d0-cb8f5ffe0c7d""]}, ""heightValue"": 0, ""widthUnit"": ""PX"", ""heightUnit"": ""px"", ""locked"": false}","[{""key"": ""main"", ""min"": 992, ""max"": 10000}, {""key"": ""medium"", ""min"": 768, ""max"": 991}, {""key"": ""small"", ""min"": 480, ""max"": 767}, {""key"": ""tiny"", ""min"": 0, ""max"": 479}]","[""raw/published/resources/03c1fa8b77cf-dentvitalis33.schunk.6ecbf8a934abc739.js""]",,,
derived,e-889,FAQ Accordion Opens,DROPDOWN_OPEN,"[""/faq""]",a-13-n-2,0,True,,,0,500,STYLE_TEXT_COLOR,CHILDREN,"{""useEventTarget"": ""CHILDREN"", ""selector"": "".accordion-title"", ""selectorGuids"": [""571b4f22-06fa-4499-f6d0-cb8f5ffe0c6f""]}",,"{""delay"": 0, ""easing"": """", ""duration"": 500, ""target"": {""useEventTarget"": ""CHILDREN"", ""selector"": "".accordion-title"", ""selectorGuids"": [""571b4f22-06fa-4499-f6d0-cb8f5ffe0c6f""]}, ""globalSwatchId"": ""@var_variable-90781720-7ff3-c909-13c4-45d269bf0a2a"", ""rValue"": 107, ""bValue"": 118, ""gValue"": 112, ""aValue"": 1}","[{""key"": ""main"", ""min"": 992, ""max"": 10000}, {""key"": ""medium"", ""min"": 768, ""max"": 991}, {""key"": ""small"", ""min"": 480, ""max"": 767}, {""key"": ""tiny"", ""min"": 0, ""max"": 479}]","[""raw/published/resources/03c1fa8b77cf-dentvitalis33.schunk.6ecbf8a934abc739.js""]",,,
derived,e-889,FAQ Accordion Opens,DROPDOWN_OPEN,"[""/faq""]",a-13-n-3,0,True,,,0,500,STYLE_BACKGROUND_COLOR,CHILDREN,"{""useEventTarget"": ""CHILDREN"", ""selector"": "".horizontal-line.primary-color"", ""selectorGuids"": [""571b4f22-06fa-4499-f6d0-cb8f5ffe0c80"", ""571b4f22-06fa-4499-f6d0-cb8f5ffe0c87""]}",,"{""delay"": 0, ""easing"": """", ""duration"": 500, ""target"": {""useEventTarget"": ""CHILDREN"", ""selector"": "".horizontal-line.primary-color"", ""selectorGuids"": [""571b4f22-06fa-4499-f6d0-cb8f5ffe0c80"", ""571b4f22-06fa-4499-f6d0-cb8f5ffe0c87""]}, ""globalSwatchId"": ""@var_variable-90781720-7ff3-c909-13c4-45d269bf0a2a"", ""rValue"": 107, ""bValue"": 118, ""gValue"": 112, ""aValue"": 1}","[{""key"": ""main"", ""min"": 992, ""max"": 10000}, {""key"": ""medium"", ""min"": 768, ""max"": 991}, {""key"": ""small"", ""min"": 480, ""max"": 767}, {""key"": ""tiny"", ""min"": 0, ""max"": 479}]","[""raw/published/resources/03c1fa8b77cf-dentvitalis33.schunk.6ecbf8a934abc739.js""]",,,
derived,e-889,FAQ Accordion Opens,DROPDOWN_OPEN,"[""/faq""]",a-13-n-4,0,True,,,0,500,STYLE_BACKGROUND_COLOR,CHILDREN,"{""useEventTarget"": ""CHILDREN"", ""selector"": "".vertical-line.primary-color"", ""selectorGuids"": [""571b4f22-06fa-4499-f6d0-cb8f5ffe0c7c"", ""571b4f22-06fa-4499-f6d0-cb8f5ffe0c88""]}",,"{""delay"": 0, ""easing"": """", ""duration"": 500, ""target"": {""useEventTarget"": ""CHILDREN"", ""selector"": "".vertical-line.primary-color"", ""selectorGuids"": [""571b4f22-06fa-4499-f6d0-cb8f5ffe0c7c"", ""571b4f22-06fa-4499-f6d0-cb8f5ffe0c88""]}, ""globalSwatchId"": ""@var_variable-90781720-7ff3-c909-13c4-45d269bf0a2a"", ""rValue"": 107, ""bValue"": 118, ""gValue"": 112, ""aValue"": 1}","[{""key"": ""main"", ""min"": 992, ""max"": 10000}, {""key"": ""medium"", ""min"": 768, ""max"": 991}, {""key"": ""small"", ""min"": 480, ""max"": 767}, {""key"": ""tiny"", ""min"": 0, ""max"": 479}]","[""raw/published/resources/03c1fa8b77cf-dentvitalis33.schunk.6ecbf8a934abc739.js""]",,,
derived,e-889,FAQ Accordion Opens,DROPDOWN_OPEN,"[""/faq""]",a-13-n-5,0,True,,,0,500,STYLE_OPACITY,CHILDREN,"{""useEventTarget"": ""CHILDREN"", ""selector"": "".large-paragraph-3.accordion-text"", ""selectorGuids"": [""571b4f22-06fa-4499-f6d0-cb8f5ffe0c82"", ""571b4f22-06fa-4499-f6d0-cb8f5ffe0c89""]}",,"{""delay"": 0, ""easing"": """", ""duration"": 500, ""target"": {""useEventTarget"": ""CHILDREN"", ""selector"": "".large-paragraph-3.accordion-text"", ""selectorGuids"": [""571b4f22-06fa-4499-f6d0-cb8f5ffe0c82"", ""571b4f22-06fa-4499-f6d0-cb8f5ffe0c89""]}, ""value"": 0, ""unit"": """"}","[{""key"": ""main"", ""min"": 992, ""max"": 10000}, {""key"": ""medium"", ""min"": 768, ""max"": 991}, {""key"": ""small"", ""min"": 480, ""max"": 767}, {""key"": ""tiny"", ""min"": 0, ""max"": 479}]","[""raw/published/resources/03c1fa8b77cf-dentvitalis33.schunk.6ecbf8a934abc739.js""]",,,
derived,e-889,FAQ Accordion Opens,DROPDOWN_OPEN,"[""/faq""]",a-13-n-6,1,False,0,,0,400,STYLE_SIZE,CHILDREN,"{""useEventTarget"": ""CHILDREN"", ""selector"": "".accordion-list"", ""selectorGuids"": [""571b4f22-06fa-4499-f6d0-cb8f5ffe0c7d""]}",ease,"{""delay"": 0, ""easing"": ""ease"", ""duration"": 400, ""target"": {""useEventTarget"": ""CHILDREN"", ""selector"": "".accordion-list"", ""selectorGuids"": [""571b4f22-06fa-4499-f6d0-cb8f5ffe0c7d""]}, ""widthUnit"": ""PX"", ""heightUnit"": ""AUTO"", ""locked"": false}","[{""key"": ""main"", ""min"": 992, ""max"": 10000}, {""key"": ""medium"", ""min"": 768, ""max"": 991}, {""key"": ""small"", ""min"": 480, ""max"": 767}, {""key"": ""tiny"", ""min"": 0, ""max"": 479}]","[""raw/published/resources/03c1fa8b77cf-dentvitalis33.schunk.6ecbf8a934abc739.js""]",,,
derived,e-889,FAQ Accordion Opens,DROPDOWN_OPEN,"[""/faq""]",a-13-n-7,1,False,0,,0,300,TRANSFORM_ROTATE,CHILDREN,"{""useEventTarget"": ""CHILDREN"", ""selector"": "".vertical-line.primary-color"", ""selectorGuids"": [""571b4f22-06fa-4499-f6d0-cb8f5ffe0c7c"", ""571b4f22-06fa-4499-f6d0-cb8f5ffe0c88""]}",,"{""delay"": 0, ""easing"": """", ""duration"": 300, ""target"": {""useEventTarget"": ""CHILDREN"", ""selector"": "".vertical-line.primary-color"", ""selectorGuids"": [""571b4f22-06fa-4499-f6d0-cb8f5ffe0c7c"", ""571b4f22-06fa-4499-f6d0-cb8f5ffe0c88""]}, ""yValue"": null, ""zValue"": -90, ""xUnit"": ""DEG"", ""yUnit"": ""deg"", ""zUnit"": ""deg""}","[{""key"": ""main"", ""min"": 992, ""max"": 10000}, {""key"": ""medium"", ""min"": 768, ""max"": 991}, {""key"": ""small"", ""min"": 480, ""max"": 767}, {""key"": ""tiny"", ""min"": 0, ""max"": 479}]","[""raw/published/resources/03c1fa8b77cf-dentvitalis33.schunk.6ecbf8a934abc739.js""]",,,
derived,e-889,FAQ Accordion Opens,DROPDOWN_OPEN,"[""/faq""]",a-13-n-8,1,False,0,,0,500,STYLE_TEXT_COLOR,CHILDREN,"{""useEventTarget"": ""CHILDREN"", ""selector"": "".accordion-title"", ""selectorGuids"": [""571b4f22-06fa-4499-f6d0-cb8f5ffe0c6f""]}",,"{""delay"": 0, ""easing"": """", ""duration"": 500, ""target"": {""useEventTarget"": ""CHILDREN"", ""selector"": "".accordion-title"", ""selectorGuids"": [""571b4f22-06fa-4499-f6d0-cb8f5ffe0c6f""]}, ""globalSwatchId"": ""@var_variable-c30fbafd-c704-5f1e-e20f-7ceadfde5500"", ""rValue"": 0, ""bValue"": 0, ""gValue"": 0, ""aValue"": 1}","[{""key"": ""main"", ""min"": 992, ""max"": 10000}, {""key"": ""medium"", ""min"": 768, ""max"": 991}, {""key"": ""small"", ""min"": 480, ""max"": 767}, {""key"": ""tiny"", ""min"": 0, ""max"": 479}]","[""raw/published/resources/03c1fa8b77cf-dentvitalis33.schunk.6ecbf8a934abc739.js""]",,,
derived,e-889,FAQ Accordion Opens,DROPDOWN_OPEN,"[""/faq""]",a-13-n-9,1,False,0,,0,700,STYLE_OPACITY,CHILDREN,"{""useEventTarget"": ""CHILDREN"", ""selector"": "".large-paragraph-3.accordion-text"", ""selectorGuids"": [""571b4f22-06fa-4499-f6d0-cb8f5ffe0c82"", ""571b4f22-06fa-4499-f6d0-cb8f5ffe0c89""]}",,"{""delay"": 0, ""easing"": """", ""duration"": 700, ""target"": {""useEventTarget"": ""CHILDREN"", ""selector"": "".large-paragraph-3.accordion-text"", ""selectorGuids"": [""571b4f22-06fa-4499-f6d0-cb8f5ffe0c82"", ""571b4f22-06fa-4499-f6d0-cb8f5ffe0c89""]}, ""value"": 1, ""unit"": """"}","[{""key"": ""main"", ""min"": 992, ""max"": 10000}, {""key"": ""medium"", ""min"": 768, ""max"": 991}, {""key"": ""small"", ""min"": 480, ""max"": 767}, {""key"": ""tiny"", ""min"": 0, ""max"": 479}]","[""raw/published/resources/03c1fa8b77cf-dentvitalis33.schunk.6ecbf8a934abc739.js""]",,,
derived,e-890,FAQ Accordion Closes,DROPDOWN_CLOSE,"[""/faq""]",a-14-n,0,False,0,,0,400,STYLE_SIZE,CHILDREN,"{""useEventTarget"": ""CHILDREN"", ""selector"": "".accordion-list"", ""selectorGuids"": [""571b4f22-06fa-4499-f6d0-cb8f5ffe0c7d""]}",ease,"{""delay"": 0, ""easing"": ""ease"", ""duration"": 400, ""target"": {""useEventTarget"": ""CHILDREN"", ""selector"": "".accordion-list"", ""selectorGuids"": [""571b4f22-06fa-4499-f6d0-cb8f5ffe0c7d""]}, ""heightValue"": 0, ""widthUnit"": ""PX"", ""heightUnit"": ""px"", ""locked"": false}","[{""key"": ""main"", ""min"": 992, ""max"": 10000}, {""key"": ""medium"", ""min"": 768, ""max"": 991}, {""key"": ""small"", ""min"": 480, ""max"": 767}, {""key"": ""tiny"", ""min"": 0, ""max"": 479}]","[""raw/published/resources/03c1fa8b77cf-dentvitalis33.schunk.6ecbf8a934abc739.js""]",,,
derived,e-890,FAQ Accordion Closes,DROPDOWN_CLOSE,"[""/faq""]",a-14-n-2,0,False,0,,0,500,STYLE_TEXT_COLOR,CHILDREN,"{""useEventTarget"": ""CHILDREN"", ""selector"": "".accordion-title"", ""selectorGuids"": [""571b4f22-06fa-4499-f6d0-cb8f5ffe0c6f""]}",,"{""delay"": 0, ""easing"": """", ""duration"": 500, ""target"": {""useEventTarget"": ""CHILDREN"", ""selector"": "".accordion-title"", ""selectorGuids"": [""571b4f22-06fa-4499-f6d0-cb8f5ffe0c6f""]}, ""globalSwatchId"": ""@var_variable-90781720-7ff3-c909-13c4-45d269bf0a2a"", ""rValue"": 107, ""bValue"": 118, ""gValue"": 112, ""aValue"": 1}","[{""key"": ""main"", ""min"": 992, ""max"": 10000}, {""key"": ""medium"", ""min"": 768, ""max"": 991}, {""key"": ""small"", ""min"": 480, ""max"": 767}, {""key"": ""tiny"", ""min"": 0, ""max"": 479}]","[""raw/published/resources/03c1fa8b77cf-dentvitalis33.schunk.6ecbf8a934abc739.js""]",,,
derived,e-890,FAQ Accordion Closes,DROPDOWN_CLOSE,"[""/faq""]",a-14-n-3,0,False,0,,0,300,TRANSFORM_ROTATE,CHILDREN,"{""useEventTarget"": ""CHILDREN"", ""selector"": "".vertical-line.primary-color"", ""selectorGuids"": [""571b4f22-06fa-4499-f6d0-cb8f5ffe0c7c"", ""571b4f22-06fa-4499-f6d0-cb8f5ffe0c88""]}",,"{""delay"": 0, ""easing"": """", ""duration"": 300, ""target"": {""useEventTarget"": ""CHILDREN"", ""selector"": "".vertical-line.primary-color"", ""selectorGuids"": [""571b4f22-06fa-4499-f6d0-cb8f5ffe0c7c"", ""571b4f22-06fa-4499-f6d0-cb8f5ffe0c88""]}, ""zValue"": 0, ""xUnit"": ""DEG"", ""yUnit"": ""DEG"", ""zUnit"": ""deg""}","[{""key"": ""main"", ""min"": 992, ""max"": 10000}, {""key"": ""medium"", ""min"": 768, ""max"": 991}, {""key"": ""small"", ""min"": 480, ""max"": 767}, {""key"": ""tiny"", ""min"": 0, ""max"": 479}]","[""raw/published/resources/03c1fa8b77cf-dentvitalis33.schunk.6ecbf8a934abc739.js""]",,,
derived,e-890,FAQ Accordion Closes,DROPDOWN_CLOSE,"[""/faq""]",a-14-n-4,0,False,0,,0,0,STYLE_OPACITY,CHILDREN,"{""useEventTarget"": ""CHILDREN"", ""selector"": "".large-paragraph-3.accordion-text"", ""selectorGuids"": [""571b4f22-06fa-4499-f6d0-cb8f5ffe0c82"", ""571b4f22-06fa-4499-f6d0-cb8f5ffe0c89""]}",,"{""delay"": 0, ""easing"": """", ""duration"": 0, ""target"": {""useEventTarget"": ""CHILDREN"", ""selector"": "".large-paragraph-3.accordion-text"", ""selectorGuids"": [""571b4f22-06fa-4499-f6d0-cb8f5ffe0c82"", ""571b4f22-06fa-4499-f6d0-cb8f5ffe0c89""]}, ""value"": 0, ""unit"": """"}","[{""key"": ""main"", ""min"": 992, ""max"": 10000}, {""key"": ""medium"", ""min"": 768, ""max"": 991}, {""key"": ""small"", ""min"": 480, ""max"": 767}, {""key"": ""tiny"", ""min"": 0, ""max"": 479}]","[""raw/published/resources/03c1fa8b77cf-dentvitalis33.schunk.6ecbf8a934abc739.js""]",,,
derived,e-891,FAQ Accordion Opens,DROPDOWN_OPEN,"[""/faq""]",a-13-n,0,True,,,0,500,STYLE_SIZE,CHILDREN,"{""useEventTarget"": ""CHILDREN"", ""selector"": "".accordion-list"", ""selectorGuids"": [""571b4f22-06fa-4499-f6d0-cb8f5ffe0c7d""]}",,"{""delay"": 0, ""easing"": """", ""duration"": 500, ""target"": {""useEventTarget"": ""CHILDREN"", ""selector"": "".accordion-list"", ""selectorGuids"": [""571b4f22-06fa-4499-f6d0-cb8f5ffe0c7d""]}, ""heightValue"": 0, ""widthUnit"": ""PX"", ""heightUnit"": ""px"", ""locked"": false}","[{""key"": ""main"", ""min"": 992, ""max"": 10000}, {""key"": ""medium"", ""min"": 768, ""max"": 991}, {""key"": ""small"", ""min"": 480, ""max"": 767}, {""key"": ""tiny"", ""min"": 0, ""max"": 479}]","[""raw/published/resources/03c1fa8b77cf-dentvitalis33.schunk.6ecbf8a934abc739.js""]",,,
derived,e-891,FAQ Accordion Opens,DROPDOWN_OPEN,"[""/faq""]",a-13-n-2,0,True,,,0,500,STYLE_TEXT_COLOR,CHILDREN,"{""useEventTarget"": ""CHILDREN"", ""selector"": "".accordion-title"", ""selectorGuids"": [""571b4f22-06fa-4499-f6d0-cb8f5ffe0c6f""]}",,"{""delay"": 0, ""easing"": """", ""duration"": 500, ""target"": {""useEventTarget"": ""CHILDREN"", ""selector"": "".accordion-title"", ""selectorGuids"": [""571b4f22-06fa-4499-f6d0-cb8f5ffe0c6f""]}, ""globalSwatchId"": ""@var_variable-90781720-7ff3-c909-13c4-45d269bf0a2a"", ""rValue"": 107, ""bValue"": 118, ""gValue"": 112, ""aValue"": 1}","[{""key"": ""main"", ""min"": 992, ""max"": 10000}, {""key"": ""medium"", ""min"": 768, ""max"": 991}, {""key"": ""small"", ""min"": 480, ""max"": 767}, {""key"": ""tiny"", ""min"": 0, ""max"": 479}]","[""raw/published/resources/03c1fa8b77cf-dentvitalis33.schunk.6ecbf8a934abc739.js""]",,,
derived,e-891,FAQ Accordion Opens,DROPDOWN_OPEN,"[""/faq""]",a-13-n-3,0,True,,,0,500,STYLE_BACKGROUND_COLOR,CHILDREN,"{""useEventTarget"": ""CHILDREN"", ""selector"": "".horizontal-line.primary-color"", ""selectorGuids"": [""571b4f22-06fa-4499-f6d0-cb8f5ffe0c80"", ""571b4f22-06fa-4499-f6d0-cb8f5ffe0c87""]}",,"{""delay"": 0, ""easing"": """", ""duration"": 500, ""target"": {""useEventTarget"": ""CHILDREN"", ""selector"": "".horizontal-line.primary-color"", ""selectorGuids"": [""571b4f22-06fa-4499-f6d0-cb8f5ffe0c80"", ""571b4f22-06fa-4499-f6d0-cb8f5ffe0c87""]}, ""globalSwatchId"": ""@var_variable-90781720-7ff3-c909-13c4-45d269bf0a2a"", ""rValue"": 107, ""bValue"": 118, ""gValue"": 112, ""aValue"": 1}","[{""key"": ""main"", ""min"": 992, ""max"": 10000}, {""key"": ""medium"", ""min"": 768, ""max"": 991}, {""key"": ""small"", ""min"": 480, ""max"": 767}, {""key"": ""tiny"", ""min"": 0, ""max"": 479}]","[""raw/published/resources/03c1fa8b77cf-dentvitalis33.schunk.6ecbf8a934abc739.js""]",,,
derived,e-891,FAQ Accordion Opens,DROPDOWN_OPEN,"[""/faq""]",a-13-n-4,0,True,,,0,500,STYLE_BACKGROUND_COLOR,CHILDREN,"{""useEventTarget"": ""CHILDREN"", ""selector"": "".vertical-line.primary-color"", ""selectorGuids"": [""571b4f22-06fa-4499-f6d0-cb8f5ffe0c7c"", ""571b4f22-06fa-4499-f6d0-cb8f5ffe0c88""]}",,"{""delay"": 0, ""easing"": """", ""duration"": 500, ""target"": {""useEventTarget"": ""CHILDREN"", ""selector"": "".vertical-line.primary-color"", ""selectorGuids"": [""571b4f22-06fa-4499-f6d0-cb8f5ffe0c7c"", ""571b4f22-06fa-4499-f6d0-cb8f5ffe0c88""]}, ""globalSwatchId"": ""@var_variable-90781720-7ff3-c909-13c4-45d269bf0a2a"", ""rValue"": 107, ""bValue"": 118, ""gValue"": 112, ""aValue"": 1}","[{""key"": ""main"", ""min"": 992, ""max"": 10000}, {""key"": ""medium"", ""min"": 768, ""max"": 991}, {""key"": ""small"", ""min"": 480, ""max"": 767}, {""key"": ""tiny"", ""min"": 0, ""max"": 479}]","[""raw/published/resources/03c1fa8b77cf-dentvitalis33.schunk.6ecbf8a934abc739.js""]",,,
derived,e-891,FAQ Accordion Opens,DROPDOWN_OPEN,"[""/faq""]",a-13-n-5,0,True,,,0,500,STYLE_OPACITY,CHILDREN,"{""useEventTarget"": ""CHILDREN"", ""selector"": "".large-paragraph-3.accordion-text"", ""selectorGuids"": [""571b4f22-06fa-4499-f6d0-cb8f5ffe0c82"", ""571b4f22-06fa-4499-f6d0-cb8f5ffe0c89""]}",,"{""delay"": 0, ""easing"": """", ""duration"": 500, ""target"": {""useEventTarget"": ""CHILDREN"", ""selector"": "".large-paragraph-3.accordion-text"", ""selectorGuids"": [""571b4f22-06fa-4499-f6d0-cb8f5ffe0c82"", ""571b4f22-06fa-4499-f6d0-cb8f5ffe0c89""]}, ""value"": 0, ""unit"": """"}","[{""key"": ""main"", ""min"": 992, ""max"": 10000}, {""key"": ""medium"", ""min"": 768, ""max"": 991}, {""key"": ""small"", ""min"": 480, ""max"": 767}, {""key"": ""tiny"", ""min"": 0, ""max"": 479}]","[""raw/published/resources/03c1fa8b77cf-dentvitalis33.schunk.6ecbf8a934abc739.js""]",,,
derived,e-891,FAQ Accordion Opens,DROPDOWN_OPEN,"[""/faq""]",a-13-n-6,1,False,0,,0,400,STYLE_SIZE,CHILDREN,"{""useEventTarget"": ""CHILDREN"", ""selector"": "".accordion-list"", ""selectorGuids"": [""571b4f22-06fa-4499-f6d0-cb8f5ffe0c7d""]}",ease,"{""delay"": 0, ""easing"": ""ease"", ""duration"": 400, ""target"": {""useEventTarget"": ""CHILDREN"", ""selector"": "".accordion-list"", ""selectorGuids"": [""571b4f22-06fa-4499-f6d0-cb8f5ffe0c7d""]}, ""widthUnit"": ""PX"", ""heightUnit"": ""AUTO"", ""locked"": false}","[{""key"": ""main"", ""min"": 992, ""max"": 10000}, {""key"": ""medium"", ""min"": 768, ""max"": 991}, {""key"": ""small"", ""min"": 480, ""max"": 767}, {""key"": ""tiny"", ""min"": 0, ""max"": 479}]","[""raw/published/resources/03c1fa8b77cf-dentvitalis33.schunk.6ecbf8a934abc739.js""]",,,
derived,e-891,FAQ Accordion Opens,DROPDOWN_OPEN,"[""/faq""]",a-13-n-7,1,False,0,,0,300,TRANSFORM_ROTATE,CHILDREN,"{""useEventTarget"": ""CHILDREN"", ""selector"": "".vertical-line.primary-color"", ""selectorGuids"": [""571b4f22-06fa-4499-f6d0-cb8f5ffe0c7c"", ""571b4f22-06fa-4499-f6d0-cb8f5ffe0c88""]}",,"{""delay"": 0, ""easing"": """", ""duration"": 300, ""target"": {""useEventTarget"": ""CHILDREN"", ""selector"": "".vertical-line.primary-color"", ""selectorGuids"": [""571b4f22-06fa-4499-f6d0-cb8f5ffe0c7c"", ""571b4f22-06fa-4499-f6d0-cb8f5ffe0c88""]}, ""yValue"": null, ""zValue"": -90, ""xUnit"": ""DEG"", ""yUnit"": ""deg"", ""zUnit"": ""deg""}","[{""key"": ""main"", ""min"": 992, ""max"": 10000}, {""key"": ""medium"", ""min"": 768, ""max"": 991}, {""key"": ""small"", ""min"": 480, ""max"": 767}, {""key"": ""tiny"", ""min"": 0, ""max"": 479}]","[""raw/published/resources/03c1fa8b77cf-dentvitalis33.schunk.6ecbf8a934abc739.js""]",,,
derived,e-891,FAQ Accordion Opens,DROPDOWN_OPEN,"[""/faq""]",a-13-n-8,1,False,0,,0,500,STYLE_TEXT_COLOR,CHILDREN,"{""useEventTarget"": ""CHILDREN"", ""selector"": "".accordion-title"", ""selectorGuids"": [""571b4f22-06fa-4499-f6d0-cb8f5ffe0c6f""]}",,"{""delay"": 0, ""easing"": """", ""duration"": 500, ""target"": {""useEventTarget"": ""CHILDREN"", ""selector"": "".accordion-title"", ""selectorGuids"": [""571b4f22-06fa-4499-f6d0-cb8f5ffe0c6f""]}, ""globalSwatchId"": ""@var_variable-c30fbafd-c704-5f1e-e20f-7ceadfde5500"", ""rValue"": 0, ""bValue"": 0, ""gValue"": 0, ""aValue"": 1}","[{""key"": ""main"", ""min"": 992, ""max"": 10000}, {""key"": ""medium"", ""min"": 768, ""max"": 991}, {""key"": ""small"", ""min"": 480, ""max"": 767}, {""key"": ""tiny"", ""min"": 0, ""max"": 479}]","[""raw/published/resources/03c1fa8b77cf-dentvitalis33.schunk.6ecbf8a934abc739.js""]",,,
derived,e-891,FAQ Accordion Opens,DROPDOWN_OPEN,"[""/faq""]",a-13-n-9,1,False,0,,0,700,STYLE_OPACITY,CHILDREN,"{""useEventTarget"": ""CHILDREN"", ""selector"": "".large-paragraph-3.accordion-text"", ""selectorGuids"": [""571b4f22-06fa-4499-f6d0-cb8f5ffe0c82"", ""571b4f22-06fa-4499-f6d0-cb8f5ffe0c89""]}",,"{""delay"": 0, ""easing"": """", ""duration"": 700, ""target"": {""useEventTarget"": ""CHILDREN"", ""selector"": "".large-paragraph-3.accordion-text"", ""selectorGuids"": [""571b4f22-06fa-4499-f6d0-cb8f5ffe0c82"", ""571b4f22-06fa-4499-f6d0-cb8f5ffe0c89""]}, ""value"": 1, ""unit"": """"}","[{""key"": ""main"", ""min"": 992, ""max"": 10000}, {""key"": ""medium"", ""min"": 768, ""max"": 991}, {""key"": ""small"", ""min"": 480, ""max"": 767}, {""key"": ""tiny"", ""min"": 0, ""max"": 479}]","[""raw/published/resources/03c1fa8b77cf-dentvitalis33.schunk.6ecbf8a934abc739.js""]",,,
derived,e-892,FAQ Accordion Closes,DROPDOWN_CLOSE,"[""/faq""]",a-14-n,0,False,0,,0,400,STYLE_SIZE,CHILDREN,"{""useEventTarget"": ""CHILDREN"", ""selector"": "".accordion-list"", ""selectorGuids"": [""571b4f22-06fa-4499-f6d0-cb8f5ffe0c7d""]}",ease,"{""delay"": 0, ""easing"": ""ease"", ""duration"": 400, ""target"": {""useEventTarget"": ""CHILDREN"", ""selector"": "".accordion-list"", ""selectorGuids"": [""571b4f22-06fa-4499-f6d0-cb8f5ffe0c7d""]}, ""heightValue"": 0, ""widthUnit"": ""PX"", ""heightUnit"": ""px"", ""locked"": false}","[{""key"": ""main"", ""min"": 992, ""max"": 10000}, {""key"": ""medium"", ""min"": 768, ""max"": 991}, {""key"": ""small"", ""min"": 480, ""max"": 767}, {""key"": ""tiny"", ""min"": 0, ""max"": 479}]","[""raw/published/resources/03c1fa8b77cf-dentvitalis33.schunk.6ecbf8a934abc739.js""]",,,
derived,e-892,FAQ Accordion Closes,DROPDOWN_CLOSE,"[""/faq""]",a-14-n-2,0,False,0,,0,500,STYLE_TEXT_COLOR,CHILDREN,"{""useEventTarget"": ""CHILDREN"", ""selector"": "".accordion-title"", ""selectorGuids"": [""571b4f22-06fa-4499-f6d0-cb8f5ffe0c6f""]}",,"{""delay"": 0, ""easing"": """", ""duration"": 500, ""target"": {""useEventTarget"": ""CHILDREN"", ""selector"": "".accordion-title"", ""selectorGuids"": [""571b4f22-06fa-4499-f6d0-cb8f5ffe0c6f""]}, ""globalSwatchId"": ""@var_variable-90781720-7ff3-c909-13c4-45d269bf0a2a"", ""rValue"": 107, ""bValue"": 118, ""gValue"": 112, ""aValue"": 1}","[{""key"": ""main"", ""min"": 992, ""max"": 10000}, {""key"": ""medium"", ""min"": 768, ""max"": 991}, {""key"": ""small"", ""min"": 480, ""max"": 767}, {""key"": ""tiny"", ""min"": 0, ""max"": 479}]","[""raw/published/resources/03c1fa8b77cf-dentvitalis33.schunk.6ecbf8a934abc739.js""]",,,
derived,e-892,FAQ Accordion Closes,DROPDOWN_CLOSE,"[""/faq""]",a-14-n-3,0,False,0,,0,300,TRANSFORM_ROTATE,CHILDREN,"{""useEventTarget"": ""CHILDREN"", ""selector"": "".vertical-line.primary-color"", ""selectorGuids"": [""571b4f22-06fa-4499-f6d0-cb8f5ffe0c7c"", ""571b4f22-06fa-4499-f6d0-cb8f5ffe0c88""]}",,"{""delay"": 0, ""easing"": """", ""duration"": 300, ""target"": {""useEventTarget"": ""CHILDREN"", ""selector"": "".vertical-line.primary-color"", ""selectorGuids"": [""571b4f22-06fa-4499-f6d0-cb8f5ffe0c7c"", ""571b4f22-06fa-4499-f6d0-cb8f5ffe0c88""]}, ""zValue"": 0, ""xUnit"": ""DEG"", ""yUnit"": ""DEG"", ""zUnit"": ""deg""}","[{""key"": ""main"", ""min"": 992, ""max"": 10000}, {""key"": ""medium"", ""min"": 768, ""max"": 991}, {""key"": ""small"", ""min"": 480, ""max"": 767}, {""key"": ""tiny"", ""min"": 0, ""max"": 479}]","[""raw/published/resources/03c1fa8b77cf-dentvitalis33.schunk.6ecbf8a934abc739.js""]",,,
derived,e-892,FAQ Accordion Closes,DROPDOWN_CLOSE,"[""/faq""]",a-14-n-4,0,False,0,,0,0,STYLE_OPACITY,CHILDREN,"{""useEventTarget"": ""CHILDREN"", ""selector"": "".large-paragraph-3.accordion-text"", ""selectorGuids"": [""571b4f22-06fa-4499-f6d0-cb8f5ffe0c82"", ""571b4f22-06fa-4499-f6d0-cb8f5ffe0c89""]}",,"{""delay"": 0, ""easing"": """", ""duration"": 0, ""target"": {""useEventTarget"": ""CHILDREN"", ""selector"": "".large-paragraph-3.accordion-text"", ""selectorGuids"": [""571b4f22-06fa-4499-f6d0-cb8f5ffe0c82"", ""571b4f22-06fa-4499-f6d0-cb8f5ffe0c89""]}, ""value"": 0, ""unit"": """"}","[{""key"": ""main"", ""min"": 992, ""max"": 10000}, {""key"": ""medium"", ""min"": 768, ""max"": 991}, {""key"": ""small"", ""min"": 480, ""max"": 767}, {""key"": ""tiny"", ""min"": 0, ""max"": 479}]","[""raw/published/resources/03c1fa8b77cf-dentvitalis33.schunk.6ecbf8a934abc739.js""]",,,
derived,e-893,FAQ Accordion Opens,DROPDOWN_OPEN,"[""/faq""]",a-13-n,0,True,,,0,500,STYLE_SIZE,CHILDREN,"{""useEventTarget"": ""CHILDREN"", ""selector"": "".accordion-list"", ""selectorGuids"": [""571b4f22-06fa-4499-f6d0-cb8f5ffe0c7d""]}",,"{""delay"": 0, ""easing"": """", ""duration"": 500, ""target"": {""useEventTarget"": ""CHILDREN"", ""selector"": "".accordion-list"", ""selectorGuids"": [""571b4f22-06fa-4499-f6d0-cb8f5ffe0c7d""]}, ""heightValue"": 0, ""widthUnit"": ""PX"", ""heightUnit"": ""px"", ""locked"": false}","[{""key"": ""main"", ""min"": 992, ""max"": 10000}, {""key"": ""medium"", ""min"": 768, ""max"": 991}, {""key"": ""small"", ""min"": 480, ""max"": 767}, {""key"": ""tiny"", ""min"": 0, ""max"": 479}]","[""raw/published/resources/03c1fa8b77cf-dentvitalis33.schunk.6ecbf8a934abc739.js""]",,,
derived,e-893,FAQ Accordion Opens,DROPDOWN_OPEN,"[""/faq""]",a-13-n-2,0,True,,,0,500,STYLE_TEXT_COLOR,CHILDREN,"{""useEventTarget"": ""CHILDREN"", ""selector"": "".accordion-title"", ""selectorGuids"": [""571b4f22-06fa-4499-f6d0-cb8f5ffe0c6f""]}",,"{""delay"": 0, ""easing"": """", ""duration"": 500, ""target"": {""useEventTarget"": ""CHILDREN"", ""selector"": "".accordion-title"", ""selectorGuids"": [""571b4f22-06fa-4499-f6d0-cb8f5ffe0c6f""]}, ""globalSwatchId"": ""@var_variable-90781720-7ff3-c909-13c4-45d269bf0a2a"", ""rValue"": 107, ""bValue"": 118, ""gValue"": 112, ""aValue"": 1}","[{""key"": ""main"", ""min"": 992, ""max"": 10000}, {""key"": ""medium"", ""min"": 768, ""max"": 991}, {""key"": ""small"", ""min"": 480, ""max"": 767}, {""key"": ""tiny"", ""min"": 0, ""max"": 479}]","[""raw/published/resources/03c1fa8b77cf-dentvitalis33.schunk.6ecbf8a934abc739.js""]",,,
derived,e-893,FAQ Accordion Opens,DROPDOWN_OPEN,"[""/faq""]",a-13-n-3,0,True,,,0,500,STYLE_BACKGROUND_COLOR,CHILDREN,"{""useEventTarget"": ""CHILDREN"", ""selector"": "".horizontal-line.primary-color"", ""selectorGuids"": [""571b4f22-06fa-4499-f6d0-cb8f5ffe0c80"", ""571b4f22-06fa-4499-f6d0-cb8f5ffe0c87""]}",,"{""delay"": 0, ""easing"": """", ""duration"": 500, ""target"": {""useEventTarget"": ""CHILDREN"", ""selector"": "".horizontal-line.primary-color"", ""selectorGuids"": [""571b4f22-06fa-4499-f6d0-cb8f5ffe0c80"", ""571b4f22-06fa-4499-f6d0-cb8f5ffe0c87""]}, ""globalSwatchId"": ""@var_variable-90781720-7ff3-c909-13c4-45d269bf0a2a"", ""rValue"": 107, ""bValue"": 118, ""gValue"": 112, ""aValue"": 1}","[{""key"": ""main"", ""min"": 992, ""max"": 10000}, {""key"": ""medium"", ""min"": 768, ""max"": 991}, {""key"": ""small"", ""min"": 480, ""max"": 767}, {""key"": ""tiny"", ""min"": 0, ""max"": 479}]","[""raw/published/resources/03c1fa8b77cf-dentvitalis33.schunk.6ecbf8a934abc739.js""]",,,
derived,e-893,FAQ Accordion Opens,DROPDOWN_OPEN,"[""/faq""]",a-13-n-4,0,True,,,0,500,STYLE_BACKGROUND_COLOR,CHILDREN,"{""useEventTarget"": ""CHILDREN"", ""selector"": "".vertical-line.primary-color"", ""selectorGuids"": [""571b4f22-06fa-4499-f6d0-cb8f5ffe0c7c"", ""571b4f22-06fa-4499-f6d0-cb8f5ffe0c88""]}",,"{""delay"": 0, ""easing"": """", ""duration"": 500, ""target"": {""useEventTarget"": ""CHILDREN"", ""selector"": "".vertical-line.primary-color"", ""selectorGuids"": [""571b4f22-06fa-4499-f6d0-cb8f5ffe0c7c"", ""571b4f22-06fa-4499-f6d0-cb8f5ffe0c88""]}, ""globalSwatchId"": ""@var_variable-90781720-7ff3-c909-13c4-45d269bf0a2a"", ""rValue"": 107, ""bValue"": 118, ""gValue"": 112, ""aValue"": 1}","[{""key"": ""main"", ""min"": 992, ""max"": 10000}, {""key"": ""medium"", ""min"": 768, ""max"": 991}, {""key"": ""small"", ""min"": 480, ""max"": 767}, {""key"": ""tiny"", ""min"": 0, ""max"": 479}]","[""raw/published/resources/03c1fa8b77cf-dentvitalis33.schunk.6ecbf8a934abc739.js""]",,,
derived,e-893,FAQ Accordion Opens,DROPDOWN_OPEN,"[""/faq""]",a-13-n-5,0,True,,,0,500,STYLE_OPACITY,CHILDREN,"{""useEventTarget"": ""CHILDREN"", ""selector"": "".large-paragraph-3.accordion-text"", ""selectorGuids"": [""571b4f22-06fa-4499-f6d0-cb8f5ffe0c82"", ""571b4f22-06fa-4499-f6d0-cb8f5ffe0c89""]}",,"{""delay"": 0, ""easing"": """", ""duration"": 500, ""target"": {""useEventTarget"": ""CHILDREN"", ""selector"": "".large-paragraph-3.accordion-text"", ""selectorGuids"": [""571b4f22-06fa-4499-f6d0-cb8f5ffe0c82"", ""571b4f22-06fa-4499-f6d0-cb8f5ffe0c89""]}, ""value"": 0, ""unit"": """"}","[{""key"": ""main"", ""min"": 992, ""max"": 10000}, {""key"": ""medium"", ""min"": 768, ""max"": 991}, {""key"": ""small"", ""min"": 480, ""max"": 767}, {""key"": ""tiny"", ""min"": 0, ""max"": 479}]","[""raw/published/resources/03c1fa8b77cf-dentvitalis33.schunk.6ecbf8a934abc739.js""]",,,
derived,e-893,FAQ Accordion Opens,DROPDOWN_OPEN,"[""/faq""]",a-13-n-6,1,False,0,,0,400,STYLE_SIZE,CHILDREN,"{""useEventTarget"": ""CHILDREN"", ""selector"": "".accordion-list"", ""selectorGuids"": [""571b4f22-06fa-4499-f6d0-cb8f5ffe0c7d""]}",ease,"{""delay"": 0, ""easing"": ""ease"", ""duration"": 400, ""target"": {""useEventTarget"": ""CHILDREN"", ""selector"": "".accordion-list"", ""selectorGuids"": [""571b4f22-06fa-4499-f6d0-cb8f5ffe0c7d""]}, ""widthUnit"": ""PX"", ""heightUnit"": ""AUTO"", ""locked"": false}","[{""key"": ""main"", ""min"": 992, ""max"": 10000}, {""key"": ""medium"", ""min"": 768, ""max"": 991}, {""key"": ""small"", ""min"": 480, ""max"": 767}, {""key"": ""tiny"", ""min"": 0, ""max"": 479}]","[""raw/published/resources/03c1fa8b77cf-dentvitalis33.schunk.6ecbf8a934abc739.js""]",,,
derived,e-893,FAQ Accordion Opens,DROPDOWN_OPEN,"[""/faq""]",a-13-n-7,1,False,0,,0,300,TRANSFORM_ROTATE,CHILDREN,"{""useEventTarget"": ""CHILDREN"", ""selector"": "".vertical-line.primary-color"", ""selectorGuids"": [""571b4f22-06fa-4499-f6d0-cb8f5ffe0c7c"", ""571b4f22-06fa-4499-f6d0-cb8f5ffe0c88""]}",,"{""delay"": 0, ""easing"": """", ""duration"": 300, ""target"": {""useEventTarget"": ""CHILDREN"", ""selector"": "".vertical-line.primary-color"", ""selectorGuids"": [""571b4f22-06fa-4499-f6d0-cb8f5ffe0c7c"", ""571b4f22-06fa-4499-f6d0-cb8f5ffe0c88""]}, ""yValue"": null, ""zValue"": -90, ""xUnit"": ""DEG"", ""yUnit"": ""deg"", ""zUnit"": ""deg""}","[{""key"": ""main"", ""min"": 992, ""max"": 10000}, {""key"": ""medium"", ""min"": 768, ""max"": 991}, {""key"": ""small"", ""min"": 480, ""max"": 767}, {""key"": ""tiny"", ""min"": 0, ""max"": 479}]","[""raw/published/resources/03c1fa8b77cf-dentvitalis33.schunk.6ecbf8a934abc739.js""]",,,
derived,e-893,FAQ Accordion Opens,DROPDOWN_OPEN,"[""/faq""]",a-13-n-8,1,False,0,,0,500,STYLE_TEXT_COLOR,CHILDREN,"{""useEventTarget"": ""CHILDREN"", ""selector"": "".accordion-title"", ""selectorGuids"": [""571b4f22-06fa-4499-f6d0-cb8f5ffe0c6f""]}",,"{""delay"": 0, ""easing"": """", ""duration"": 500, ""target"": {""useEventTarget"": ""CHILDREN"", ""selector"": "".accordion-title"", ""selectorGuids"": [""571b4f22-06fa-4499-f6d0-cb8f5ffe0c6f""]}, ""globalSwatchId"": ""@var_variable-c30fbafd-c704-5f1e-e20f-7ceadfde5500"", ""rValue"": 0, ""bValue"": 0, ""gValue"": 0, ""aValue"": 1}","[{""key"": ""main"", ""min"": 992, ""max"": 10000}, {""key"": ""medium"", ""min"": 768, ""max"": 991}, {""key"": ""small"", ""min"": 480, ""max"": 767}, {""key"": ""tiny"", ""min"": 0, ""max"": 479}]","[""raw/published/resources/03c1fa8b77cf-dentvitalis33.schunk.6ecbf8a934abc739.js""]",,,
derived,e-893,FAQ Accordion Opens,DROPDOWN_OPEN,"[""/faq""]",a-13-n-9,1,False,0,,0,700,STYLE_OPACITY,CHILDREN,"{""useEventTarget"": ""CHILDREN"", ""selector"": "".large-paragraph-3.accordion-text"", ""selectorGuids"": [""571b4f22-06fa-4499-f6d0-cb8f5ffe0c82"", ""571b4f22-06fa-4499-f6d0-cb8f5ffe0c89""]}",,"{""delay"": 0, ""easing"": """", ""duration"": 700, ""target"": {""useEventTarget"": ""CHILDREN"", ""selector"": "".large-paragraph-3.accordion-text"", ""selectorGuids"": [""571b4f22-06fa-4499-f6d0-cb8f5ffe0c82"", ""571b4f22-06fa-4499-f6d0-cb8f5ffe0c89""]}, ""value"": 1, ""unit"": """"}","[{""key"": ""main"", ""min"": 992, ""max"": 10000}, {""key"": ""medium"", ""min"": 768, ""max"": 991}, {""key"": ""small"", ""min"": 480, ""max"": 767}, {""key"": ""tiny"", ""min"": 0, ""max"": 479}]","[""raw/published/resources/03c1fa8b77cf-dentvitalis33.schunk.6ecbf8a934abc739.js""]",,,
derived,e-894,FAQ Accordion Closes,DROPDOWN_CLOSE,"[""/faq""]",a-14-n,0,False,0,,0,400,STYLE_SIZE,CHILDREN,"{""useEventTarget"": ""CHILDREN"", ""selector"": "".accordion-list"", ""selectorGuids"": [""571b4f22-06fa-4499-f6d0-cb8f5ffe0c7d""]}",ease,"{""delay"": 0, ""easing"": ""ease"", ""duration"": 400, ""target"": {""useEventTarget"": ""CHILDREN"", ""selector"": "".accordion-list"", ""selectorGuids"": [""571b4f22-06fa-4499-f6d0-cb8f5ffe0c7d""]}, ""heightValue"": 0, ""widthUnit"": ""PX"", ""heightUnit"": ""px"", ""locked"": false}","[{""key"": ""main"", ""min"": 992, ""max"": 10000}, {""key"": ""medium"", ""min"": 768, ""max"": 991}, {""key"": ""small"", ""min"": 480, ""max"": 767}, {""key"": ""tiny"", ""min"": 0, ""max"": 479}]","[""raw/published/resources/03c1fa8b77cf-dentvitalis33.schunk.6ecbf8a934abc739.js""]",,,
derived,e-894,FAQ Accordion Closes,DROPDOWN_CLOSE,"[""/faq""]",a-14-n-2,0,False,0,,0,500,STYLE_TEXT_COLOR,CHILDREN,"{""useEventTarget"": ""CHILDREN"", ""selector"": "".accordion-title"", ""selectorGuids"": [""571b4f22-06fa-4499-f6d0-cb8f5ffe0c6f""]}",,"{""delay"": 0, ""easing"": """", ""duration"": 500, ""target"": {""useEventTarget"": ""CHILDREN"", ""selector"": "".accordion-title"", ""selectorGuids"": [""571b4f22-06fa-4499-f6d0-cb8f5ffe0c6f""]}, ""globalSwatchId"": ""@var_variable-90781720-7ff3-c909-13c4-45d269bf0a2a"", ""rValue"": 107, ""bValue"": 118, ""gValue"": 112, ""aValue"": 1}","[{""key"": ""main"", ""min"": 992, ""max"": 10000}, {""key"": ""medium"", ""min"": 768, ""max"": 991}, {""key"": ""small"", ""min"": 480, ""max"": 767}, {""key"": ""tiny"", ""min"": 0, ""max"": 479}]","[""raw/published/resources/03c1fa8b77cf-dentvitalis33.schunk.6ecbf8a934abc739.js""]",,,
derived,e-894,FAQ Accordion Closes,DROPDOWN_CLOSE,"[""/faq""]",a-14-n-3,0,False,0,,0,300,TRANSFORM_ROTATE,CHILDREN,"{""useEventTarget"": ""CHILDREN"", ""selector"": "".vertical-line.primary-color"", ""selectorGuids"": [""571b4f22-06fa-4499-f6d0-cb8f5ffe0c7c"", ""571b4f22-06fa-4499-f6d0-cb8f5ffe0c88""]}",,"{""delay"": 0, ""easing"": """", ""duration"": 300, ""target"": {""useEventTarget"": ""CHILDREN"", ""selector"": "".vertical-line.primary-color"", ""selectorGuids"": [""571b4f22-06fa-4499-f6d0-cb8f5ffe0c7c"", ""571b4f22-06fa-4499-f6d0-cb8f5ffe0c88""]}, ""zValue"": 0, ""xUnit"": ""DEG"", ""yUnit"": ""DEG"", ""zUnit"": ""deg""}","[{""key"": ""main"", ""min"": 992, ""max"": 10000}, {""key"": ""medium"", ""min"": 768, ""max"": 991}, {""key"": ""small"", ""min"": 480, ""max"": 767}, {""key"": ""tiny"", ""min"": 0, ""max"": 479}]","[""raw/published/resources/03c1fa8b77cf-dentvitalis33.schunk.6ecbf8a934abc739.js""]",,,
derived,e-894,FAQ Accordion Closes,DROPDOWN_CLOSE,"[""/faq""]",a-14-n-4,0,False,0,,0,0,STYLE_OPACITY,CHILDREN,"{""useEventTarget"": ""CHILDREN"", ""selector"": "".large-paragraph-3.accordion-text"", ""selectorGuids"": [""571b4f22-06fa-4499-f6d0-cb8f5ffe0c82"", ""571b4f22-06fa-4499-f6d0-cb8f5ffe0c89""]}",,"{""delay"": 0, ""easing"": """", ""duration"": 0, ""target"": {""useEventTarget"": ""CHILDREN"", ""selector"": "".large-paragraph-3.accordion-text"", ""selectorGuids"": [""571b4f22-06fa-4499-f6d0-cb8f5ffe0c82"", ""571b4f22-06fa-4499-f6d0-cb8f5ffe0c89""]}, ""value"": 0, ""unit"": """"}","[{""key"": ""main"", ""min"": 992, ""max"": 10000}, {""key"": ""medium"", ""min"": 768, ""max"": 991}, {""key"": ""small"", ""min"": 480, ""max"": 767}, {""key"": ""tiny"", ""min"": 0, ""max"": 479}]","[""raw/published/resources/03c1fa8b77cf-dentvitalis33.schunk.6ecbf8a934abc739.js""]",,,
derived,e-895,FAQ Accordion Opens,DROPDOWN_OPEN,"[""/faq""]",a-13-n,0,True,,,0,500,STYLE_SIZE,CHILDREN,"{""useEventTarget"": ""CHILDREN"", ""selector"": "".accordion-list"", ""selectorGuids"": [""571b4f22-06fa-4499-f6d0-cb8f5ffe0c7d""]}",,"{""delay"": 0, ""easing"": """", ""duration"": 500, ""target"": {""useEventTarget"": ""CHILDREN"", ""selector"": "".accordion-list"", ""selectorGuids"": [""571b4f22-06fa-4499-f6d0-cb8f5ffe0c7d""]}, ""heightValue"": 0, ""widthUnit"": ""PX"", ""heightUnit"": ""px"", ""locked"": false}","[{""key"": ""main"", ""min"": 992, ""max"": 10000}, {""key"": ""medium"", ""min"": 768, ""max"": 991}, {""key"": ""small"", ""min"": 480, ""max"": 767}, {""key"": ""tiny"", ""min"": 0, ""max"": 479}]","[""raw/published/resources/03c1fa8b77cf-dentvitalis33.schunk.6ecbf8a934abc739.js""]",,,
derived,e-895,FAQ Accordion Opens,DROPDOWN_OPEN,"[""/faq""]",a-13-n-2,0,True,,,0,500,STYLE_TEXT_COLOR,CHILDREN,"{""useEventTarget"": ""CHILDREN"", ""selector"": "".accordion-title"", ""selectorGuids"": [""571b4f22-06fa-4499-f6d0-cb8f5ffe0c6f""]}",,"{""delay"": 0, ""easing"": """", ""duration"": 500, ""target"": {""useEventTarget"": ""CHILDREN"", ""selector"": "".accordion-title"", ""selectorGuids"": [""571b4f22-06fa-4499-f6d0-cb8f5ffe0c6f""]}, ""globalSwatchId"": ""@var_variable-90781720-7ff3-c909-13c4-45d269bf0a2a"", ""rValue"": 107, ""bValue"": 118, ""gValue"": 112, ""aValue"": 1}","[{""key"": ""main"", ""min"": 992, ""max"": 10000}, {""key"": ""medium"", ""min"": 768, ""max"": 991}, {""key"": ""small"", ""min"": 480, ""max"": 767}, {""key"": ""tiny"", ""min"": 0, ""max"": 479}]","[""raw/published/resources/03c1fa8b77cf-dentvitalis33.schunk.6ecbf8a934abc739.js""]",,,
derived,e-895,FAQ Accordion Opens,DROPDOWN_OPEN,"[""/faq""]",a-13-n-3,0,True,,,0,500,STYLE_BACKGROUND_COLOR,CHILDREN,"{""useEventTarget"": ""CHILDREN"", ""selector"": "".horizontal-line.primary-color"", ""selectorGuids"": [""571b4f22-06fa-4499-f6d0-cb8f5ffe0c80"", ""571b4f22-06fa-4499-f6d0-cb8f5ffe0c87""]}",,"{""delay"": 0, ""easing"": """", ""duration"": 500, ""target"": {""useEventTarget"": ""CHILDREN"", ""selector"": "".horizontal-line.primary-color"", ""selectorGuids"": [""571b4f22-06fa-4499-f6d0-cb8f5ffe0c80"", ""571b4f22-06fa-4499-f6d0-cb8f5ffe0c87""]}, ""globalSwatchId"": ""@var_variable-90781720-7ff3-c909-13c4-45d269bf0a2a"", ""rValue"": 107, ""bValue"": 118, ""gValue"": 112, ""aValue"": 1}","[{""key"": ""main"", ""min"": 992, ""max"": 10000}, {""key"": ""medium"", ""min"": 768, ""max"": 991}, {""key"": ""small"", ""min"": 480, ""max"": 767}, {""key"": ""tiny"", ""min"": 0, ""max"": 479}]","[""raw/published/resources/03c1fa8b77cf-dentvitalis33.schunk.6ecbf8a934abc739.js""]",,,
derived,e-895,FAQ Accordion Opens,DROPDOWN_OPEN,"[""/faq""]",a-13-n-4,0,True,,,0,500,STYLE_BACKGROUND_COLOR,CHILDREN,"{""useEventTarget"": ""CHILDREN"", ""selector"": "".vertical-line.primary-color"", ""selectorGuids"": [""571b4f22-06fa-4499-f6d0-cb8f5ffe0c7c"", ""571b4f22-06fa-4499-f6d0-cb8f5ffe0c88""]}",,"{""delay"": 0, ""easing"": """", ""duration"": 500, ""target"": {""useEventTarget"": ""CHILDREN"", ""selector"": "".vertical-line.primary-color"", ""selectorGuids"": [""571b4f22-06fa-4499-f6d0-cb8f5ffe0c7c"", ""571b4f22-06fa-4499-f6d0-cb8f5ffe0c88""]}, ""globalSwatchId"": ""@var_variable-90781720-7ff3-c909-13c4-45d269bf0a2a"", ""rValue"": 107, ""bValue"": 118, ""gValue"": 112, ""aValue"": 1}","[{""key"": ""main"", ""min"": 992, ""max"": 10000}, {""key"": ""medium"", ""min"": 768, ""max"": 991}, {""key"": ""small"", ""min"": 480, ""max"": 767}, {""key"": ""tiny"", ""min"": 0, ""max"": 479}]","[""raw/published/resources/03c1fa8b77cf-dentvitalis33.schunk.6ecbf8a934abc739.js""]",,,
derived,e-895,FAQ Accordion Opens,DROPDOWN_OPEN,"[""/faq""]",a-13-n-5,0,True,,,0,500,STYLE_OPACITY,CHILDREN,"{""useEventTarget"": ""CHILDREN"", ""selector"": "".large-paragraph-3.accordion-text"", ""selectorGuids"": [""571b4f22-06fa-4499-f6d0-cb8f5ffe0c82"", ""571b4f22-06fa-4499-f6d0-cb8f5ffe0c89""]}",,"{""delay"": 0, ""easing"": """", ""duration"": 500, ""target"": {""useEventTarget"": ""CHILDREN"", ""selector"": "".large-paragraph-3.accordion-text"", ""selectorGuids"": [""571b4f22-06fa-4499-f6d0-cb8f5ffe0c82"", ""571b4f22-06fa-4499-f6d0-cb8f5ffe0c89""]}, ""value"": 0, ""unit"": """"}","[{""key"": ""main"", ""min"": 992, ""max"": 10000}, {""key"": ""medium"", ""min"": 768, ""max"": 991}, {""key"": ""small"", ""min"": 480, ""max"": 767}, {""key"": ""tiny"", ""min"": 0, ""max"": 479}]","[""raw/published/resources/03c1fa8b77cf-dentvitalis33.schunk.6ecbf8a934abc739.js""]",,,
derived,e-895,FAQ Accordion Opens,DROPDOWN_OPEN,"[""/faq""]",a-13-n-6,1,False,0,,0,400,STYLE_SIZE,CHILDREN,"{""useEventTarget"": ""CHILDREN"", ""selector"": "".accordion-list"", ""selectorGuids"": [""571b4f22-06fa-4499-f6d0-cb8f5ffe0c7d""]}",ease,"{""delay"": 0, ""easing"": ""ease"", ""duration"": 400, ""target"": {""useEventTarget"": ""CHILDREN"", ""selector"": "".accordion-list"", ""selectorGuids"": [""571b4f22-06fa-4499-f6d0-cb8f5ffe0c7d""]}, ""widthUnit"": ""PX"", ""heightUnit"": ""AUTO"", ""locked"": false}","[{""key"": ""main"", ""min"": 992, ""max"": 10000}, {""key"": ""medium"", ""min"": 768, ""max"": 991}, {""key"": ""small"", ""min"": 480, ""max"": 767}, {""key"": ""tiny"", ""min"": 0, ""max"": 479}]","[""raw/published/resources/03c1fa8b77cf-dentvitalis33.schunk.6ecbf8a934abc739.js""]",,,
derived,e-895,FAQ Accordion Opens,DROPDOWN_OPEN,"[""/faq""]",a-13-n-7,1,False,0,,0,300,TRANSFORM_ROTATE,CHILDREN,"{""useEventTarget"": ""CHILDREN"", ""selector"": "".vertical-line.primary-color"", ""selectorGuids"": [""571b4f22-06fa-4499-f6d0-cb8f5ffe0c7c"", ""571b4f22-06fa-4499-f6d0-cb8f5ffe0c88""]}",,"{""delay"": 0, ""easing"": """", ""duration"": 300, ""target"": {""useEventTarget"": ""CHILDREN"", ""selector"": "".vertical-line.primary-color"", ""selectorGuids"": [""571b4f22-06fa-4499-f6d0-cb8f5ffe0c7c"", ""571b4f22-06fa-4499-f6d0-cb8f5ffe0c88""]}, ""yValue"": null, ""zValue"": -90, ""xUnit"": ""DEG"", ""yUnit"": ""deg"", ""zUnit"": ""deg""}","[{""key"": ""main"", ""min"": 992, ""max"": 10000}, {""key"": ""medium"", ""min"": 768, ""max"": 991}, {""key"": ""small"", ""min"": 480, ""max"": 767}, {""key"": ""tiny"", ""min"": 0, ""max"": 479}]","[""raw/published/resources/03c1fa8b77cf-dentvitalis33.schunk.6ecbf8a934abc739.js""]",,,
derived,e-895,FAQ Accordion Opens,DROPDOWN_OPEN,"[""/faq""]",a-13-n-8,1,False,0,,0,500,STYLE_TEXT_COLOR,CHILDREN,"{""useEventTarget"": ""CHILDREN"", ""selector"": "".accordion-title"", ""selectorGuids"": [""571b4f22-06fa-4499-f6d0-cb8f5ffe0c6f""]}",,"{""delay"": 0, ""easing"": """", ""duration"": 500, ""target"": {""useEventTarget"": ""CHILDREN"", ""selector"": "".accordion-title"", ""selectorGuids"": [""571b4f22-06fa-4499-f6d0-cb8f5ffe0c6f""]}, ""globalSwatchId"": ""@var_variable-c30fbafd-c704-5f1e-e20f-7ceadfde5500"", ""rValue"": 0, ""bValue"": 0, ""gValue"": 0, ""aValue"": 1}","[{""key"": ""main"", ""min"": 992, ""max"": 10000}, {""key"": ""medium"", ""min"": 768, ""max"": 991}, {""key"": ""small"", ""min"": 480, ""max"": 767}, {""key"": ""tiny"", ""min"": 0, ""max"": 479}]","[""raw/published/resources/03c1fa8b77cf-dentvitalis33.schunk.6ecbf8a934abc739.js""]",,,
derived,e-895,FAQ Accordion Opens,DROPDOWN_OPEN,"[""/faq""]",a-13-n-9,1,False,0,,0,700,STYLE_OPACITY,CHILDREN,"{""useEventTarget"": ""CHILDREN"", ""selector"": "".large-paragraph-3.accordion-text"", ""selectorGuids"": [""571b4f22-06fa-4499-f6d0-cb8f5ffe0c82"", ""571b4f22-06fa-4499-f6d0-cb8f5ffe0c89""]}",,"{""delay"": 0, ""easing"": """", ""duration"": 700, ""target"": {""useEventTarget"": ""CHILDREN"", ""selector"": "".large-paragraph-3.accordion-text"", ""selectorGuids"": [""571b4f22-06fa-4499-f6d0-cb8f5ffe0c82"", ""571b4f22-06fa-4499-f6d0-cb8f5ffe0c89""]}, ""value"": 1, ""unit"": """"}","[{""key"": ""main"", ""min"": 992, ""max"": 10000}, {""key"": ""medium"", ""min"": 768, ""max"": 991}, {""key"": ""small"", ""min"": 480, ""max"": 767}, {""key"": ""tiny"", ""min"": 0, ""max"": 479}]","[""raw/published/resources/03c1fa8b77cf-dentvitalis33.schunk.6ecbf8a934abc739.js""]",,,
derived,e-896,FAQ Accordion Closes,DROPDOWN_CLOSE,"[""/faq""]",a-14-n,0,False,0,,0,400,STYLE_SIZE,CHILDREN,"{""useEventTarget"": ""CHILDREN"", ""selector"": "".accordion-list"", ""selectorGuids"": [""571b4f22-06fa-4499-f6d0-cb8f5ffe0c7d""]}",ease,"{""delay"": 0, ""easing"": ""ease"", ""duration"": 400, ""target"": {""useEventTarget"": ""CHILDREN"", ""selector"": "".accordion-list"", ""selectorGuids"": [""571b4f22-06fa-4499-f6d0-cb8f5ffe0c7d""]}, ""heightValue"": 0, ""widthUnit"": ""PX"", ""heightUnit"": ""px"", ""locked"": false}","[{""key"": ""main"", ""min"": 992, ""max"": 10000}, {""key"": ""medium"", ""min"": 768, ""max"": 991}, {""key"": ""small"", ""min"": 480, ""max"": 767}, {""key"": ""tiny"", ""min"": 0, ""max"": 479}]","[""raw/published/resources/03c1fa8b77cf-dentvitalis33.schunk.6ecbf8a934abc739.js""]",,,
derived,e-896,FAQ Accordion Closes,DROPDOWN_CLOSE,"[""/faq""]",a-14-n-2,0,False,0,,0,500,STYLE_TEXT_COLOR,CHILDREN,"{""useEventTarget"": ""CHILDREN"", ""selector"": "".accordion-title"", ""selectorGuids"": [""571b4f22-06fa-4499-f6d0-cb8f5ffe0c6f""]}",,"{""delay"": 0, ""easing"": """", ""duration"": 500, ""target"": {""useEventTarget"": ""CHILDREN"", ""selector"": "".accordion-title"", ""selectorGuids"": [""571b4f22-06fa-4499-f6d0-cb8f5ffe0c6f""]}, ""globalSwatchId"": ""@var_variable-90781720-7ff3-c909-13c4-45d269bf0a2a"", ""rValue"": 107, ""bValue"": 118, ""gValue"": 112, ""aValue"": 1}","[{""key"": ""main"", ""min"": 992, ""max"": 10000}, {""key"": ""medium"", ""min"": 768, ""max"": 991}, {""key"": ""small"", ""min"": 480, ""max"": 767}, {""key"": ""tiny"", ""min"": 0, ""max"": 479}]","[""raw/published/resources/03c1fa8b77cf-dentvitalis33.schunk.6ecbf8a934abc739.js""]",,,
derived,e-896,FAQ Accordion Closes,DROPDOWN_CLOSE,"[""/faq""]",a-14-n-3,0,False,0,,0,300,TRANSFORM_ROTATE,CHILDREN,"{""useEventTarget"": ""CHILDREN"", ""selector"": "".vertical-line.primary-color"", ""selectorGuids"": [""571b4f22-06fa-4499-f6d0-cb8f5ffe0c7c"", ""571b4f22-06fa-4499-f6d0-cb8f5ffe0c88""]}",,"{""delay"": 0, ""easing"": """", ""duration"": 300, ""target"": {""useEventTarget"": ""CHILDREN"", ""selector"": "".vertical-line.primary-color"", ""selectorGuids"": [""571b4f22-06fa-4499-f6d0-cb8f5ffe0c7c"", ""571b4f22-06fa-4499-f6d0-cb8f5ffe0c88""]}, ""zValue"": 0, ""xUnit"": ""DEG"", ""yUnit"": ""DEG"", ""zUnit"": ""deg""}","[{""key"": ""main"", ""min"": 992, ""max"": 10000}, {""key"": ""medium"", ""min"": 768, ""max"": 991}, {""key"": ""small"", ""min"": 480, ""max"": 767}, {""key"": ""tiny"", ""min"": 0, ""max"": 479}]","[""raw/published/resources/03c1fa8b77cf-dentvitalis33.schunk.6ecbf8a934abc739.js""]",,,
derived,e-896,FAQ Accordion Closes,DROPDOWN_CLOSE,"[""/faq""]",a-14-n-4,0,False,0,,0,0,STYLE_OPACITY,CHILDREN,"{""useEventTarget"": ""CHILDREN"", ""selector"": "".large-paragraph-3.accordion-text"", ""selectorGuids"": [""571b4f22-06fa-4499-f6d0-cb8f5ffe0c82"", ""571b4f22-06fa-4499-f6d0-cb8f5ffe0c89""]}",,"{""delay"": 0, ""easing"": """", ""duration"": 0, ""target"": {""useEventTarget"": ""CHILDREN"", ""selector"": "".large-paragraph-3.accordion-text"", ""selectorGuids"": [""571b4f22-06fa-4499-f6d0-cb8f5ffe0c82"", ""571b4f22-06fa-4499-f6d0-cb8f5ffe0c89""]}, ""value"": 0, ""unit"": """"}","[{""key"": ""main"", ""min"": 992, ""max"": 10000}, {""key"": ""medium"", ""min"": 768, ""max"": 991}, {""key"": ""small"", ""min"": 480, ""max"": 767}, {""key"": ""tiny"", ""min"": 0, ""max"": 479}]","[""raw/published/resources/03c1fa8b77cf-dentvitalis33.schunk.6ecbf8a934abc739.js""]",,,
derived,e-897,FAQ Accordion Opens,DROPDOWN_OPEN,"[""/faq""]",a-13-n,0,True,,,0,500,STYLE_SIZE,CHILDREN,"{""useEventTarget"": ""CHILDREN"", ""selector"": "".accordion-list"", ""selectorGuids"": [""571b4f22-06fa-4499-f6d0-cb8f5ffe0c7d""]}",,"{""delay"": 0, ""easing"": """", ""duration"": 500, ""target"": {""useEventTarget"": ""CHILDREN"", ""selector"": "".accordion-list"", ""selectorGuids"": [""571b4f22-06fa-4499-f6d0-cb8f5ffe0c7d""]}, ""heightValue"": 0, ""widthUnit"": ""PX"", ""heightUnit"": ""px"", ""locked"": false}","[{""key"": ""main"", ""min"": 992, ""max"": 10000}, {""key"": ""medium"", ""min"": 768, ""max"": 991}, {""key"": ""small"", ""min"": 480, ""max"": 767}, {""key"": ""tiny"", ""min"": 0, ""max"": 479}]","[""raw/published/resources/03c1fa8b77cf-dentvitalis33.schunk.6ecbf8a934abc739.js""]",,,
derived,e-897,FAQ Accordion Opens,DROPDOWN_OPEN,"[""/faq""]",a-13-n-2,0,True,,,0,500,STYLE_TEXT_COLOR,CHILDREN,"{""useEventTarget"": ""CHILDREN"", ""selector"": "".accordion-title"", ""selectorGuids"": [""571b4f22-06fa-4499-f6d0-cb8f5ffe0c6f""]}",,"{""delay"": 0, ""easing"": """", ""duration"": 500, ""target"": {""useEventTarget"": ""CHILDREN"", ""selector"": "".accordion-title"", ""selectorGuids"": [""571b4f22-06fa-4499-f6d0-cb8f5ffe0c6f""]}, ""globalSwatchId"": ""@var_variable-90781720-7ff3-c909-13c4-45d269bf0a2a"", ""rValue"": 107, ""bValue"": 118, ""gValue"": 112, ""aValue"": 1}","[{""key"": ""main"", ""min"": 992, ""max"": 10000}, {""key"": ""medium"", ""min"": 768, ""max"": 991}, {""key"": ""small"", ""min"": 480, ""max"": 767}, {""key"": ""tiny"", ""min"": 0, ""max"": 479}]","[""raw/published/resources/03c1fa8b77cf-dentvitalis33.schunk.6ecbf8a934abc739.js""]",,,
derived,e-897,FAQ Accordion Opens,DROPDOWN_OPEN,"[""/faq""]",a-13-n-3,0,True,,,0,500,STYLE_BACKGROUND_COLOR,CHILDREN,"{""useEventTarget"": ""CHILDREN"", ""selector"": "".horizontal-line.primary-color"", ""selectorGuids"": [""571b4f22-06fa-4499-f6d0-cb8f5ffe0c80"", ""571b4f22-06fa-4499-f6d0-cb8f5ffe0c87""]}",,"{""delay"": 0, ""easing"": """", ""duration"": 500, ""target"": {""useEventTarget"": ""CHILDREN"", ""selector"": "".horizontal-line.primary-color"", ""selectorGuids"": [""571b4f22-06fa-4499-f6d0-cb8f5ffe0c80"", ""571b4f22-06fa-4499-f6d0-cb8f5ffe0c87""]}, ""globalSwatchId"": ""@var_variable-90781720-7ff3-c909-13c4-45d269bf0a2a"", ""rValue"": 107, ""bValue"": 118, ""gValue"": 112, ""aValue"": 1}","[{""key"": ""main"", ""min"": 992, ""max"": 10000}, {""key"": ""medium"", ""min"": 768, ""max"": 991}, {""key"": ""small"", ""min"": 480, ""max"": 767}, {""key"": ""tiny"", ""min"": 0, ""max"": 479}]","[""raw/published/resources/03c1fa8b77cf-dentvitalis33.schunk.6ecbf8a934abc739.js""]",,,
derived,e-897,FAQ Accordion Opens,DROPDOWN_OPEN,"[""/faq""]",a-13-n-4,0,True,,,0,500,STYLE_BACKGROUND_COLOR,CHILDREN,"{""useEventTarget"": ""CHILDREN"", ""selector"": "".vertical-line.primary-color"", ""selectorGuids"": [""571b4f22-06fa-4499-f6d0-cb8f5ffe0c7c"", ""571b4f22-06fa-4499-f6d0-cb8f5ffe0c88""]}",,"{""delay"": 0, ""easing"": """", ""duration"": 500, ""target"": {""useEventTarget"": ""CHILDREN"", ""selector"": "".vertical-line.primary-color"", ""selectorGuids"": [""571b4f22-06fa-4499-f6d0-cb8f5ffe0c7c"", ""571b4f22-06fa-4499-f6d0-cb8f5ffe0c88""]}, ""globalSwatchId"": ""@var_variable-90781720-7ff3-c909-13c4-45d269bf0a2a"", ""rValue"": 107, ""bValue"": 118, ""gValue"": 112, ""aValue"": 1}","[{""key"": ""main"", ""min"": 992, ""max"": 10000}, {""key"": ""medium"", ""min"": 768, ""max"": 991}, {""key"": ""small"", ""min"": 480, ""max"": 767}, {""key"": ""tiny"", ""min"": 0, ""max"": 479}]","[""raw/published/resources/03c1fa8b77cf-dentvitalis33.schunk.6ecbf8a934abc739.js""]",,,
derived,e-897,FAQ Accordion Opens,DROPDOWN_OPEN,"[""/faq""]",a-13-n-5,0,True,,,0,500,STYLE_OPACITY,CHILDREN,"{""useEventTarget"": ""CHILDREN"", ""selector"": "".large-paragraph-3.accordion-text"", ""selectorGuids"": [""571b4f22-06fa-4499-f6d0-cb8f5ffe0c82"", ""571b4f22-06fa-4499-f6d0-cb8f5ffe0c89""]}",,"{""delay"": 0, ""easing"": """", ""duration"": 500, ""target"": {""useEventTarget"": ""CHILDREN"", ""selector"": "".large-paragraph-3.accordion-text"", ""selectorGuids"": [""571b4f22-06fa-4499-f6d0-cb8f5ffe0c82"", ""571b4f22-06fa-4499-f6d0-cb8f5ffe0c89""]}, ""value"": 0, ""unit"": """"}","[{""key"": ""main"", ""min"": 992, ""max"": 10000}, {""key"": ""medium"", ""min"": 768, ""max"": 991}, {""key"": ""small"", ""min"": 480, ""max"": 767}, {""key"": ""tiny"", ""min"": 0, ""max"": 479}]","[""raw/published/resources/03c1fa8b77cf-dentvitalis33.schunk.6ecbf8a934abc739.js""]",,,
derived,e-897,FAQ Accordion Opens,DROPDOWN_OPEN,"[""/faq""]",a-13-n-6,1,False,0,,0,400,STYLE_SIZE,CHILDREN,"{""useEventTarget"": ""CHILDREN"", ""selector"": "".accordion-list"", ""selectorGuids"": [""571b4f22-06fa-4499-f6d0-cb8f5ffe0c7d""]}",ease,"{""delay"": 0, ""easing"": ""ease"", ""duration"": 400, ""target"": {""useEventTarget"": ""CHILDREN"", ""selector"": "".accordion-list"", ""selectorGuids"": [""571b4f22-06fa-4499-f6d0-cb8f5ffe0c7d""]}, ""widthUnit"": ""PX"", ""heightUnit"": ""AUTO"", ""locked"": false}","[{""key"": ""main"", ""min"": 992, ""max"": 10000}, {""key"": ""medium"", ""min"": 768, ""max"": 991}, {""key"": ""small"", ""min"": 480, ""max"": 767}, {""key"": ""tiny"", ""min"": 0, ""max"": 479}]","[""raw/published/resources/03c1fa8b77cf-dentvitalis33.schunk.6ecbf8a934abc739.js""]",,,
derived,e-897,FAQ Accordion Opens,DROPDOWN_OPEN,"[""/faq""]",a-13-n-7,1,False,0,,0,300,TRANSFORM_ROTATE,CHILDREN,"{""useEventTarget"": ""CHILDREN"", ""selector"": "".vertical-line.primary-color"", ""selectorGuids"": [""571b4f22-06fa-4499-f6d0-cb8f5ffe0c7c"", ""571b4f22-06fa-4499-f6d0-cb8f5ffe0c88""]}",,"{""delay"": 0, ""easing"": """", ""duration"": 300, ""target"": {""useEventTarget"": ""CHILDREN"", ""selector"": "".vertical-line.primary-color"", ""selectorGuids"": [""571b4f22-06fa-4499-f6d0-cb8f5ffe0c7c"", ""571b4f22-06fa-4499-f6d0-cb8f5ffe0c88""]}, ""yValue"": null, ""zValue"": -90, ""xUnit"": ""DEG"", ""yUnit"": ""deg"", ""zUnit"": ""deg""}","[{""key"": ""main"", ""min"": 992, ""max"": 10000}, {""key"": ""medium"", ""min"": 768, ""max"": 991}, {""key"": ""small"", ""min"": 480, ""max"": 767}, {""key"": ""tiny"", ""min"": 0, ""max"": 479}]","[""raw/published/resources/03c1fa8b77cf-dentvitalis33.schunk.6ecbf8a934abc739.js""]",,,
derived,e-897,FAQ Accordion Opens,DROPDOWN_OPEN,"[""/faq""]",a-13-n-8,1,False,0,,0,500,STYLE_TEXT_COLOR,CHILDREN,"{""useEventTarget"": ""CHILDREN"", ""selector"": "".accordion-title"", ""selectorGuids"": [""571b4f22-06fa-4499-f6d0-cb8f5ffe0c6f""]}",,"{""delay"": 0, ""easing"": """", ""duration"": 500, ""target"": {""useEventTarget"": ""CHILDREN"", ""selector"": "".accordion-title"", ""selectorGuids"": [""571b4f22-06fa-4499-f6d0-cb8f5ffe0c6f""]}, ""globalSwatchId"": ""@var_variable-c30fbafd-c704-5f1e-e20f-7ceadfde5500"", ""rValue"": 0, ""bValue"": 0, ""gValue"": 0, ""aValue"": 1}","[{""key"": ""main"", ""min"": 992, ""max"": 10000}, {""key"": ""medium"", ""min"": 768, ""max"": 991}, {""key"": ""small"", ""min"": 480, ""max"": 767}, {""key"": ""tiny"", ""min"": 0, ""max"": 479}]","[""raw/published/resources/03c1fa8b77cf-dentvitalis33.schunk.6ecbf8a934abc739.js""]",,,
derived,e-897,FAQ Accordion Opens,DROPDOWN_OPEN,"[""/faq""]",a-13-n-9,1,False,0,,0,700,STYLE_OPACITY,CHILDREN,"{""useEventTarget"": ""CHILDREN"", ""selector"": "".large-paragraph-3.accordion-text"", ""selectorGuids"": [""571b4f22-06fa-4499-f6d0-cb8f5ffe0c82"", ""571b4f22-06fa-4499-f6d0-cb8f5ffe0c89""]}",,"{""delay"": 0, ""easing"": """", ""duration"": 700, ""target"": {""useEventTarget"": ""CHILDREN"", ""selector"": "".large-paragraph-3.accordion-text"", ""selectorGuids"": [""571b4f22-06fa-4499-f6d0-cb8f5ffe0c82"", ""571b4f22-06fa-4499-f6d0-cb8f5ffe0c89""]}, ""value"": 1, ""unit"": """"}","[{""key"": ""main"", ""min"": 992, ""max"": 10000}, {""key"": ""medium"", ""min"": 768, ""max"": 991}, {""key"": ""small"", ""min"": 480, ""max"": 767}, {""key"": ""tiny"", ""min"": 0, ""max"": 479}]","[""raw/published/resources/03c1fa8b77cf-dentvitalis33.schunk.6ecbf8a934abc739.js""]",,,
derived,e-898,FAQ Accordion Closes,DROPDOWN_CLOSE,"[""/faq""]",a-14-n,0,False,0,,0,400,STYLE_SIZE,CHILDREN,"{""useEventTarget"": ""CHILDREN"", ""selector"": "".accordion-list"", ""selectorGuids"": [""571b4f22-06fa-4499-f6d0-cb8f5ffe0c7d""]}",ease,"{""delay"": 0, ""easing"": ""ease"", ""duration"": 400, ""target"": {""useEventTarget"": ""CHILDREN"", ""selector"": "".accordion-list"", ""selectorGuids"": [""571b4f22-06fa-4499-f6d0-cb8f5ffe0c7d""]}, ""heightValue"": 0, ""widthUnit"": ""PX"", ""heightUnit"": ""px"", ""locked"": false}","[{""key"": ""main"", ""min"": 992, ""max"": 10000}, {""key"": ""medium"", ""min"": 768, ""max"": 991}, {""key"": ""small"", ""min"": 480, ""max"": 767}, {""key"": ""tiny"", ""min"": 0, ""max"": 479}]","[""raw/published/resources/03c1fa8b77cf-dentvitalis33.schunk.6ecbf8a934abc739.js""]",,,
derived,e-898,FAQ Accordion Closes,DROPDOWN_CLOSE,"[""/faq""]",a-14-n-2,0,False,0,,0,500,STYLE_TEXT_COLOR,CHILDREN,"{""useEventTarget"": ""CHILDREN"", ""selector"": "".accordion-title"", ""selectorGuids"": [""571b4f22-06fa-4499-f6d0-cb8f5ffe0c6f""]}",,"{""delay"": 0, ""easing"": """", ""duration"": 500, ""target"": {""useEventTarget"": ""CHILDREN"", ""selector"": "".accordion-title"", ""selectorGuids"": [""571b4f22-06fa-4499-f6d0-cb8f5ffe0c6f""]}, ""globalSwatchId"": ""@var_variable-90781720-7ff3-c909-13c4-45d269bf0a2a"", ""rValue"": 107, ""bValue"": 118, ""gValue"": 112, ""aValue"": 1}","[{""key"": ""main"", ""min"": 992, ""max"": 10000}, {""key"": ""medium"", ""min"": 768, ""max"": 991}, {""key"": ""small"", ""min"": 480, ""max"": 767}, {""key"": ""tiny"", ""min"": 0, ""max"": 479}]","[""raw/published/resources/03c1fa8b77cf-dentvitalis33.schunk.6ecbf8a934abc739.js""]",,,
derived,e-898,FAQ Accordion Closes,DROPDOWN_CLOSE,"[""/faq""]",a-14-n-3,0,False,0,,0,300,TRANSFORM_ROTATE,CHILDREN,"{""useEventTarget"": ""CHILDREN"", ""selector"": "".vertical-line.primary-color"", ""selectorGuids"": [""571b4f22-06fa-4499-f6d0-cb8f5ffe0c7c"", ""571b4f22-06fa-4499-f6d0-cb8f5ffe0c88""]}",,"{""delay"": 0, ""easing"": """", ""duration"": 300, ""target"": {""useEventTarget"": ""CHILDREN"", ""selector"": "".vertical-line.primary-color"", ""selectorGuids"": [""571b4f22-06fa-4499-f6d0-cb8f5ffe0c7c"", ""571b4f22-06fa-4499-f6d0-cb8f5ffe0c88""]}, ""zValue"": 0, ""xUnit"": ""DEG"", ""yUnit"": ""DEG"", ""zUnit"": ""deg""}","[{""key"": ""main"", ""min"": 992, ""max"": 10000}, {""key"": ""medium"", ""min"": 768, ""max"": 991}, {""key"": ""small"", ""min"": 480, ""max"": 767}, {""key"": ""tiny"", ""min"": 0, ""max"": 479}]","[""raw/published/resources/03c1fa8b77cf-dentvitalis33.schunk.6ecbf8a934abc739.js""]",,,
derived,e-898,FAQ Accordion Closes,DROPDOWN_CLOSE,"[""/faq""]",a-14-n-4,0,False,0,,0,0,STYLE_OPACITY,CHILDREN,"{""useEventTarget"": ""CHILDREN"", ""selector"": "".large-paragraph-3.accordion-text"", ""selectorGuids"": [""571b4f22-06fa-4499-f6d0-cb8f5ffe0c82"", ""571b4f22-06fa-4499-f6d0-cb8f5ffe0c89""]}",,"{""delay"": 0, ""easing"": """", ""duration"": 0, ""target"": {""useEventTarget"": ""CHILDREN"", ""selector"": "".large-paragraph-3.accordion-text"", ""selectorGuids"": [""571b4f22-06fa-4499-f6d0-cb8f5ffe0c82"", ""571b4f22-06fa-4499-f6d0-cb8f5ffe0c89""]}, ""value"": 0, ""unit"": """"}","[{""key"": ""main"", ""min"": 992, ""max"": 10000}, {""key"": ""medium"", ""min"": 768, ""max"": 991}, {""key"": ""small"", ""min"": 480, ""max"": 767}, {""key"": ""tiny"", ""min"": 0, ""max"": 479}]","[""raw/published/resources/03c1fa8b77cf-dentvitalis33.schunk.6ecbf8a934abc739.js""]",,,
derived,e-899,FAQ Accordion Opens,DROPDOWN_OPEN,"[""/faq""]",a-13-n,0,True,,,0,500,STYLE_SIZE,CHILDREN,"{""useEventTarget"": ""CHILDREN"", ""selector"": "".accordion-list"", ""selectorGuids"": [""571b4f22-06fa-4499-f6d0-cb8f5ffe0c7d""]}",,"{""delay"": 0, ""easing"": """", ""duration"": 500, ""target"": {""useEventTarget"": ""CHILDREN"", ""selector"": "".accordion-list"", ""selectorGuids"": [""571b4f22-06fa-4499-f6d0-cb8f5ffe0c7d""]}, ""heightValue"": 0, ""widthUnit"": ""PX"", ""heightUnit"": ""px"", ""locked"": false}","[{""key"": ""main"", ""min"": 992, ""max"": 10000}, {""key"": ""medium"", ""min"": 768, ""max"": 991}, {""key"": ""small"", ""min"": 480, ""max"": 767}, {""key"": ""tiny"", ""min"": 0, ""max"": 479}]","[""raw/published/resources/03c1fa8b77cf-dentvitalis33.schunk.6ecbf8a934abc739.js""]",,,
derived,e-899,FAQ Accordion Opens,DROPDOWN_OPEN,"[""/faq""]",a-13-n-2,0,True,,,0,500,STYLE_TEXT_COLOR,CHILDREN,"{""useEventTarget"": ""CHILDREN"", ""selector"": "".accordion-title"", ""selectorGuids"": [""571b4f22-06fa-4499-f6d0-cb8f5ffe0c6f""]}",,"{""delay"": 0, ""easing"": """", ""duration"": 500, ""target"": {""useEventTarget"": ""CHILDREN"", ""selector"": "".accordion-title"", ""selectorGuids"": [""571b4f22-06fa-4499-f6d0-cb8f5ffe0c6f""]}, ""globalSwatchId"": ""@var_variable-90781720-7ff3-c909-13c4-45d269bf0a2a"", ""rValue"": 107, ""bValue"": 118, ""gValue"": 112, ""aValue"": 1}","[{""key"": ""main"", ""min"": 992, ""max"": 10000}, {""key"": ""medium"", ""min"": 768, ""max"": 991}, {""key"": ""small"", ""min"": 480, ""max"": 767}, {""key"": ""tiny"", ""min"": 0, ""max"": 479}]","[""raw/published/resources/03c1fa8b77cf-dentvitalis33.schunk.6ecbf8a934abc739.js""]",,,
derived,e-899,FAQ Accordion Opens,DROPDOWN_OPEN,"[""/faq""]",a-13-n-3,0,True,,,0,500,STYLE_BACKGROUND_COLOR,CHILDREN,"{""useEventTarget"": ""CHILDREN"", ""selector"": "".horizontal-line.primary-color"", ""selectorGuids"": [""571b4f22-06fa-4499-f6d0-cb8f5ffe0c80"", ""571b4f22-06fa-4499-f6d0-cb8f5ffe0c87""]}",,"{""delay"": 0, ""easing"": """", ""duration"": 500, ""target"": {""useEventTarget"": ""CHILDREN"", ""selector"": "".horizontal-line.primary-color"", ""selectorGuids"": [""571b4f22-06fa-4499-f6d0-cb8f5ffe0c80"", ""571b4f22-06fa-4499-f6d0-cb8f5ffe0c87""]}, ""globalSwatchId"": ""@var_variable-90781720-7ff3-c909-13c4-45d269bf0a2a"", ""rValue"": 107, ""bValue"": 118, ""gValue"": 112, ""aValue"": 1}","[{""key"": ""main"", ""min"": 992, ""max"": 10000}, {""key"": ""medium"", ""min"": 768, ""max"": 991}, {""key"": ""small"", ""min"": 480, ""max"": 767}, {""key"": ""tiny"", ""min"": 0, ""max"": 479}]","[""raw/published/resources/03c1fa8b77cf-dentvitalis33.schunk.6ecbf8a934abc739.js""]",,,
derived,e-899,FAQ Accordion Opens,DROPDOWN_OPEN,"[""/faq""]",a-13-n-4,0,True,,,0,500,STYLE_BACKGROUND_COLOR,CHILDREN,"{""useEventTarget"": ""CHILDREN"", ""selector"": "".vertical-line.primary-color"", ""selectorGuids"": [""571b4f22-06fa-4499-f6d0-cb8f5ffe0c7c"", ""571b4f22-06fa-4499-f6d0-cb8f5ffe0c88""]}",,"{""delay"": 0, ""easing"": """", ""duration"": 500, ""target"": {""useEventTarget"": ""CHILDREN"", ""selector"": "".vertical-line.primary-color"", ""selectorGuids"": [""571b4f22-06fa-4499-f6d0-cb8f5ffe0c7c"", ""571b4f22-06fa-4499-f6d0-cb8f5ffe0c88""]}, ""globalSwatchId"": ""@var_variable-90781720-7ff3-c909-13c4-45d269bf0a2a"", ""rValue"": 107, ""bValue"": 118, ""gValue"": 112, ""aValue"": 1}","[{""key"": ""main"", ""min"": 992, ""max"": 10000}, {""key"": ""medium"", ""min"": 768, ""max"": 991}, {""key"": ""small"", ""min"": 480, ""max"": 767}, {""key"": ""tiny"", ""min"": 0, ""max"": 479}]","[""raw/published/resources/03c1fa8b77cf-dentvitalis33.schunk.6ecbf8a934abc739.js""]",,,
derived,e-899,FAQ Accordion Opens,DROPDOWN_OPEN,"[""/faq""]",a-13-n-5,0,True,,,0,500,STYLE_OPACITY,CHILDREN,"{""useEventTarget"": ""CHILDREN"", ""selector"": "".large-paragraph-3.accordion-text"", ""selectorGuids"": [""571b4f22-06fa-4499-f6d0-cb8f5ffe0c82"", ""571b4f22-06fa-4499-f6d0-cb8f5ffe0c89""]}",,"{""delay"": 0, ""easing"": """", ""duration"": 500, ""target"": {""useEventTarget"": ""CHILDREN"", ""selector"": "".large-paragraph-3.accordion-text"", ""selectorGuids"": [""571b4f22-06fa-4499-f6d0-cb8f5ffe0c82"", ""571b4f22-06fa-4499-f6d0-cb8f5ffe0c89""]}, ""value"": 0, ""unit"": """"}","[{""key"": ""main"", ""min"": 992, ""max"": 10000}, {""key"": ""medium"", ""min"": 768, ""max"": 991}, {""key"": ""small"", ""min"": 480, ""max"": 767}, {""key"": ""tiny"", ""min"": 0, ""max"": 479}]","[""raw/published/resources/03c1fa8b77cf-dentvitalis33.schunk.6ecbf8a934abc739.js""]",,,
derived,e-899,FAQ Accordion Opens,DROPDOWN_OPEN,"[""/faq""]",a-13-n-6,1,False,0,,0,400,STYLE_SIZE,CHILDREN,"{""useEventTarget"": ""CHILDREN"", ""selector"": "".accordion-list"", ""selectorGuids"": [""571b4f22-06fa-4499-f6d0-cb8f5ffe0c7d""]}",ease,"{""delay"": 0, ""easing"": ""ease"", ""duration"": 400, ""target"": {""useEventTarget"": ""CHILDREN"", ""selector"": "".accordion-list"", ""selectorGuids"": [""571b4f22-06fa-4499-f6d0-cb8f5ffe0c7d""]}, ""widthUnit"": ""PX"", ""heightUnit"": ""AUTO"", ""locked"": false}","[{""key"": ""main"", ""min"": 992, ""max"": 10000}, {""key"": ""medium"", ""min"": 768, ""max"": 991}, {""key"": ""small"", ""min"": 480, ""max"": 767}, {""key"": ""tiny"", ""min"": 0, ""max"": 479}]","[""raw/published/resources/03c1fa8b77cf-dentvitalis33.schunk.6ecbf8a934abc739.js""]",,,
derived,e-899,FAQ Accordion Opens,DROPDOWN_OPEN,"[""/faq""]",a-13-n-7,1,False,0,,0,300,TRANSFORM_ROTATE,CHILDREN,"{""useEventTarget"": ""CHILDREN"", ""selector"": "".vertical-line.primary-color"", ""selectorGuids"": [""571b4f22-06fa-4499-f6d0-cb8f5ffe0c7c"", ""571b4f22-06fa-4499-f6d0-cb8f5ffe0c88""]}",,"{""delay"": 0, ""easing"": """", ""duration"": 300, ""target"": {""useEventTarget"": ""CHILDREN"", ""selector"": "".vertical-line.primary-color"", ""selectorGuids"": [""571b4f22-06fa-4499-f6d0-cb8f5ffe0c7c"", ""571b4f22-06fa-4499-f6d0-cb8f5ffe0c88""]}, ""yValue"": null, ""zValue"": -90, ""xUnit"": ""DEG"", ""yUnit"": ""deg"", ""zUnit"": ""deg""}","[{""key"": ""main"", ""min"": 992, ""max"": 10000}, {""key"": ""medium"", ""min"": 768, ""max"": 991}, {""key"": ""small"", ""min"": 480, ""max"": 767}, {""key"": ""tiny"", ""min"": 0, ""max"": 479}]","[""raw/published/resources/03c1fa8b77cf-dentvitalis33.schunk.6ecbf8a934abc739.js""]",,,
derived,e-899,FAQ Accordion Opens,DROPDOWN_OPEN,"[""/faq""]",a-13-n-8,1,False,0,,0,500,STYLE_TEXT_COLOR,CHILDREN,"{""useEventTarget"": ""CHILDREN"", ""selector"": "".accordion-title"", ""selectorGuids"": [""571b4f22-06fa-4499-f6d0-cb8f5ffe0c6f""]}",,"{""delay"": 0, ""easing"": """", ""duration"": 500, ""target"": {""useEventTarget"": ""CHILDREN"", ""selector"": "".accordion-title"", ""selectorGuids"": [""571b4f22-06fa-4499-f6d0-cb8f5ffe0c6f""]}, ""globalSwatchId"": ""@var_variable-c30fbafd-c704-5f1e-e20f-7ceadfde5500"", ""rValue"": 0, ""bValue"": 0, ""gValue"": 0, ""aValue"": 1}","[{""key"": ""main"", ""min"": 992, ""max"": 10000}, {""key"": ""medium"", ""min"": 768, ""max"": 991}, {""key"": ""small"", ""min"": 480, ""max"": 767}, {""key"": ""tiny"", ""min"": 0, ""max"": 479}]","[""raw/published/resources/03c1fa8b77cf-dentvitalis33.schunk.6ecbf8a934abc739.js""]",,,
derived,e-899,FAQ Accordion Opens,DROPDOWN_OPEN,"[""/faq""]",a-13-n-9,1,False,0,,0,700,STYLE_OPACITY,CHILDREN,"{""useEventTarget"": ""CHILDREN"", ""selector"": "".large-paragraph-3.accordion-text"", ""selectorGuids"": [""571b4f22-06fa-4499-f6d0-cb8f5ffe0c82"", ""571b4f22-06fa-4499-f6d0-cb8f5ffe0c89""]}",,"{""delay"": 0, ""easing"": """", ""duration"": 700, ""target"": {""useEventTarget"": ""CHILDREN"", ""selector"": "".large-paragraph-3.accordion-text"", ""selectorGuids"": [""571b4f22-06fa-4499-f6d0-cb8f5ffe0c82"", ""571b4f22-06fa-4499-f6d0-cb8f5ffe0c89""]}, ""value"": 1, ""unit"": """"}","[{""key"": ""main"", ""min"": 992, ""max"": 10000}, {""key"": ""medium"", ""min"": 768, ""max"": 991}, {""key"": ""small"", ""min"": 480, ""max"": 767}, {""key"": ""tiny"", ""min"": 0, ""max"": 479}]","[""raw/published/resources/03c1fa8b77cf-dentvitalis33.schunk.6ecbf8a934abc739.js""]",,,
derived,e-900,FAQ Accordion Closes,DROPDOWN_CLOSE,"[""/faq""]",a-14-n,0,False,0,,0,400,STYLE_SIZE,CHILDREN,"{""useEventTarget"": ""CHILDREN"", ""selector"": "".accordion-list"", ""selectorGuids"": [""571b4f22-06fa-4499-f6d0-cb8f5ffe0c7d""]}",ease,"{""delay"": 0, ""easing"": ""ease"", ""duration"": 400, ""target"": {""useEventTarget"": ""CHILDREN"", ""selector"": "".accordion-list"", ""selectorGuids"": [""571b4f22-06fa-4499-f6d0-cb8f5ffe0c7d""]}, ""heightValue"": 0, ""widthUnit"": ""PX"", ""heightUnit"": ""px"", ""locked"": false}","[{""key"": ""main"", ""min"": 992, ""max"": 10000}, {""key"": ""medium"", ""min"": 768, ""max"": 991}, {""key"": ""small"", ""min"": 480, ""max"": 767}, {""key"": ""tiny"", ""min"": 0, ""max"": 479}]","[""raw/published/resources/03c1fa8b77cf-dentvitalis33.schunk.6ecbf8a934abc739.js""]",,,
derived,e-900,FAQ Accordion Closes,DROPDOWN_CLOSE,"[""/faq""]",a-14-n-2,0,False,0,,0,500,STYLE_TEXT_COLOR,CHILDREN,"{""useEventTarget"": ""CHILDREN"", ""selector"": "".accordion-title"", ""selectorGuids"": [""571b4f22-06fa-4499-f6d0-cb8f5ffe0c6f""]}",,"{""delay"": 0, ""easing"": """", ""duration"": 500, ""target"": {""useEventTarget"": ""CHILDREN"", ""selector"": "".accordion-title"", ""selectorGuids"": [""571b4f22-06fa-4499-f6d0-cb8f5ffe0c6f""]}, ""globalSwatchId"": ""@var_variable-90781720-7ff3-c909-13c4-45d269bf0a2a"", ""rValue"": 107, ""bValue"": 118, ""gValue"": 112, ""aValue"": 1}","[{""key"": ""main"", ""min"": 992, ""max"": 10000}, {""key"": ""medium"", ""min"": 768, ""max"": 991}, {""key"": ""small"", ""min"": 480, ""max"": 767}, {""key"": ""tiny"", ""min"": 0, ""max"": 479}]","[""raw/published/resources/03c1fa8b77cf-dentvitalis33.schunk.6ecbf8a934abc739.js""]",,,
derived,e-900,FAQ Accordion Closes,DROPDOWN_CLOSE,"[""/faq""]",a-14-n-3,0,False,0,,0,300,TRANSFORM_ROTATE,CHILDREN,"{""useEventTarget"": ""CHILDREN"", ""selector"": "".vertical-line.primary-color"", ""selectorGuids"": [""571b4f22-06fa-4499-f6d0-cb8f5ffe0c7c"", ""571b4f22-06fa-4499-f6d0-cb8f5ffe0c88""]}",,"{""delay"": 0, ""easing"": """", ""duration"": 300, ""target"": {""useEventTarget"": ""CHILDREN"", ""selector"": "".vertical-line.primary-color"", ""selectorGuids"": [""571b4f22-06fa-4499-f6d0-cb8f5ffe0c7c"", ""571b4f22-06fa-4499-f6d0-cb8f5ffe0c88""]}, ""zValue"": 0, ""xUnit"": ""DEG"", ""yUnit"": ""DEG"", ""zUnit"": ""deg""}","[{""key"": ""main"", ""min"": 992, ""max"": 10000}, {""key"": ""medium"", ""min"": 768, ""max"": 991}, {""key"": ""small"", ""min"": 480, ""max"": 767}, {""key"": ""tiny"", ""min"": 0, ""max"": 479}]","[""raw/published/resources/03c1fa8b77cf-dentvitalis33.schunk.6ecbf8a934abc739.js""]",,,
derived,e-900,FAQ Accordion Closes,DROPDOWN_CLOSE,"[""/faq""]",a-14-n-4,0,False,0,,0,0,STYLE_OPACITY,CHILDREN,"{""useEventTarget"": ""CHILDREN"", ""selector"": "".large-paragraph-3.accordion-text"", ""selectorGuids"": [""571b4f22-06fa-4499-f6d0-cb8f5ffe0c82"", ""571b4f22-06fa-4499-f6d0-cb8f5ffe0c89""]}",,"{""delay"": 0, ""easing"": """", ""duration"": 0, ""target"": {""useEventTarget"": ""CHILDREN"", ""selector"": "".large-paragraph-3.accordion-text"", ""selectorGuids"": [""571b4f22-06fa-4499-f6d0-cb8f5ffe0c82"", ""571b4f22-06fa-4499-f6d0-cb8f5ffe0c89""]}, ""value"": 0, ""unit"": """"}","[{""key"": ""main"", ""min"": 992, ""max"": 10000}, {""key"": ""medium"", ""min"": 768, ""max"": 991}, {""key"": ""small"", ""min"": 480, ""max"": 767}, {""key"": ""tiny"", ""min"": 0, ""max"": 479}]","[""raw/published/resources/03c1fa8b77cf-dentvitalis33.schunk.6ecbf8a934abc739.js""]",,,
derived,e-901,e-901,SCROLL_INTO_VIEW,[],e-901-derived-step-0,0,True,,400,0,0,STYLE_OPACITY,True,"{""id"": ""N/A"", ""appliesTo"": ""TRIGGER_ELEMENT"", ""useEventTarget"": true}",,"{""delay"": 0, ""duration"": 0, ""target"": {""id"": ""N/A"", ""appliesTo"": ""TRIGGER_ELEMENT"", ""useEventTarget"": true}, ""value"": 0}","[{""key"": ""main"", ""min"": 992, ""max"": 10000}, {""key"": ""medium"", ""min"": 768, ""max"": 991}, {""key"": ""small"", ""min"": 480, ""max"": 767}, {""key"": ""tiny"", ""min"": 0, ""max"": 479}]","[""raw/published/resources/03c1fa8b77cf-dentvitalis33.schunk.6ecbf8a934abc739.js""]",,,
derived,e-901,e-901,SCROLL_INTO_VIEW,[],e-901-derived-step-1,1,False,0,400,0,0,TRANSFORM_SCALE,True,"{""id"": ""N/A"", ""appliesTo"": ""TRIGGER_ELEMENT"", ""useEventTarget"": true}",,"{""delay"": 0, ""duration"": 0, ""target"": {""id"": ""N/A"", ""appliesTo"": ""TRIGGER_ELEMENT"", ""useEventTarget"": true}, ""xValue"": 0.7500000000000001, ""yValue"": 0.7500000000000001}","[{""key"": ""main"", ""min"": 992, ""max"": 10000}, {""key"": ""medium"", ""min"": 768, ""max"": 991}, {""key"": ""small"", ""min"": 480, ""max"": 767}, {""key"": ""tiny"", ""min"": 0, ""max"": 479}]","[""raw/published/resources/03c1fa8b77cf-dentvitalis33.schunk.6ecbf8a934abc739.js""]",,,
derived,e-901,e-901,SCROLL_INTO_VIEW,[],e-901-derived-step-2,2,False,0,400,0,1000,TRANSFORM_SCALE,True,"{""id"": ""N/A"", ""appliesTo"": ""TRIGGER_ELEMENT"", ""useEventTarget"": true}",outQuart,"{""delay"": 0, ""easing"": ""outQuart"", ""duration"": 1000, ""target"": {""id"": ""N/A"", ""appliesTo"": ""TRIGGER_ELEMENT"", ""useEventTarget"": true}, ""xValue"": 1, ""yValue"": 1}","[{""key"": ""main"", ""min"": 992, ""max"": 10000}, {""key"": ""medium"", ""min"": 768, ""max"": 991}, {""key"": ""small"", ""min"": 480, ""max"": 767}, {""key"": ""tiny"", ""min"": 0, ""max"": 479}]","[""raw/published/resources/03c1fa8b77cf-dentvitalis33.schunk.6ecbf8a934abc739.js""]",,,
derived,e-901,e-901,SCROLL_INTO_VIEW,[],e-901-derived-step-3,2,False,0,400,0,1000,STYLE_OPACITY,True,"{""id"": ""N/A"", ""appliesTo"": ""TRIGGER_ELEMENT"", ""useEventTarget"": true}",outQuart,"{""delay"": 0, ""easing"": ""outQuart"", ""duration"": 1000, ""target"": {""id"": ""N/A"", ""appliesTo"": ""TRIGGER_ELEMENT"", ""useEventTarget"": true}, ""value"": 1}","[{""key"": ""main"", ""min"": 992, ""max"": 10000}, {""key"": ""medium"", ""min"": 768, ""max"": 991}, {""key"": ""small"", ""min"": 480, ""max"": 767}, {""key"": ""tiny"", ""min"": 0, ""max"": 479}]","[""raw/published/resources/03c1fa8b77cf-dentvitalis33.schunk.6ecbf8a934abc739.js""]",,,
derived,e-903,e-903,SCROLL_INTO_VIEW,[],e-903-derived-step-0,0,True,,600,0,0,STYLE_OPACITY,True,"{""id"": ""N/A"", ""appliesTo"": ""TRIGGER_ELEMENT"", ""useEventTarget"": true}",,"{""delay"": 0, ""duration"": 0, ""target"": {""id"": ""N/A"", ""appliesTo"": ""TRIGGER_ELEMENT"", ""useEventTarget"": true}, ""value"": 0}","[{""key"": ""main"", ""min"": 992, ""max"": 10000}, {""key"": ""medium"", ""min"": 768, ""max"": 991}, {""key"": ""small"", ""min"": 480, ""max"": 767}, {""key"": ""tiny"", ""min"": 0, ""max"": 479}]","[""raw/published/resources/03c1fa8b77cf-dentvitalis33.schunk.6ecbf8a934abc739.js""]",,,
derived,e-903,e-903,SCROLL_INTO_VIEW,[],e-903-derived-step-1,1,False,0,600,0,0,TRANSFORM_SCALE,True,"{""id"": ""N/A"", ""appliesTo"": ""TRIGGER_ELEMENT"", ""useEventTarget"": true}",,"{""delay"": 0, ""duration"": 0, ""target"": {""id"": ""N/A"", ""appliesTo"": ""TRIGGER_ELEMENT"", ""useEventTarget"": true}, ""xValue"": 0.7500000000000001, ""yValue"": 0.7500000000000001}","[{""key"": ""main"", ""min"": 992, ""max"": 10000}, {""key"": ""medium"", ""min"": 768, ""max"": 991}, {""key"": ""small"", ""min"": 480, ""max"": 767}, {""key"": ""tiny"", ""min"": 0, ""max"": 479}]","[""raw/published/resources/03c1fa8b77cf-dentvitalis33.schunk.6ecbf8a934abc739.js""]",,,
derived,e-903,e-903,SCROLL_INTO_VIEW,[],e-903-derived-step-2,2,False,0,600,0,1000,TRANSFORM_SCALE,True,"{""id"": ""N/A"", ""appliesTo"": ""TRIGGER_ELEMENT"", ""useEventTarget"": true}",outQuart,"{""delay"": 0, ""easing"": ""outQuart"", ""duration"": 1000, ""target"": {""id"": ""N/A"", ""appliesTo"": ""TRIGGER_ELEMENT"", ""useEventTarget"": true}, ""xValue"": 1, ""yValue"": 1}","[{""key"": ""main"", ""min"": 992, ""max"": 10000}, {""key"": ""medium"", ""min"": 768, ""max"": 991}, {""key"": ""small"", ""min"": 480, ""max"": 767}, {""key"": ""tiny"", ""min"": 0, ""max"": 479}]","[""raw/published/resources/03c1fa8b77cf-dentvitalis33.schunk.6ecbf8a934abc739.js""]",,,
derived,e-903,e-903,SCROLL_INTO_VIEW,[],e-903-derived-step-3,2,False,0,600,0,1000,STYLE_OPACITY,True,"{""id"": ""N/A"", ""appliesTo"": ""TRIGGER_ELEMENT"", ""useEventTarget"": true}",outQuart,"{""delay"": 0, ""easing"": ""outQuart"", ""duration"": 1000, ""target"": {""id"": ""N/A"", ""appliesTo"": ""TRIGGER_ELEMENT"", ""useEventTarget"": true}, ""value"": 1}","[{""key"": ""main"", ""min"": 992, ""max"": 10000}, {""key"": ""medium"", ""min"": 768, ""max"": 991}, {""key"": ""small"", ""min"": 480, ""max"": 767}, {""key"": ""tiny"", ""min"": 0, ""max"": 479}]","[""raw/published/resources/03c1fa8b77cf-dentvitalis33.schunk.6ecbf8a934abc739.js""]",,,
derived,e-905,e-905,SCROLL_INTO_VIEW,[],e-905-derived-step-0,0,True,,200,0,0,STYLE_OPACITY,True,"{""id"": ""N/A"", ""appliesTo"": ""TRIGGER_ELEMENT"", ""useEventTarget"": true}",,"{""delay"": 0, ""duration"": 0, ""target"": {""id"": ""N/A"", ""appliesTo"": ""TRIGGER_ELEMENT"", ""useEventTarget"": true}, ""value"": 0}","[{""key"": ""main"", ""min"": 992, ""max"": 10000}, {""key"": ""medium"", ""min"": 768, ""max"": 991}, {""key"": ""small"", ""min"": 480, ""max"": 767}, {""key"": ""tiny"", ""min"": 0, ""max"": 479}]","[""raw/published/resources/03c1fa8b77cf-dentvitalis33.schunk.6ecbf8a934abc739.js""]",,,
derived,e-905,e-905,SCROLL_INTO_VIEW,[],e-905-derived-step-1,1,False,0,200,0,1000,STYLE_OPACITY,True,"{""id"": ""N/A"", ""appliesTo"": ""TRIGGER_ELEMENT"", ""useEventTarget"": true}",outQuart,"{""delay"": 0, ""easing"": ""outQuart"", ""duration"": 1000, ""target"": {""id"": ""N/A"", ""appliesTo"": ""TRIGGER_ELEMENT"", ""useEventTarget"": true}, ""value"": 1}","[{""key"": ""main"", ""min"": 992, ""max"": 10000}, {""key"": ""medium"", ""min"": 768, ""max"": 991}, {""key"": ""small"", ""min"": 480, ""max"": 767}, {""key"": ""tiny"", ""min"": 0, ""max"": 479}]","[""raw/published/resources/03c1fa8b77cf-dentvitalis33.schunk.6ecbf8a934abc739.js""]",,,
derived,e-913,e-913,SCROLL_INTO_VIEW,"[""/contatti""]",e-913-derived-step-0,0,True,,1000,0,0,STYLE_OPACITY,True,"{""id"": ""N/A"", ""appliesTo"": ""TRIGGER_ELEMENT"", ""useEventTarget"": true}",,"{""delay"": 0, ""duration"": 0, ""target"": {""id"": ""N/A"", ""appliesTo"": ""TRIGGER_ELEMENT"", ""useEventTarget"": true}, ""value"": 0}","[{""key"": ""main"", ""min"": 992, ""max"": 10000}]","[""raw/published/resources/03c1fa8b77cf-dentvitalis33.schunk.6ecbf8a934abc739.js""]",,,
derived,e-913,e-913,SCROLL_INTO_VIEW,"[""/contatti""]",e-913-derived-step-1,1,False,0,1000,0,0,TRANSFORM_MOVE,True,"{""id"": ""N/A"", ""appliesTo"": ""TRIGGER_ELEMENT"", ""useEventTarget"": true}",,"{""delay"": 0, ""duration"": 0, ""target"": {""id"": ""N/A"", ""appliesTo"": ""TRIGGER_ELEMENT"", ""useEventTarget"": true}, ""xValue"": 0, ""yValue"": 100, ""xUnit"": ""PX"", ""yUnit"": ""PX"", ""zUnit"": ""PX""}","[{""key"": ""main"", ""min"": 992, ""max"": 10000}]","[""raw/published/resources/03c1fa8b77cf-dentvitalis33.schunk.6ecbf8a934abc739.js""]",,,
derived,e-913,e-913,SCROLL_INTO_VIEW,"[""/contatti""]",e-913-derived-step-2,2,False,0,1000,0,1000,TRANSFORM_MOVE,True,"{""id"": ""N/A"", ""appliesTo"": ""TRIGGER_ELEMENT"", ""useEventTarget"": true}",outQuart,"{""delay"": 0, ""easing"": ""outQuart"", ""duration"": 1000, ""target"": {""id"": ""N/A"", ""appliesTo"": ""TRIGGER_ELEMENT"", ""useEventTarget"": true}, ""xValue"": 0, ""yValue"": 0, ""xUnit"": ""PX"", ""yUnit"": ""PX"", ""zUnit"": ""PX""}","[{""key"": ""main"", ""min"": 992, ""max"": 10000}]","[""raw/published/resources/03c1fa8b77cf-dentvitalis33.schunk.6ecbf8a934abc739.js""]",,,
derived,e-913,e-913,SCROLL_INTO_VIEW,"[""/contatti""]",e-913-derived-step-3,2,False,0,1000,0,1000,STYLE_OPACITY,True,"{""id"": ""N/A"", ""appliesTo"": ""TRIGGER_ELEMENT"", ""useEventTarget"": true}",outQuart,"{""delay"": 0, ""easing"": ""outQuart"", ""duration"": 1000, ""target"": {""id"": ""N/A"", ""appliesTo"": ""TRIGGER_ELEMENT"", ""useEventTarget"": true}, ""value"": 1}","[{""key"": ""main"", ""min"": 992, ""max"": 10000}]","[""raw/published/resources/03c1fa8b77cf-dentvitalis33.schunk.6ecbf8a934abc739.js""]",,,
derived,e-919,e-919,SCROLL_INTO_VIEW,"[""/""]",e-919-derived-step-0,0,True,,200,0,0,STYLE_OPACITY,True,"{""id"": ""N/A"", ""appliesTo"": ""TRIGGER_ELEMENT"", ""useEventTarget"": true}",,"{""delay"": 0, ""duration"": 0, ""target"": {""id"": ""N/A"", ""appliesTo"": ""TRIGGER_ELEMENT"", ""useEventTarget"": true}, ""value"": 0}","[{""key"": ""main"", ""min"": 992, ""max"": 10000}, {""key"": ""medium"", ""min"": 768, ""max"": 991}, {""key"": ""small"", ""min"": 480, ""max"": 767}, {""key"": ""tiny"", ""min"": 0, ""max"": 479}]","[""raw/published/resources/03c1fa8b77cf-dentvitalis33.schunk.6ecbf8a934abc739.js""]",,,
derived,e-919,e-919,SCROLL_INTO_VIEW,"[""/""]",e-919-derived-step-1,1,False,0,200,0,0,TRANSFORM_MOVE,True,"{""id"": ""N/A"", ""appliesTo"": ""TRIGGER_ELEMENT"", ""useEventTarget"": true}",,"{""delay"": 0, ""duration"": 0, ""target"": {""id"": ""N/A"", ""appliesTo"": ""TRIGGER_ELEMENT"", ""useEventTarget"": true}, ""xValue"": 0, ""yValue"": 100, ""xUnit"": ""PX"", ""yUnit"": ""PX"", ""zUnit"": ""PX""}","[{""key"": ""main"", ""min"": 992, ""max"": 10000}, {""key"": ""medium"", ""min"": 768, ""max"": 991}, {""key"": ""small"", ""min"": 480, ""max"": 767}, {""key"": ""tiny"", ""min"": 0, ""max"": 479}]","[""raw/published/resources/03c1fa8b77cf-dentvitalis33.schunk.6ecbf8a934abc739.js""]",,,
derived,e-919,e-919,SCROLL_INTO_VIEW,"[""/""]",e-919-derived-step-2,2,False,0,200,0,1000,TRANSFORM_MOVE,True,"{""id"": ""N/A"", ""appliesTo"": ""TRIGGER_ELEMENT"", ""useEventTarget"": true}",outQuart,"{""delay"": 0, ""easing"": ""outQuart"", ""duration"": 1000, ""target"": {""id"": ""N/A"", ""appliesTo"": ""TRIGGER_ELEMENT"", ""useEventTarget"": true}, ""xValue"": 0, ""yValue"": 0, ""xUnit"": ""PX"", ""yUnit"": ""PX"", ""zUnit"": ""PX""}","[{""key"": ""main"", ""min"": 992, ""max"": 10000}, {""key"": ""medium"", ""min"": 768, ""max"": 991}, {""key"": ""small"", ""min"": 480, ""max"": 767}, {""key"": ""tiny"", ""min"": 0, ""max"": 479}]","[""raw/published/resources/03c1fa8b77cf-dentvitalis33.schunk.6ecbf8a934abc739.js""]",,,
derived,e-919,e-919,SCROLL_INTO_VIEW,"[""/""]",e-919-derived-step-3,2,False,0,200,0,1000,STYLE_OPACITY,True,"{""id"": ""N/A"", ""appliesTo"": ""TRIGGER_ELEMENT"", ""useEventTarget"": true}",outQuart,"{""delay"": 0, ""easing"": ""outQuart"", ""duration"": 1000, ""target"": {""id"": ""N/A"", ""appliesTo"": ""TRIGGER_ELEMENT"", ""useEventTarget"": true}, ""value"": 1}","[{""key"": ""main"", ""min"": 992, ""max"": 10000}, {""key"": ""medium"", ""min"": 768, ""max"": 991}, {""key"": ""small"", ""min"": 480, ""max"": 767}, {""key"": ""tiny"", ""min"": 0, ""max"": 479}]","[""raw/published/resources/03c1fa8b77cf-dentvitalis33.schunk.6ecbf8a934abc739.js""]",,,
derived,e-921,e-921,SCROLL_INTO_VIEW,"[""/""]",e-921-derived-step-0,0,True,,400,0,0,STYLE_OPACITY,True,"{""id"": ""N/A"", ""appliesTo"": ""TRIGGER_ELEMENT"", ""useEventTarget"": true}",,"{""delay"": 0, ""duration"": 0, ""target"": {""id"": ""N/A"", ""appliesTo"": ""TRIGGER_ELEMENT"", ""useEventTarget"": true}, ""value"": 0}","[{""key"": ""main"", ""min"": 992, ""max"": 10000}, {""key"": ""medium"", ""min"": 768, ""max"": 991}, {""key"": ""small"", ""min"": 480, ""max"": 767}, {""key"": ""tiny"", ""min"": 0, ""max"": 479}]","[""raw/published/resources/03c1fa8b77cf-dentvitalis33.schunk.6ecbf8a934abc739.js""]",,,
derived,e-921,e-921,SCROLL_INTO_VIEW,"[""/""]",e-921-derived-step-1,1,False,0,400,0,0,TRANSFORM_MOVE,True,"{""id"": ""N/A"", ""appliesTo"": ""TRIGGER_ELEMENT"", ""useEventTarget"": true}",,"{""delay"": 0, ""duration"": 0, ""target"": {""id"": ""N/A"", ""appliesTo"": ""TRIGGER_ELEMENT"", ""useEventTarget"": true}, ""xValue"": 0, ""yValue"": 100, ""xUnit"": ""PX"", ""yUnit"": ""PX"", ""zUnit"": ""PX""}","[{""key"": ""main"", ""min"": 992, ""max"": 10000}, {""key"": ""medium"", ""min"": 768, ""max"": 991}, {""key"": ""small"", ""min"": 480, ""max"": 767}, {""key"": ""tiny"", ""min"": 0, ""max"": 479}]","[""raw/published/resources/03c1fa8b77cf-dentvitalis33.schunk.6ecbf8a934abc739.js""]",,,
derived,e-921,e-921,SCROLL_INTO_VIEW,"[""/""]",e-921-derived-step-2,2,False,0,400,0,1000,TRANSFORM_MOVE,True,"{""id"": ""N/A"", ""appliesTo"": ""TRIGGER_ELEMENT"", ""useEventTarget"": true}",outQuart,"{""delay"": 0, ""easing"": ""outQuart"", ""duration"": 1000, ""target"": {""id"": ""N/A"", ""appliesTo"": ""TRIGGER_ELEMENT"", ""useEventTarget"": true}, ""xValue"": 0, ""yValue"": 0, ""xUnit"": ""PX"", ""yUnit"": ""PX"", ""zUnit"": ""PX""}","[{""key"": ""main"", ""min"": 992, ""max"": 10000}, {""key"": ""medium"", ""min"": 768, ""max"": 991}, {""key"": ""small"", ""min"": 480, ""max"": 767}, {""key"": ""tiny"", ""min"": 0, ""max"": 479}]","[""raw/published/resources/03c1fa8b77cf-dentvitalis33.schunk.6ecbf8a934abc739.js""]",,,
derived,e-921,e-921,SCROLL_INTO_VIEW,"[""/""]",e-921-derived-step-3,2,False,0,400,0,1000,STYLE_OPACITY,True,"{""id"": ""N/A"", ""appliesTo"": ""TRIGGER_ELEMENT"", ""useEventTarget"": true}",outQuart,"{""delay"": 0, ""easing"": ""outQuart"", ""duration"": 1000, ""target"": {""id"": ""N/A"", ""appliesTo"": ""TRIGGER_ELEMENT"", ""useEventTarget"": true}, ""value"": 1}","[{""key"": ""main"", ""min"": 992, ""max"": 10000}, {""key"": ""medium"", ""min"": 768, ""max"": 991}, {""key"": ""small"", ""min"": 480, ""max"": 767}, {""key"": ""tiny"", ""min"": 0, ""max"": 479}]","[""raw/published/resources/03c1fa8b77cf-dentvitalis33.schunk.6ecbf8a934abc739.js""]",,,
derived,e-925,e-925,SCROLL_INTO_VIEW,"[""/"", ""/prestazioni/corone-faccette-ponti-e-protesi"", ""/prestazioni/premium-ponte-fisso-su-impianti"", ""/prestazioni/protesi-definitiva-ancorata-su-4-impianti"", ""/prestazioni/sbiancamento-dei-denti""]",e-925-derived-step-0,0,True,,200,0,0,STYLE_OPACITY,True,"{""id"": ""N/A"", ""appliesTo"": ""TRIGGER_ELEMENT"", ""useEventTarget"": true}",,"{""delay"": 0, ""duration"": 0, ""target"": {""id"": ""N/A"", ""appliesTo"": ""TRIGGER_ELEMENT"", ""useEventTarget"": true}, ""value"": 0}","[{""key"": ""main"", ""min"": 992, ""max"": 10000}, {""key"": ""medium"", ""min"": 768, ""max"": 991}, {""key"": ""small"", ""min"": 480, ""max"": 767}, {""key"": ""tiny"", ""min"": 0, ""max"": 479}]","[""raw/published/resources/03c1fa8b77cf-dentvitalis33.schunk.6ecbf8a934abc739.js""]",,,
derived,e-925,e-925,SCROLL_INTO_VIEW,"[""/"", ""/prestazioni/corone-faccette-ponti-e-protesi"", ""/prestazioni/premium-ponte-fisso-su-impianti"", ""/prestazioni/protesi-definitiva-ancorata-su-4-impianti"", ""/prestazioni/sbiancamento-dei-denti""]",e-925-derived-step-1,1,False,0,200,0,0,TRANSFORM_MOVE,True,"{""id"": ""N/A"", ""appliesTo"": ""TRIGGER_ELEMENT"", ""useEventTarget"": true}",,"{""delay"": 0, ""duration"": 0, ""target"": {""id"": ""N/A"", ""appliesTo"": ""TRIGGER_ELEMENT"", ""useEventTarget"": true}, ""xValue"": 0, ""yValue"": 100, ""xUnit"": ""PX"", ""yUnit"": ""PX"", ""zUnit"": ""PX""}","[{""key"": ""main"", ""min"": 992, ""max"": 10000}, {""key"": ""medium"", ""min"": 768, ""max"": 991}, {""key"": ""small"", ""min"": 480, ""max"": 767}, {""key"": ""tiny"", ""min"": 0, ""max"": 479}]","[""raw/published/resources/03c1fa8b77cf-dentvitalis33.schunk.6ecbf8a934abc739.js""]",,,
derived,e-925,e-925,SCROLL_INTO_VIEW,"[""/"", ""/prestazioni/corone-faccette-ponti-e-protesi"", ""/prestazioni/premium-ponte-fisso-su-impianti"", ""/prestazioni/protesi-definitiva-ancorata-su-4-impianti"", ""/prestazioni/sbiancamento-dei-denti""]",e-925-derived-step-2,2,False,0,200,0,1000,TRANSFORM_MOVE,True,"{""id"": ""N/A"", ""appliesTo"": ""TRIGGER_ELEMENT"", ""useEventTarget"": true}",outQuart,"{""delay"": 0, ""easing"": ""outQuart"", ""duration"": 1000, ""target"": {""id"": ""N/A"", ""appliesTo"": ""TRIGGER_ELEMENT"", ""useEventTarget"": true}, ""xValue"": 0, ""yValue"": 0, ""xUnit"": ""PX"", ""yUnit"": ""PX"", ""zUnit"": ""PX""}","[{""key"": ""main"", ""min"": 992, ""max"": 10000}, {""key"": ""medium"", ""min"": 768, ""max"": 991}, {""key"": ""small"", ""min"": 480, ""max"": 767}, {""key"": ""tiny"", ""min"": 0, ""max"": 479}]","[""raw/published/resources/03c1fa8b77cf-dentvitalis33.schunk.6ecbf8a934abc739.js""]",,,
derived,e-925,e-925,SCROLL_INTO_VIEW,"[""/"", ""/prestazioni/corone-faccette-ponti-e-protesi"", ""/prestazioni/premium-ponte-fisso-su-impianti"", ""/prestazioni/protesi-definitiva-ancorata-su-4-impianti"", ""/prestazioni/sbiancamento-dei-denti""]",e-925-derived-step-3,2,False,0,200,0,1000,STYLE_OPACITY,True,"{""id"": ""N/A"", ""appliesTo"": ""TRIGGER_ELEMENT"", ""useEventTarget"": true}",outQuart,"{""delay"": 0, ""easing"": ""outQuart"", ""duration"": 1000, ""target"": {""id"": ""N/A"", ""appliesTo"": ""TRIGGER_ELEMENT"", ""useEventTarget"": true}, ""value"": 1}","[{""key"": ""main"", ""min"": 992, ""max"": 10000}, {""key"": ""medium"", ""min"": 768, ""max"": 991}, {""key"": ""small"", ""min"": 480, ""max"": 767}, {""key"": ""tiny"", ""min"": 0, ""max"": 479}]","[""raw/published/resources/03c1fa8b77cf-dentvitalis33.schunk.6ecbf8a934abc739.js""]",,,
derived,e-927,e-927,SCROLL_INTO_VIEW,"[""/"", ""/chi-siamo"", ""/condizioni-di-utilizzo"", ""/contatti"", ""/domande-e-risposte"", ""/faq"", ""/informativa-sulla-privacy"", ""/informazioni-per-pazienti"", ""/informazioni/alloggio"", ""/informazioni/garanzie"", ""/informazioni/listino-prezzi"", ""/informazioni/pagamento-flessibile"", ""/informazioni/prima-visita-gratuita"", ""/informazioni/tempi-del-trattamento"", ""/informazioni/trasporto"", ""/prestazioni-dentali"", ""/prestazioni/corone-faccette-ponti-e-protesi"", ""/prestazioni/premium-ponte-fisso-su-impianti"", ""/prestazioni/protesi-definitiva-ancorata-su-4-impianti"", ""/prestazioni/sbiancamento-dei-denti"", ""/prestazioni/sedazione-cosciente"", ""/su-di-noi/come-raggiungerci"", ""/su-di-noi/i-nostri-specialisti"", ""/su-di-noi/impianti-di-nuova-generazione"", ""/su-di-noi/laboratorio-odontotecnico"", ""/su-di-noi/materiali-e-apparecchiature"", ""/su-di-noi/tutto-in-un-unico-luogo"", ""/testimonianze""]",e-927-derived-step-0,0,True,,600,0,0,STYLE_OPACITY,True,"{""id"": ""N/A"", ""appliesTo"": ""TRIGGER_ELEMENT"", ""useEventTarget"": true}",,"{""delay"": 0, ""duration"": 0, ""target"": {""id"": ""N/A"", ""appliesTo"": ""TRIGGER_ELEMENT"", ""useEventTarget"": true}, ""value"": 0}","[{""key"": ""main"", ""min"": 992, ""max"": 10000}, {""key"": ""medium"", ""min"": 768, ""max"": 991}, {""key"": ""small"", ""min"": 480, ""max"": 767}, {""key"": ""tiny"", ""min"": 0, ""max"": 479}]","[""raw/published/resources/03c1fa8b77cf-dentvitalis33.schunk.6ecbf8a934abc739.js""]",,,
derived,e-927,e-927,SCROLL_INTO_VIEW,"[""/"", ""/chi-siamo"", ""/condizioni-di-utilizzo"", ""/contatti"", ""/domande-e-risposte"", ""/faq"", ""/informativa-sulla-privacy"", ""/informazioni-per-pazienti"", ""/informazioni/alloggio"", ""/informazioni/garanzie"", ""/informazioni/listino-prezzi"", ""/informazioni/pagamento-flessibile"", ""/informazioni/prima-visita-gratuita"", ""/informazioni/tempi-del-trattamento"", ""/informazioni/trasporto"", ""/prestazioni-dentali"", ""/prestazioni/corone-faccette-ponti-e-protesi"", ""/prestazioni/premium-ponte-fisso-su-impianti"", ""/prestazioni/protesi-definitiva-ancorata-su-4-impianti"", ""/prestazioni/sbiancamento-dei-denti"", ""/prestazioni/sedazione-cosciente"", ""/su-di-noi/come-raggiungerci"", ""/su-di-noi/i-nostri-specialisti"", ""/su-di-noi/impianti-di-nuova-generazione"", ""/su-di-noi/laboratorio-odontotecnico"", ""/su-di-noi/materiali-e-apparecchiature"", ""/su-di-noi/tutto-in-un-unico-luogo"", ""/testimonianze""]",e-927-derived-step-1,1,False,0,600,0,0,TRANSFORM_SCALE,True,"{""id"": ""N/A"", ""appliesTo"": ""TRIGGER_ELEMENT"", ""useEventTarget"": true}",,"{""delay"": 0, ""duration"": 0, ""target"": {""id"": ""N/A"", ""appliesTo"": ""TRIGGER_ELEMENT"", ""useEventTarget"": true}, ""xValue"": 0.7500000000000001, ""yValue"": 0.7500000000000001}","[{""key"": ""main"", ""min"": 992, ""max"": 10000}, {""key"": ""medium"", ""min"": 768, ""max"": 991}, {""key"": ""small"", ""min"": 480, ""max"": 767}, {""key"": ""tiny"", ""min"": 0, ""max"": 479}]","[""raw/published/resources/03c1fa8b77cf-dentvitalis33.schunk.6ecbf8a934abc739.js""]",,,
derived,e-927,e-927,SCROLL_INTO_VIEW,"[""/"", ""/chi-siamo"", ""/condizioni-di-utilizzo"", ""/contatti"", ""/domande-e-risposte"", ""/faq"", ""/informativa-sulla-privacy"", ""/informazioni-per-pazienti"", ""/informazioni/alloggio"", ""/informazioni/garanzie"", ""/informazioni/listino-prezzi"", ""/informazioni/pagamento-flessibile"", ""/informazioni/prima-visita-gratuita"", ""/informazioni/tempi-del-trattamento"", ""/informazioni/trasporto"", ""/prestazioni-dentali"", ""/prestazioni/corone-faccette-ponti-e-protesi"", ""/prestazioni/premium-ponte-fisso-su-impianti"", ""/prestazioni/protesi-definitiva-ancorata-su-4-impianti"", ""/prestazioni/sbiancamento-dei-denti"", ""/prestazioni/sedazione-cosciente"", ""/su-di-noi/come-raggiungerci"", ""/su-di-noi/i-nostri-specialisti"", ""/su-di-noi/impianti-di-nuova-generazione"", ""/su-di-noi/laboratorio-odontotecnico"", ""/su-di-noi/materiali-e-apparecchiature"", ""/su-di-noi/tutto-in-un-unico-luogo"", ""/testimonianze""]",e-927-derived-step-2,2,False,0,600,0,1000,TRANSFORM_SCALE,True,"{""id"": ""N/A"", ""appliesTo"": ""TRIGGER_ELEMENT"", ""useEventTarget"": true}",outQuart,"{""delay"": 0, ""easing"": ""outQuart"", ""duration"": 1000, ""target"": {""id"": ""N/A"", ""appliesTo"": ""TRIGGER_ELEMENT"", ""useEventTarget"": true}, ""xValue"": 1, ""yValue"": 1}","[{""key"": ""main"", ""min"": 992, ""max"": 10000}, {""key"": ""medium"", ""min"": 768, ""max"": 991}, {""key"": ""small"", ""min"": 480, ""max"": 767}, {""key"": ""tiny"", ""min"": 0, ""max"": 479}]","[""raw/published/resources/03c1fa8b77cf-dentvitalis33.schunk.6ecbf8a934abc739.js""]",,,
derived,e-927,e-927,SCROLL_INTO_VIEW,"[""/"", ""/chi-siamo"", ""/condizioni-di-utilizzo"", ""/contatti"", ""/domande-e-risposte"", ""/faq"", ""/informativa-sulla-privacy"", ""/informazioni-per-pazienti"", ""/informazioni/alloggio"", ""/informazioni/garanzie"", ""/informazioni/listino-prezzi"", ""/informazioni/pagamento-flessibile"", ""/informazioni/prima-visita-gratuita"", ""/informazioni/tempi-del-trattamento"", ""/informazioni/trasporto"", ""/prestazioni-dentali"", ""/prestazioni/corone-faccette-ponti-e-protesi"", ""/prestazioni/premium-ponte-fisso-su-impianti"", ""/prestazioni/protesi-definitiva-ancorata-su-4-impianti"", ""/prestazioni/sbiancamento-dei-denti"", ""/prestazioni/sedazione-cosciente"", ""/su-di-noi/come-raggiungerci"", ""/su-di-noi/i-nostri-specialisti"", ""/su-di-noi/impianti-di-nuova-generazione"", ""/su-di-noi/laboratorio-odontotecnico"", ""/su-di-noi/materiali-e-apparecchiature"", ""/su-di-noi/tutto-in-un-unico-luogo"", ""/testimonianze""]",e-927-derived-step-3,2,False,0,600,0,1000,STYLE_OPACITY,True,"{""id"": ""N/A"", ""appliesTo"": ""TRIGGER_ELEMENT"", ""useEventTarget"": true}",outQuart,"{""delay"": 0, ""easing"": ""outQuart"", ""duration"": 1000, ""target"": {""id"": ""N/A"", ""appliesTo"": ""TRIGGER_ELEMENT"", ""useEventTarget"": true}, ""value"": 1}","[{""key"": ""main"", ""min"": 992, ""max"": 10000}, {""key"": ""medium"", ""min"": 768, ""max"": 991}, {""key"": ""small"", ""min"": 480, ""max"": 767}, {""key"": ""tiny"", ""min"": 0, ""max"": 479}]","[""raw/published/resources/03c1fa8b77cf-dentvitalis33.schunk.6ecbf8a934abc739.js""]",,,
derived,e-931,e-931,SCROLL_INTO_VIEW,"[""/""]",e-931-derived-step-0,0,True,,800,0,0,STYLE_OPACITY,True,"{""id"": ""N/A"", ""appliesTo"": ""TRIGGER_ELEMENT"", ""useEventTarget"": true}",,"{""delay"": 0, ""duration"": 0, ""target"": {""id"": ""N/A"", ""appliesTo"": ""TRIGGER_ELEMENT"", ""useEventTarget"": true}, ""value"": 0}","[{""key"": ""main"", ""min"": 992, ""max"": 10000}, {""key"": ""medium"", ""min"": 768, ""max"": 991}, {""key"": ""small"", ""min"": 480, ""max"": 767}, {""key"": ""tiny"", ""min"": 0, ""max"": 479}]","[""raw/published/resources/03c1fa8b77cf-dentvitalis33.schunk.6ecbf8a934abc739.js""]",,,
derived,e-931,e-931,SCROLL_INTO_VIEW,"[""/""]",e-931-derived-step-1,1,False,0,800,0,1000,STYLE_OPACITY,True,"{""id"": ""N/A"", ""appliesTo"": ""TRIGGER_ELEMENT"", ""useEventTarget"": true}",outQuart,"{""delay"": 0, ""easing"": ""outQuart"", ""duration"": 1000, ""target"": {""id"": ""N/A"", ""appliesTo"": ""TRIGGER_ELEMENT"", ""useEventTarget"": true}, ""value"": 1}","[{""key"": ""main"", ""min"": 992, ""max"": 10000}, {""key"": ""medium"", ""min"": 768, ""max"": 991}, {""key"": ""small"", ""min"": 480, ""max"": 767}, {""key"": ""tiny"", ""min"": 0, ""max"": 479}]","[""raw/published/resources/03c1fa8b77cf-dentvitalis33.schunk.6ecbf8a934abc739.js""]",,,
derived,e-933,e-933,SCROLL_INTO_VIEW,"[""/""]",e-933-derived-step-0,0,True,,1000,0,0,STYLE_OPACITY,True,"{""id"": ""N/A"", ""appliesTo"": ""TRIGGER_ELEMENT"", ""useEventTarget"": true}",,"{""delay"": 0, ""duration"": 0, ""target"": {""id"": ""N/A"", ""appliesTo"": ""TRIGGER_ELEMENT"", ""useEventTarget"": true}, ""value"": 0}","[{""key"": ""main"", ""min"": 992, ""max"": 10000}, {""key"": ""medium"", ""min"": 768, ""max"": 991}, {""key"": ""small"", ""min"": 480, ""max"": 767}, {""key"": ""tiny"", ""min"": 0, ""max"": 479}]","[""raw/published/resources/03c1fa8b77cf-dentvitalis33.schunk.6ecbf8a934abc739.js""]",,,
derived,e-933,e-933,SCROLL_INTO_VIEW,"[""/""]",e-933-derived-step-1,1,False,0,1000,0,1000,STYLE_OPACITY,True,"{""id"": ""N/A"", ""appliesTo"": ""TRIGGER_ELEMENT"", ""useEventTarget"": true}",outQuart,"{""delay"": 0, ""easing"": ""outQuart"", ""duration"": 1000, ""target"": {""id"": ""N/A"", ""appliesTo"": ""TRIGGER_ELEMENT"", ""useEventTarget"": true}, ""value"": 1}","[{""key"": ""main"", ""min"": 992, ""max"": 10000}, {""key"": ""medium"", ""min"": 768, ""max"": 991}, {""key"": ""small"", ""min"": 480, ""max"": 767}, {""key"": ""tiny"", ""min"": 0, ""max"": 479}]","[""raw/published/resources/03c1fa8b77cf-dentvitalis33.schunk.6ecbf8a934abc739.js""]",,,
derived,e-935,e-935,SCROLL_INTO_VIEW,"[""/""]",e-935-derived-step-0,0,True,,1200,0,0,STYLE_OPACITY,True,"{""id"": ""N/A"", ""appliesTo"": ""TRIGGER_ELEMENT"", ""useEventTarget"": true}",,"{""delay"": 0, ""duration"": 0, ""target"": {""id"": ""N/A"", ""appliesTo"": ""TRIGGER_ELEMENT"", ""useEventTarget"": true}, ""value"": 0}","[{""key"": ""main"", ""min"": 992, ""max"": 10000}, {""key"": ""medium"", ""min"": 768, ""max"": 991}, {""key"": ""small"", ""min"": 480, ""max"": 767}, {""key"": ""tiny"", ""min"": 0, ""max"": 479}]","[""raw/published/resources/03c1fa8b77cf-dentvitalis33.schunk.6ecbf8a934abc739.js""]",,,
derived,e-935,e-935,SCROLL_INTO_VIEW,"[""/""]",e-935-derived-step-1,1,False,0,1200,0,1000,STYLE_OPACITY,True,"{""id"": ""N/A"", ""appliesTo"": ""TRIGGER_ELEMENT"", ""useEventTarget"": true}",outQuart,"{""delay"": 0, ""easing"": ""outQuart"", ""duration"": 1000, ""target"": {""id"": ""N/A"", ""appliesTo"": ""TRIGGER_ELEMENT"", ""useEventTarget"": true}, ""value"": 1}","[{""key"": ""main"", ""min"": 992, ""max"": 10000}, {""key"": ""medium"", ""min"": 768, ""max"": 991}, {""key"": ""small"", ""min"": 480, ""max"": 767}, {""key"": ""tiny"", ""min"": 0, ""max"": 479}]","[""raw/published/resources/03c1fa8b77cf-dentvitalis33.schunk.6ecbf8a934abc739.js""]",,,
derived,e-937,e-937,SCROLL_INTO_VIEW,"[""/""]",e-937-derived-step-0,0,True,,1200,0,0,STYLE_OPACITY,True,"{""id"": ""N/A"", ""appliesTo"": ""TRIGGER_ELEMENT"", ""useEventTarget"": true}",,"{""delay"": 0, ""duration"": 0, ""target"": {""id"": ""N/A"", ""appliesTo"": ""TRIGGER_ELEMENT"", ""useEventTarget"": true}, ""value"": 0}","[{""key"": ""main"", ""min"": 992, ""max"": 10000}, {""key"": ""medium"", ""min"": 768, ""max"": 991}, {""key"": ""small"", ""min"": 480, ""max"": 767}, {""key"": ""tiny"", ""min"": 0, ""max"": 479}]","[""raw/published/resources/03c1fa8b77cf-dentvitalis33.schunk.6ecbf8a934abc739.js""]",,,
derived,e-937,e-937,SCROLL_INTO_VIEW,"[""/""]",e-937-derived-step-1,1,False,0,1200,0,1000,STYLE_OPACITY,True,"{""id"": ""N/A"", ""appliesTo"": ""TRIGGER_ELEMENT"", ""useEventTarget"": true}",outQuart,"{""delay"": 0, ""easing"": ""outQuart"", ""duration"": 1000, ""target"": {""id"": ""N/A"", ""appliesTo"": ""TRIGGER_ELEMENT"", ""useEventTarget"": true}, ""value"": 1}","[{""key"": ""main"", ""min"": 992, ""max"": 10000}, {""key"": ""medium"", ""min"": 768, ""max"": 991}, {""key"": ""small"", ""min"": 480, ""max"": 767}, {""key"": ""tiny"", ""min"": 0, ""max"": 479}]","[""raw/published/resources/03c1fa8b77cf-dentvitalis33.schunk.6ecbf8a934abc739.js""]",,,
derived,e-941,e-941,SCROLL_INTO_VIEW,[],e-941-derived-step-0,0,True,,400,0,0,STYLE_OPACITY,True,"{""id"": ""N/A"", ""appliesTo"": ""TRIGGER_ELEMENT"", ""useEventTarget"": true}",,"{""delay"": 0, ""duration"": 0, ""target"": {""id"": ""N/A"", ""appliesTo"": ""TRIGGER_ELEMENT"", ""useEventTarget"": true}, ""value"": 0}","[{""key"": ""main"", ""min"": 992, ""max"": 10000}, {""key"": ""medium"", ""min"": 768, ""max"": 991}, {""key"": ""small"", ""min"": 480, ""max"": 767}, {""key"": ""tiny"", ""min"": 0, ""max"": 479}]","[""raw/published/resources/03c1fa8b77cf-dentvitalis33.schunk.6ecbf8a934abc739.js""]",,,
derived,e-941,e-941,SCROLL_INTO_VIEW,[],e-941-derived-step-1,1,False,0,400,0,0,TRANSFORM_MOVE,True,"{""id"": ""N/A"", ""appliesTo"": ""TRIGGER_ELEMENT"", ""useEventTarget"": true}",,"{""delay"": 0, ""duration"": 0, ""target"": {""id"": ""N/A"", ""appliesTo"": ""TRIGGER_ELEMENT"", ""useEventTarget"": true}, ""xValue"": 0, ""yValue"": 100, ""xUnit"": ""PX"", ""yUnit"": ""PX"", ""zUnit"": ""PX""}","[{""key"": ""main"", ""min"": 992, ""max"": 10000}, {""key"": ""medium"", ""min"": 768, ""max"": 991}, {""key"": ""small"", ""min"": 480, ""max"": 767}, {""key"": ""tiny"", ""min"": 0, ""max"": 479}]","[""raw/published/resources/03c1fa8b77cf-dentvitalis33.schunk.6ecbf8a934abc739.js""]",,,
derived,e-941,e-941,SCROLL_INTO_VIEW,[],e-941-derived-step-2,2,False,0,400,0,1000,TRANSFORM_MOVE,True,"{""id"": ""N/A"", ""appliesTo"": ""TRIGGER_ELEMENT"", ""useEventTarget"": true}",outQuart,"{""delay"": 0, ""easing"": ""outQuart"", ""duration"": 1000, ""target"": {""id"": ""N/A"", ""appliesTo"": ""TRIGGER_ELEMENT"", ""useEventTarget"": true}, ""xValue"": 0, ""yValue"": 0, ""xUnit"": ""PX"", ""yUnit"": ""PX"", ""zUnit"": ""PX""}","[{""key"": ""main"", ""min"": 992, ""max"": 10000}, {""key"": ""medium"", ""min"": 768, ""max"": 991}, {""key"": ""small"", ""min"": 480, ""max"": 767}, {""key"": ""tiny"", ""min"": 0, ""max"": 479}]","[""raw/published/resources/03c1fa8b77cf-dentvitalis33.schunk.6ecbf8a934abc739.js""]",,,
derived,e-941,e-941,SCROLL_INTO_VIEW,[],e-941-derived-step-3,2,False,0,400,0,1000,STYLE_OPACITY,True,"{""id"": ""N/A"", ""appliesTo"": ""TRIGGER_ELEMENT"", ""useEventTarget"": true}",outQuart,"{""delay"": 0, ""easing"": ""outQuart"", ""duration"": 1000, ""target"": {""id"": ""N/A"", ""appliesTo"": ""TRIGGER_ELEMENT"", ""useEventTarget"": true}, ""value"": 1}","[{""key"": ""main"", ""min"": 992, ""max"": 10000}, {""key"": ""medium"", ""min"": 768, ""max"": 991}, {""key"": ""small"", ""min"": 480, ""max"": 767}, {""key"": ""tiny"", ""min"": 0, ""max"": 479}]","[""raw/published/resources/03c1fa8b77cf-dentvitalis33.schunk.6ecbf8a934abc739.js""]",,,
derived,e-943,e-943,SCROLL_INTO_VIEW,[],e-943-derived-step-0,0,True,,600,0,0,STYLE_OPACITY,True,"{""id"": ""N/A"", ""appliesTo"": ""TRIGGER_ELEMENT"", ""useEventTarget"": true}",,"{""delay"": 0, ""duration"": 0, ""target"": {""id"": ""N/A"", ""appliesTo"": ""TRIGGER_ELEMENT"", ""useEventTarget"": true}, ""value"": 0}","[{""key"": ""main"", ""min"": 992, ""max"": 10000}, {""key"": ""medium"", ""min"": 768, ""max"": 991}, {""key"": ""small"", ""min"": 480, ""max"": 767}, {""key"": ""tiny"", ""min"": 0, ""max"": 479}]","[""raw/published/resources/03c1fa8b77cf-dentvitalis33.schunk.6ecbf8a934abc739.js""]",,,
derived,e-943,e-943,SCROLL_INTO_VIEW,[],e-943-derived-step-1,1,False,0,600,0,0,TRANSFORM_MOVE,True,"{""id"": ""N/A"", ""appliesTo"": ""TRIGGER_ELEMENT"", ""useEventTarget"": true}",,"{""delay"": 0, ""duration"": 0, ""target"": {""id"": ""N/A"", ""appliesTo"": ""TRIGGER_ELEMENT"", ""useEventTarget"": true}, ""xValue"": 0, ""yValue"": 100, ""xUnit"": ""PX"", ""yUnit"": ""PX"", ""zUnit"": ""PX""}","[{""key"": ""main"", ""min"": 992, ""max"": 10000}, {""key"": ""medium"", ""min"": 768, ""max"": 991}, {""key"": ""small"", ""min"": 480, ""max"": 767}, {""key"": ""tiny"", ""min"": 0, ""max"": 479}]","[""raw/published/resources/03c1fa8b77cf-dentvitalis33.schunk.6ecbf8a934abc739.js""]",,,
derived,e-943,e-943,SCROLL_INTO_VIEW,[],e-943-derived-step-2,2,False,0,600,0,1000,TRANSFORM_MOVE,True,"{""id"": ""N/A"", ""appliesTo"": ""TRIGGER_ELEMENT"", ""useEventTarget"": true}",outQuart,"{""delay"": 0, ""easing"": ""outQuart"", ""duration"": 1000, ""target"": {""id"": ""N/A"", ""appliesTo"": ""TRIGGER_ELEMENT"", ""useEventTarget"": true}, ""xValue"": 0, ""yValue"": 0, ""xUnit"": ""PX"", ""yUnit"": ""PX"", ""zUnit"": ""PX""}","[{""key"": ""main"", ""min"": 992, ""max"": 10000}, {""key"": ""medium"", ""min"": 768, ""max"": 991}, {""key"": ""small"", ""min"": 480, ""max"": 767}, {""key"": ""tiny"", ""min"": 0, ""max"": 479}]","[""raw/published/resources/03c1fa8b77cf-dentvitalis33.schunk.6ecbf8a934abc739.js""]",,,
derived,e-943,e-943,SCROLL_INTO_VIEW,[],e-943-derived-step-3,2,False,0,600,0,1000,STYLE_OPACITY,True,"{""id"": ""N/A"", ""appliesTo"": ""TRIGGER_ELEMENT"", ""useEventTarget"": true}",outQuart,"{""delay"": 0, ""easing"": ""outQuart"", ""duration"": 1000, ""target"": {""id"": ""N/A"", ""appliesTo"": ""TRIGGER_ELEMENT"", ""useEventTarget"": true}, ""value"": 1}","[{""key"": ""main"", ""min"": 992, ""max"": 10000}, {""key"": ""medium"", ""min"": 768, ""max"": 991}, {""key"": ""small"", ""min"": 480, ""max"": 767}, {""key"": ""tiny"", ""min"": 0, ""max"": 479}]","[""raw/published/resources/03c1fa8b77cf-dentvitalis33.schunk.6ecbf8a934abc739.js""]",,,
derived,e-945,e-945,SCROLL_INTO_VIEW,[],e-945-derived-step-0,0,True,,200,0,0,STYLE_OPACITY,True,"{""id"": ""N/A"", ""appliesTo"": ""TRIGGER_ELEMENT"", ""useEventTarget"": true}",,"{""delay"": 0, ""duration"": 0, ""target"": {""id"": ""N/A"", ""appliesTo"": ""TRIGGER_ELEMENT"", ""useEventTarget"": true}, ""value"": 0}","[{""key"": ""main"", ""min"": 992, ""max"": 10000}, {""key"": ""medium"", ""min"": 768, ""max"": 991}, {""key"": ""small"", ""min"": 480, ""max"": 767}, {""key"": ""tiny"", ""min"": 0, ""max"": 479}]","[""raw/published/resources/03c1fa8b77cf-dentvitalis33.schunk.6ecbf8a934abc739.js""]",,,
derived,e-945,e-945,SCROLL_INTO_VIEW,[],e-945-derived-step-1,1,False,0,200,0,1000,STYLE_OPACITY,True,"{""id"": ""N/A"", ""appliesTo"": ""TRIGGER_ELEMENT"", ""useEventTarget"": true}",outQuart,"{""delay"": 0, ""easing"": ""outQuart"", ""duration"": 1000, ""target"": {""id"": ""N/A"", ""appliesTo"": ""TRIGGER_ELEMENT"", ""useEventTarget"": true}, ""value"": 1}","[{""key"": ""main"", ""min"": 992, ""max"": 10000}, {""key"": ""medium"", ""min"": 768, ""max"": 991}, {""key"": ""small"", ""min"": 480, ""max"": 767}, {""key"": ""tiny"", ""min"": 0, ""max"": 479}]","[""raw/published/resources/03c1fa8b77cf-dentvitalis33.schunk.6ecbf8a934abc739.js""]",,,
derived,e-947,e-947,SCROLL_INTO_VIEW,"[""/""]",e-947-derived-step-0,0,True,,800,0,0,STYLE_OPACITY,True,"{""id"": ""N/A"", ""appliesTo"": ""TRIGGER_ELEMENT"", ""useEventTarget"": true}",,"{""delay"": 0, ""duration"": 0, ""target"": {""id"": ""N/A"", ""appliesTo"": ""TRIGGER_ELEMENT"", ""useEventTarget"": true}, ""value"": 0}","[{""key"": ""main"", ""min"": 992, ""max"": 10000}, {""key"": ""medium"", ""min"": 768, ""max"": 991}, {""key"": ""small"", ""min"": 480, ""max"": 767}, {""key"": ""tiny"", ""min"": 0, ""max"": 479}]","[""raw/published/resources/03c1fa8b77cf-dentvitalis33.schunk.6ecbf8a934abc739.js""]",,,
derived,e-947,e-947,SCROLL_INTO_VIEW,"[""/""]",e-947-derived-step-1,1,False,0,800,0,1000,STYLE_OPACITY,True,"{""id"": ""N/A"", ""appliesTo"": ""TRIGGER_ELEMENT"", ""useEventTarget"": true}",outQuart,"{""delay"": 0, ""easing"": ""outQuart"", ""duration"": 1000, ""target"": {""id"": ""N/A"", ""appliesTo"": ""TRIGGER_ELEMENT"", ""useEventTarget"": true}, ""value"": 1}","[{""key"": ""main"", ""min"": 992, ""max"": 10000}, {""key"": ""medium"", ""min"": 768, ""max"": 991}, {""key"": ""small"", ""min"": 480, ""max"": 767}, {""key"": ""tiny"", ""min"": 0, ""max"": 479}]","[""raw/published/resources/03c1fa8b77cf-dentvitalis33.schunk.6ecbf8a934abc739.js""]",,,
derived,e-949,e-949,SCROLL_INTO_VIEW,"[""/""]",e-949-derived-step-0,0,True,,800,0,0,STYLE_OPACITY,True,"{""id"": ""N/A"", ""appliesTo"": ""TRIGGER_ELEMENT"", ""useEventTarget"": true}",,"{""delay"": 0, ""duration"": 0, ""target"": {""id"": ""N/A"", ""appliesTo"": ""TRIGGER_ELEMENT"", ""useEventTarget"": true}, ""value"": 0}","[{""key"": ""main"", ""min"": 992, ""max"": 10000}, {""key"": ""medium"", ""min"": 768, ""max"": 991}, {""key"": ""small"", ""min"": 480, ""max"": 767}, {""key"": ""tiny"", ""min"": 0, ""max"": 479}]","[""raw/published/resources/03c1fa8b77cf-dentvitalis33.schunk.6ecbf8a934abc739.js""]",,,
derived,e-949,e-949,SCROLL_INTO_VIEW,"[""/""]",e-949-derived-step-1,1,False,0,800,0,1000,STYLE_OPACITY,True,"{""id"": ""N/A"", ""appliesTo"": ""TRIGGER_ELEMENT"", ""useEventTarget"": true}",outQuart,"{""delay"": 0, ""easing"": ""outQuart"", ""duration"": 1000, ""target"": {""id"": ""N/A"", ""appliesTo"": ""TRIGGER_ELEMENT"", ""useEventTarget"": true}, ""value"": 1}","[{""key"": ""main"", ""min"": 992, ""max"": 10000}, {""key"": ""medium"", ""min"": 768, ""max"": 991}, {""key"": ""small"", ""min"": 480, ""max"": 767}, {""key"": ""tiny"", ""min"": 0, ""max"": 479}]","[""raw/published/resources/03c1fa8b77cf-dentvitalis33.schunk.6ecbf8a934abc739.js""]",,,
extracted,e-955,Project Teaser Scroll Animation 3,SCROLLING_IN_VIEW,"[""/""]",a-17-n,,,,,,,STYLE_OPACITY,,"{""selector"": "".teaser-img._1"", ""selectorGuids"": [""b47f39b8-b9d8-5e09-e67c-1a8e34eb5a18"", ""b47f39b8-b9d8-5e09-e67c-1a8e34eb5a23""]}",,"{""delay"": 0, ""easing"": """", ""duration"": 500, ""target"": {""selector"": "".teaser-img._1"", ""selectorGuids"": [""b47f39b8-b9d8-5e09-e67c-1a8e34eb5a18"", ""b47f39b8-b9d8-5e09-e67c-1a8e34eb5a23""]}, ""value"": 1, ""unit"": """"}",,"[""raw/published/resources/03c1fa8b77cf-dentvitalis33.schunk.6ecbf8a934abc739.js""]",a-17-p,33,"[{""continuousParameterGroupId"": ""a-17-p"", ""smoothing"": 80, ""startsEntering"": true, ""addStartOffset"": false, ""addOffsetValue"": 50, ""startsExiting"": false, ""addEndOffset"": false, ""endOffsetValue"": 50}]"
extracted,e-955,Project Teaser Scroll Animation 3,SCROLLING_IN_VIEW,"[""/""]",a-17-n-2,,,,,,,TRANSFORM_SCALE,,"{""selector"": "".teaser-img._1"", ""selectorGuids"": [""b47f39b8-b9d8-5e09-e67c-1a8e34eb5a18"", ""b47f39b8-b9d8-5e09-e67c-1a8e34eb5a23""]}",,"{""delay"": 0, ""easing"": """", ""duration"": 500, ""target"": {""selector"": "".teaser-img._1"", ""selectorGuids"": [""b47f39b8-b9d8-5e09-e67c-1a8e34eb5a18"", ""b47f39b8-b9d8-5e09-e67c-1a8e34eb5a23""]}, ""xValue"": 1, ""yValue"": 1, ""locked"": true}",,"[""raw/published/resources/03c1fa8b77cf-dentvitalis33.schunk.6ecbf8a934abc739.js""]",a-17-p,33,"[{""continuousParameterGroupId"": ""a-17-p"", ""smoothing"": 80, ""startsEntering"": true, ""addStartOffset"": false, ""addOffsetValue"": 50, ""startsExiting"": false, ""addEndOffset"": false, ""endOffsetValue"": 50}]"
extracted,e-955,Project Teaser Scroll Animation 3,SCROLLING_IN_VIEW,"[""/""]",a-17-n-3,,,,,,,STYLE_OPACITY,,"{""selector"": "".teaser-img._1"", ""selectorGuids"": [""b47f39b8-b9d8-5e09-e67c-1a8e34eb5a18"", ""b47f39b8-b9d8-5e09-e67c-1a8e34eb5a23""]}",,"{""delay"": 0, ""easing"": """", ""duration"": 500, ""target"": {""selector"": "".teaser-img._1"", ""selectorGuids"": [""b47f39b8-b9d8-5e09-e67c-1a8e34eb5a18"", ""b47f39b8-b9d8-5e09-e67c-1a8e34eb5a23""]}, ""value"": 0, ""unit"": """"}",,"[""raw/published/resources/03c1fa8b77cf-dentvitalis33.schunk.6ecbf8a934abc739.js""]",a-17-p,38,"[{""continuousParameterGroupId"": ""a-17-p"", ""smoothing"": 80, ""startsEntering"": true, ""addStartOffset"": false, ""addOffsetValue"": 50, ""startsExiting"": false, ""addEndOffset"": false, ""endOffsetValue"": 50}]"
extracted,e-955,Project Teaser Scroll Animation 3,SCROLLING_IN_VIEW,"[""/""]",a-17-n-4,,,,,,,TRANSFORM_SCALE,,"{""selector"": "".teaser-img._1"", ""selectorGuids"": [""b47f39b8-b9d8-5e09-e67c-1a8e34eb5a18"", ""b47f39b8-b9d8-5e09-e67c-1a8e34eb5a23""]}",,"{""delay"": 0, ""easing"": """", ""duration"": 500, ""target"": {""selector"": "".teaser-img._1"", ""selectorGuids"": [""b47f39b8-b9d8-5e09-e67c-1a8e34eb5a18"", ""b47f39b8-b9d8-5e09-e67c-1a8e34eb5a23""]}, ""xValue"": 1.2, ""yValue"": 1.2, ""locked"": true}",,"[""raw/published/resources/03c1fa8b77cf-dentvitalis33.schunk.6ecbf8a934abc739.js""]",a-17-p,38,"[{""continuousParameterGroupId"": ""a-17-p"", ""smoothing"": 80, ""startsEntering"": true, ""addStartOffset"": false, ""addOffsetValue"": 50, ""startsExiting"": false, ""addEndOffset"": false, ""endOffsetValue"": 50}]"
extracted,e-955,Project Teaser Scroll Animation 3,SCROLLING_IN_VIEW,"[""/""]",a-17-n-5,,,,,,,STYLE_OPACITY,,"{""selector"": "".teaser-img._2"", ""selectorGuids"": [""b47f39b8-b9d8-5e09-e67c-1a8e34eb5a18"", ""b47f39b8-b9d8-5e09-e67c-1a8e34eb5a24""]}",,"{""delay"": 0, ""easing"": """", ""duration"": 500, ""target"": {""selector"": "".teaser-img._2"", ""selectorGuids"": [""b47f39b8-b9d8-5e09-e67c-1a8e34eb5a18"", ""b47f39b8-b9d8-5e09-e67c-1a8e34eb5a24""]}, ""value"": 1, ""unit"": """"}",,"[""raw/published/resources/03c1fa8b77cf-dentvitalis33.schunk.6ecbf8a934abc739.js""]",a-17-p,53,"[{""continuousParameterGroupId"": ""a-17-p"", ""smoothing"": 80, ""startsEntering"": true, ""addStartOffset"": false, ""addOffsetValue"": 50, ""startsExiting"": false, ""addEndOffset"": false, ""endOffsetValue"": 50}]"
extracted,e-955,Project Teaser Scroll Animation 3,SCROLLING_IN_VIEW,"[""/""]",a-17-n-6,,,,,,,TRANSFORM_SCALE,,"{""selector"": "".teaser-img._2"", ""selectorGuids"": [""b47f39b8-b9d8-5e09-e67c-1a8e34eb5a18"", ""b47f39b8-b9d8-5e09-e67c-1a8e34eb5a24""]}",,"{""delay"": 0, ""easing"": """", ""duration"": 500, ""target"": {""selector"": "".teaser-img._2"", ""selectorGuids"": [""b47f39b8-b9d8-5e09-e67c-1a8e34eb5a18"", ""b47f39b8-b9d8-5e09-e67c-1a8e34eb5a24""]}, ""xValue"": 1, ""yValue"": 1, ""locked"": true}",,"[""raw/published/resources/03c1fa8b77cf-dentvitalis33.schunk.6ecbf8a934abc739.js""]",a-17-p,53,"[{""continuousParameterGroupId"": ""a-17-p"", ""smoothing"": 80, ""startsEntering"": true, ""addStartOffset"": false, ""addOffsetValue"": 50, ""startsExiting"": false, ""addEndOffset"": false, ""endOffsetValue"": 50}]"
extracted,e-955,Project Teaser Scroll Animation 3,SCROLLING_IN_VIEW,"[""/""]",a-17-n-7,,,,,,,STYLE_OPACITY,,"{""selector"": "".teaser-img._2"", ""selectorGuids"": [""b47f39b8-b9d8-5e09-e67c-1a8e34eb5a18"", ""b47f39b8-b9d8-5e09-e67c-1a8e34eb5a24""]}",,"{""delay"": 0, ""easing"": """", ""duration"": 500, ""target"": {""selector"": "".teaser-img._2"", ""selectorGuids"": [""b47f39b8-b9d8-5e09-e67c-1a8e34eb5a18"", ""b47f39b8-b9d8-5e09-e67c-1a8e34eb5a24""]}, ""value"": 0, ""unit"": """"}",,"[""raw/published/resources/03c1fa8b77cf-dentvitalis33.schunk.6ecbf8a934abc739.js""]",a-17-p,58,"[{""continuousParameterGroupId"": ""a-17-p"", ""smoothing"": 80, ""startsEntering"": true, ""addStartOffset"": false, ""addOffsetValue"": 50, ""startsExiting"": false, ""addEndOffset"": false, ""endOffsetValue"": 50}]"
extracted,e-955,Project Teaser Scroll Animation 3,SCROLLING_IN_VIEW,"[""/""]",a-17-n-8,,,,,,,TRANSFORM_SCALE,,"{""selector"": "".teaser-img._2"", ""selectorGuids"": [""b47f39b8-b9d8-5e09-e67c-1a8e34eb5a18"", ""b47f39b8-b9d8-5e09-e67c-1a8e34eb5a24""]}",,"{""delay"": 0, ""easing"": """", ""duration"": 500, ""target"": {""selector"": "".teaser-img._2"", ""selectorGuids"": [""b47f39b8-b9d8-5e09-e67c-1a8e34eb5a18"", ""b47f39b8-b9d8-5e09-e67c-1a8e34eb5a24""]}, ""xValue"": 1.2, ""yValue"": 1.2, ""locked"": true}",,"[""raw/published/resources/03c1fa8b77cf-dentvitalis33.schunk.6ecbf8a934abc739.js""]",a-17-p,58,"[{""continuousParameterGroupId"": ""a-17-p"", ""smoothing"": 80, ""startsEntering"": true, ""addStartOffset"": false, ""addOffsetValue"": 50, ""startsExiting"": false, ""addEndOffset"": false, ""endOffsetValue"": 50}]"
extracted,e-955,Project Teaser Scroll Animation 3,SCROLLING_IN_VIEW,"[""/""]",a-17-n-9,,,,,,,STYLE_OPACITY,,"{""selector"": "".teaser-img._3"", ""selectorGuids"": [""b47f39b8-b9d8-5e09-e67c-1a8e34eb5a18"", ""b47f39b8-b9d8-5e09-e67c-1a8e34eb5a22""]}",,"{""delay"": 0, ""easing"": """", ""duration"": 500, ""target"": {""selector"": "".teaser-img._3"", ""selectorGuids"": [""b47f39b8-b9d8-5e09-e67c-1a8e34eb5a18"", ""b47f39b8-b9d8-5e09-e67c-1a8e34eb5a22""]}, ""value"": 1, ""unit"": """"}",,"[""raw/published/resources/03c1fa8b77cf-dentvitalis33.schunk.6ecbf8a934abc739.js""]",a-17-p,73,"[{""continuousParameterGroupId"": ""a-17-p"", ""smoothing"": 80, ""startsEntering"": true, ""addStartOffset"": false, ""addOffsetValue"": 50, ""startsExiting"": false, ""addEndOffset"": false, ""endOffsetValue"": 50}]"
extracted,e-955,Project Teaser Scroll Animation 3,SCROLLING_IN_VIEW,"[""/""]",a-17-n-10,,,,,,,TRANSFORM_SCALE,,"{""selector"": "".teaser-img._3"", ""selectorGuids"": [""b47f39b8-b9d8-5e09-e67c-1a8e34eb5a18"", ""b47f39b8-b9d8-5e09-e67c-1a8e34eb5a22""]}",,"{""delay"": 0, ""easing"": """", ""duration"": 500, ""target"": {""selector"": "".teaser-img._3"", ""selectorGuids"": [""b47f39b8-b9d8-5e09-e67c-1a8e34eb5a18"", ""b47f39b8-b9d8-5e09-e67c-1a8e34eb5a22""]}, ""xValue"": 1, ""yValue"": 1, ""locked"": true}",,"[""raw/published/resources/03c1fa8b77cf-dentvitalis33.schunk.6ecbf8a934abc739.js""]",a-17-p,73,"[{""continuousParameterGroupId"": ""a-17-p"", ""smoothing"": 80, ""startsEntering"": true, ""addStartOffset"": false, ""addOffsetValue"": 50, ""startsExiting"": false, ""addEndOffset"": false, ""endOffsetValue"": 50}]"
extracted,e-955,Project Teaser Scroll Animation 3,SCROLLING_IN_VIEW,"[""/""]",a-17-n-11,,,,,,,STYLE_OPACITY,,"{""selector"": "".teaser-img._3"", ""selectorGuids"": [""b47f39b8-b9d8-5e09-e67c-1a8e34eb5a18"", ""b47f39b8-b9d8-5e09-e67c-1a8e34eb5a22""]}",,"{""delay"": 0, ""easing"": """", ""duration"": 500, ""target"": {""selector"": "".teaser-img._3"", ""selectorGuids"": [""b47f39b8-b9d8-5e09-e67c-1a8e34eb5a18"", ""b47f39b8-b9d8-5e09-e67c-1a8e34eb5a22""]}, ""value"": 0, ""unit"": """"}",,"[""raw/published/resources/03c1fa8b77cf-dentvitalis33.schunk.6ecbf8a934abc739.js""]",a-17-p,78,"[{""continuousParameterGroupId"": ""a-17-p"", ""smoothing"": 80, ""startsEntering"": true, ""addStartOffset"": false, ""addOffsetValue"": 50, ""startsExiting"": false, ""addEndOffset"": false, ""endOffsetValue"": 50}]"
extracted,e-955,Project Teaser Scroll Animation 3,SCROLLING_IN_VIEW,"[""/""]",a-17-n-12,,,,,,,TRANSFORM_SCALE,,"{""selector"": "".teaser-img._3"", ""selectorGuids"": [""b47f39b8-b9d8-5e09-e67c-1a8e34eb5a18"", ""b47f39b8-b9d8-5e09-e67c-1a8e34eb5a22""]}",,"{""delay"": 0, ""easing"": """", ""duration"": 500, ""target"": {""selector"": "".teaser-img._3"", ""selectorGuids"": [""b47f39b8-b9d8-5e09-e67c-1a8e34eb5a18"", ""b47f39b8-b9d8-5e09-e67c-1a8e34eb5a22""]}, ""xValue"": 1.2, ""yValue"": 1.2, ""locked"": true}",,"[""raw/published/resources/03c1fa8b77cf-dentvitalis33.schunk.6ecbf8a934abc739.js""]",a-17-p,78,"[{""continuousParameterGroupId"": ""a-17-p"", ""smoothing"": 80, ""startsEntering"": true, ""addStartOffset"": false, ""addOffsetValue"": 50, ""startsExiting"": false, ""addEndOffset"": false, ""endOffsetValue"": 50}]"
extracted,e-955,Project Teaser Scroll Animation 3,SCROLLING_IN_VIEW,"[""/""]",a-17-n-13,,,,,,,TRANSFORM_SCALE,,"{""selector"": "".teaser-img._3"", ""selectorGuids"": [""b47f39b8-b9d8-5e09-e67c-1a8e34eb5a18"", ""b47f39b8-b9d8-5e09-e67c-1a8e34eb5a22""]}",,"{""delay"": 0, ""easing"": """", ""duration"": 500, ""target"": {""selector"": "".teaser-img._3"", ""selectorGuids"": [""b47f39b8-b9d8-5e09-e67c-1a8e34eb5a18"", ""b47f39b8-b9d8-5e09-e67c-1a8e34eb5a22""]}, ""xValue"": 1, ""yValue"": 1, ""locked"": true}",,"[""raw/published/resources/03c1fa8b77cf-dentvitalis33.schunk.6ecbf8a934abc739.js""]",a-17-p,89,"[{""continuousParameterGroupId"": ""a-17-p"", ""smoothing"": 80, ""startsEntering"": true, ""addStartOffset"": false, ""addOffsetValue"": 50, ""startsExiting"": false, ""addEndOffset"": false, ""endOffsetValue"": 50}]"
derived,e-956,e-956,SCROLL_INTO_VIEW,"[""/""]",e-956-derived-step-0,0,True,,200,0,0,STYLE_OPACITY,True,"{""id"": ""N/A"", ""appliesTo"": ""TRIGGER_ELEMENT"", ""useEventTarget"": true}",,"{""delay"": 0, ""duration"": 0, ""target"": {""id"": ""N/A"", ""appliesTo"": ""TRIGGER_ELEMENT"", ""useEventTarget"": true}, ""value"": 0}","[{""key"": ""main"", ""min"": 992, ""max"": 10000}, {""key"": ""medium"", ""min"": 768, ""max"": 991}, {""key"": ""small"", ""min"": 480, ""max"": 767}, {""key"": ""tiny"", ""min"": 0, ""max"": 479}]","[""raw/published/resources/03c1fa8b77cf-dentvitalis33.schunk.6ecbf8a934abc739.js""]",,,
derived,e-956,e-956,SCROLL_INTO_VIEW,"[""/""]",e-956-derived-step-1,1,False,0,200,0,0,TRANSFORM_MOVE,True,"{""id"": ""N/A"", ""appliesTo"": ""TRIGGER_ELEMENT"", ""useEventTarget"": true}",,"{""delay"": 0, ""duration"": 0, ""target"": {""id"": ""N/A"", ""appliesTo"": ""TRIGGER_ELEMENT"", ""useEventTarget"": true}, ""xValue"": 0, ""yValue"": 100, ""xUnit"": ""PX"", ""yUnit"": ""PX"", ""zUnit"": ""PX""}","[{""key"": ""main"", ""min"": 992, ""max"": 10000}, {""key"": ""medium"", ""min"": 768, ""max"": 991}, {""key"": ""small"", ""min"": 480, ""max"": 767}, {""key"": ""tiny"", ""min"": 0, ""max"": 479}]","[""raw/published/resources/03c1fa8b77cf-dentvitalis33.schunk.6ecbf8a934abc739.js""]",,,
derived,e-956,e-956,SCROLL_INTO_VIEW,"[""/""]",e-956-derived-step-2,2,False,0,200,0,1000,TRANSFORM_MOVE,True,"{""id"": ""N/A"", ""appliesTo"": ""TRIGGER_ELEMENT"", ""useEventTarget"": true}",outQuart,"{""delay"": 0, ""easing"": ""outQuart"", ""duration"": 1000, ""target"": {""id"": ""N/A"", ""appliesTo"": ""TRIGGER_ELEMENT"", ""useEventTarget"": true}, ""xValue"": 0, ""yValue"": 0, ""xUnit"": ""PX"", ""yUnit"": ""PX"", ""zUnit"": ""PX""}","[{""key"": ""main"", ""min"": 992, ""max"": 10000}, {""key"": ""medium"", ""min"": 768, ""max"": 991}, {""key"": ""small"", ""min"": 480, ""max"": 767}, {""key"": ""tiny"", ""min"": 0, ""max"": 479}]","[""raw/published/resources/03c1fa8b77cf-dentvitalis33.schunk.6ecbf8a934abc739.js""]",,,
derived,e-956,e-956,SCROLL_INTO_VIEW,"[""/""]",e-956-derived-step-3,2,False,0,200,0,1000,STYLE_OPACITY,True,"{""id"": ""N/A"", ""appliesTo"": ""TRIGGER_ELEMENT"", ""useEventTarget"": true}",outQuart,"{""delay"": 0, ""easing"": ""outQuart"", ""duration"": 1000, ""target"": {""id"": ""N/A"", ""appliesTo"": ""TRIGGER_ELEMENT"", ""useEventTarget"": true}, ""value"": 1}","[{""key"": ""main"", ""min"": 992, ""max"": 10000}, {""key"": ""medium"", ""min"": 768, ""max"": 991}, {""key"": ""small"", ""min"": 480, ""max"": 767}, {""key"": ""tiny"", ""min"": 0, ""max"": 479}]","[""raw/published/resources/03c1fa8b77cf-dentvitalis33.schunk.6ecbf8a934abc739.js""]",,,
derived,e-958,e-958,SCROLL_INTO_VIEW,"[""/prestazioni/protesi-definitiva-ancorata-su-4-impianti""]",e-958-derived-step-0,0,True,,400,0,0,STYLE_OPACITY,True,"{""id"": ""N/A"", ""appliesTo"": ""TRIGGER_ELEMENT"", ""useEventTarget"": true}",,"{""delay"": 0, ""duration"": 0, ""target"": {""id"": ""N/A"", ""appliesTo"": ""TRIGGER_ELEMENT"", ""useEventTarget"": true}, ""value"": 0}","[{""key"": ""main"", ""min"": 992, ""max"": 10000}, {""key"": ""medium"", ""min"": 768, ""max"": 991}, {""key"": ""small"", ""min"": 480, ""max"": 767}, {""key"": ""tiny"", ""min"": 0, ""max"": 479}]","[""raw/published/resources/03c1fa8b77cf-dentvitalis33.schunk.6ecbf8a934abc739.js""]",,,
derived,e-958,e-958,SCROLL_INTO_VIEW,"[""/prestazioni/protesi-definitiva-ancorata-su-4-impianti""]",e-958-derived-step-1,1,False,0,400,0,0,TRANSFORM_MOVE,True,"{""id"": ""N/A"", ""appliesTo"": ""TRIGGER_ELEMENT"", ""useEventTarget"": true}",,"{""delay"": 0, ""duration"": 0, ""target"": {""id"": ""N/A"", ""appliesTo"": ""TRIGGER_ELEMENT"", ""useEventTarget"": true}, ""xValue"": 0, ""yValue"": 100, ""xUnit"": ""PX"", ""yUnit"": ""PX"", ""zUnit"": ""PX""}","[{""key"": ""main"", ""min"": 992, ""max"": 10000}, {""key"": ""medium"", ""min"": 768, ""max"": 991}, {""key"": ""small"", ""min"": 480, ""max"": 767}, {""key"": ""tiny"", ""min"": 0, ""max"": 479}]","[""raw/published/resources/03c1fa8b77cf-dentvitalis33.schunk.6ecbf8a934abc739.js""]",,,
derived,e-958,e-958,SCROLL_INTO_VIEW,"[""/prestazioni/protesi-definitiva-ancorata-su-4-impianti""]",e-958-derived-step-2,2,False,0,400,0,1000,TRANSFORM_MOVE,True,"{""id"": ""N/A"", ""appliesTo"": ""TRIGGER_ELEMENT"", ""useEventTarget"": true}",outQuart,"{""delay"": 0, ""easing"": ""outQuart"", ""duration"": 1000, ""target"": {""id"": ""N/A"", ""appliesTo"": ""TRIGGER_ELEMENT"", ""useEventTarget"": true}, ""xValue"": 0, ""yValue"": 0, ""xUnit"": ""PX"", ""yUnit"": ""PX"", ""zUnit"": ""PX""}","[{""key"": ""main"", ""min"": 992, ""max"": 10000}, {""key"": ""medium"", ""min"": 768, ""max"": 991}, {""key"": ""small"", ""min"": 480, ""max"": 767}, {""key"": ""tiny"", ""min"": 0, ""max"": 479}]","[""raw/published/resources/03c1fa8b77cf-dentvitalis33.schunk.6ecbf8a934abc739.js""]",,,
derived,e-958,e-958,SCROLL_INTO_VIEW,"[""/prestazioni/protesi-definitiva-ancorata-su-4-impianti""]",e-958-derived-step-3,2,False,0,400,0,1000,STYLE_OPACITY,True,"{""id"": ""N/A"", ""appliesTo"": ""TRIGGER_ELEMENT"", ""useEventTarget"": true}",outQuart,"{""delay"": 0, ""easing"": ""outQuart"", ""duration"": 1000, ""target"": {""id"": ""N/A"", ""appliesTo"": ""TRIGGER_ELEMENT"", ""useEventTarget"": true}, ""value"": 1}","[{""key"": ""main"", ""min"": 992, ""max"": 10000}, {""key"": ""medium"", ""min"": 768, ""max"": 991}, {""key"": ""small"", ""min"": 480, ""max"": 767}, {""key"": ""tiny"", ""min"": 0, ""max"": 479}]","[""raw/published/resources/03c1fa8b77cf-dentvitalis33.schunk.6ecbf8a934abc739.js""]",,,
derived,e-960,e-960,SCROLL_INTO_VIEW,"[""/prestazioni/protesi-definitiva-ancorata-su-4-impianti""]",e-960-derived-step-0,0,True,,600,0,0,STYLE_OPACITY,True,"{""id"": ""N/A"", ""appliesTo"": ""TRIGGER_ELEMENT"", ""useEventTarget"": true}",,"{""delay"": 0, ""duration"": 0, ""target"": {""id"": ""N/A"", ""appliesTo"": ""TRIGGER_ELEMENT"", ""useEventTarget"": true}, ""value"": 0}","[{""key"": ""main"", ""min"": 992, ""max"": 10000}, {""key"": ""medium"", ""min"": 768, ""max"": 991}, {""key"": ""small"", ""min"": 480, ""max"": 767}, {""key"": ""tiny"", ""min"": 0, ""max"": 479}]","[""raw/published/resources/03c1fa8b77cf-dentvitalis33.schunk.6ecbf8a934abc739.js""]",,,
derived,e-960,e-960,SCROLL_INTO_VIEW,"[""/prestazioni/protesi-definitiva-ancorata-su-4-impianti""]",e-960-derived-step-1,1,False,0,600,0,0,TRANSFORM_MOVE,True,"{""id"": ""N/A"", ""appliesTo"": ""TRIGGER_ELEMENT"", ""useEventTarget"": true}",,"{""delay"": 0, ""duration"": 0, ""target"": {""id"": ""N/A"", ""appliesTo"": ""TRIGGER_ELEMENT"", ""useEventTarget"": true}, ""xValue"": 0, ""yValue"": 100, ""xUnit"": ""PX"", ""yUnit"": ""PX"", ""zUnit"": ""PX""}","[{""key"": ""main"", ""min"": 992, ""max"": 10000}, {""key"": ""medium"", ""min"": 768, ""max"": 991}, {""key"": ""small"", ""min"": 480, ""max"": 767}, {""key"": ""tiny"", ""min"": 0, ""max"": 479}]","[""raw/published/resources/03c1fa8b77cf-dentvitalis33.schunk.6ecbf8a934abc739.js""]",,,
derived,e-960,e-960,SCROLL_INTO_VIEW,"[""/prestazioni/protesi-definitiva-ancorata-su-4-impianti""]",e-960-derived-step-2,2,False,0,600,0,1000,TRANSFORM_MOVE,True,"{""id"": ""N/A"", ""appliesTo"": ""TRIGGER_ELEMENT"", ""useEventTarget"": true}",outQuart,"{""delay"": 0, ""easing"": ""outQuart"", ""duration"": 1000, ""target"": {""id"": ""N/A"", ""appliesTo"": ""TRIGGER_ELEMENT"", ""useEventTarget"": true}, ""xValue"": 0, ""yValue"": 0, ""xUnit"": ""PX"", ""yUnit"": ""PX"", ""zUnit"": ""PX""}","[{""key"": ""main"", ""min"": 992, ""max"": 10000}, {""key"": ""medium"", ""min"": 768, ""max"": 991}, {""key"": ""small"", ""min"": 480, ""max"": 767}, {""key"": ""tiny"", ""min"": 0, ""max"": 479}]","[""raw/published/resources/03c1fa8b77cf-dentvitalis33.schunk.6ecbf8a934abc739.js""]",,,
derived,e-960,e-960,SCROLL_INTO_VIEW,"[""/prestazioni/protesi-definitiva-ancorata-su-4-impianti""]",e-960-derived-step-3,2,False,0,600,0,1000,STYLE_OPACITY,True,"{""id"": ""N/A"", ""appliesTo"": ""TRIGGER_ELEMENT"", ""useEventTarget"": true}",outQuart,"{""delay"": 0, ""easing"": ""outQuart"", ""duration"": 1000, ""target"": {""id"": ""N/A"", ""appliesTo"": ""TRIGGER_ELEMENT"", ""useEventTarget"": true}, ""value"": 1}","[{""key"": ""main"", ""min"": 992, ""max"": 10000}, {""key"": ""medium"", ""min"": 768, ""max"": 991}, {""key"": ""small"", ""min"": 480, ""max"": 767}, {""key"": ""tiny"", ""min"": 0, ""max"": 479}]","[""raw/published/resources/03c1fa8b77cf-dentvitalis33.schunk.6ecbf8a934abc739.js""]",,,
derived,e-962,e-962,SCROLL_INTO_VIEW,"[""/prestazioni/protesi-definitiva-ancorata-su-4-impianti""]",e-962-derived-step-0,0,True,,200,0,0,STYLE_OPACITY,True,"{""id"": ""N/A"", ""appliesTo"": ""TRIGGER_ELEMENT"", ""useEventTarget"": true}",,"{""delay"": 0, ""duration"": 0, ""target"": {""id"": ""N/A"", ""appliesTo"": ""TRIGGER_ELEMENT"", ""useEventTarget"": true}, ""value"": 0}","[{""key"": ""main"", ""min"": 992, ""max"": 10000}, {""key"": ""medium"", ""min"": 768, ""max"": 991}, {""key"": ""small"", ""min"": 480, ""max"": 767}, {""key"": ""tiny"", ""min"": 0, ""max"": 479}]","[""raw/published/resources/03c1fa8b77cf-dentvitalis33.schunk.6ecbf8a934abc739.js""]",,,
derived,e-962,e-962,SCROLL_INTO_VIEW,"[""/prestazioni/protesi-definitiva-ancorata-su-4-impianti""]",e-962-derived-step-1,1,False,0,200,0,1000,STYLE_OPACITY,True,"{""id"": ""N/A"", ""appliesTo"": ""TRIGGER_ELEMENT"", ""useEventTarget"": true}",outQuart,"{""delay"": 0, ""easing"": ""outQuart"", ""duration"": 1000, ""target"": {""id"": ""N/A"", ""appliesTo"": ""TRIGGER_ELEMENT"", ""useEventTarget"": true}, ""value"": 1}","[{""key"": ""main"", ""min"": 992, ""max"": 10000}, {""key"": ""medium"", ""min"": 768, ""max"": 991}, {""key"": ""small"", ""min"": 480, ""max"": 767}, {""key"": ""tiny"", ""min"": 0, ""max"": 479}]","[""raw/published/resources/03c1fa8b77cf-dentvitalis33.schunk.6ecbf8a934abc739.js""]",,,
derived,e-964,e-964,SCROLL_INTO_VIEW,"[""/prestazioni/premium-ponte-fisso-su-impianti""]",e-964-derived-step-0,0,True,,400,0,0,STYLE_OPACITY,True,"{""id"": ""N/A"", ""appliesTo"": ""TRIGGER_ELEMENT"", ""useEventTarget"": true}",,"{""delay"": 0, ""duration"": 0, ""target"": {""id"": ""N/A"", ""appliesTo"": ""TRIGGER_ELEMENT"", ""useEventTarget"": true}, ""value"": 0}","[{""key"": ""main"", ""min"": 992, ""max"": 10000}, {""key"": ""medium"", ""min"": 768, ""max"": 991}, {""key"": ""small"", ""min"": 480, ""max"": 767}, {""key"": ""tiny"", ""min"": 0, ""max"": 479}]","[""raw/published/resources/03c1fa8b77cf-dentvitalis33.schunk.6ecbf8a934abc739.js""]",,,
derived,e-964,e-964,SCROLL_INTO_VIEW,"[""/prestazioni/premium-ponte-fisso-su-impianti""]",e-964-derived-step-1,1,False,0,400,0,0,TRANSFORM_MOVE,True,"{""id"": ""N/A"", ""appliesTo"": ""TRIGGER_ELEMENT"", ""useEventTarget"": true}",,"{""delay"": 0, ""duration"": 0, ""target"": {""id"": ""N/A"", ""appliesTo"": ""TRIGGER_ELEMENT"", ""useEventTarget"": true}, ""xValue"": 0, ""yValue"": 100, ""xUnit"": ""PX"", ""yUnit"": ""PX"", ""zUnit"": ""PX""}","[{""key"": ""main"", ""min"": 992, ""max"": 10000}, {""key"": ""medium"", ""min"": 768, ""max"": 991}, {""key"": ""small"", ""min"": 480, ""max"": 767}, {""key"": ""tiny"", ""min"": 0, ""max"": 479}]","[""raw/published/resources/03c1fa8b77cf-dentvitalis33.schunk.6ecbf8a934abc739.js""]",,,
derived,e-964,e-964,SCROLL_INTO_VIEW,"[""/prestazioni/premium-ponte-fisso-su-impianti""]",e-964-derived-step-2,2,False,0,400,0,1000,TRANSFORM_MOVE,True,"{""id"": ""N/A"", ""appliesTo"": ""TRIGGER_ELEMENT"", ""useEventTarget"": true}",outQuart,"{""delay"": 0, ""easing"": ""outQuart"", ""duration"": 1000, ""target"": {""id"": ""N/A"", ""appliesTo"": ""TRIGGER_ELEMENT"", ""useEventTarget"": true}, ""xValue"": 0, ""yValue"": 0, ""xUnit"": ""PX"", ""yUnit"": ""PX"", ""zUnit"": ""PX""}","[{""key"": ""main"", ""min"": 992, ""max"": 10000}, {""key"": ""medium"", ""min"": 768, ""max"": 991}, {""key"": ""small"", ""min"": 480, ""max"": 767}, {""key"": ""tiny"", ""min"": 0, ""max"": 479}]","[""raw/published/resources/03c1fa8b77cf-dentvitalis33.schunk.6ecbf8a934abc739.js""]",,,
derived,e-964,e-964,SCROLL_INTO_VIEW,"[""/prestazioni/premium-ponte-fisso-su-impianti""]",e-964-derived-step-3,2,False,0,400,0,1000,STYLE_OPACITY,True,"{""id"": ""N/A"", ""appliesTo"": ""TRIGGER_ELEMENT"", ""useEventTarget"": true}",outQuart,"{""delay"": 0, ""easing"": ""outQuart"", ""duration"": 1000, ""target"": {""id"": ""N/A"", ""appliesTo"": ""TRIGGER_ELEMENT"", ""useEventTarget"": true}, ""value"": 1}","[{""key"": ""main"", ""min"": 992, ""max"": 10000}, {""key"": ""medium"", ""min"": 768, ""max"": 991}, {""key"": ""small"", ""min"": 480, ""max"": 767}, {""key"": ""tiny"", ""min"": 0, ""max"": 479}]","[""raw/published/resources/03c1fa8b77cf-dentvitalis33.schunk.6ecbf8a934abc739.js""]",,,
derived,e-966,e-966,SCROLL_INTO_VIEW,"[""/prestazioni/premium-ponte-fisso-su-impianti""]",e-966-derived-step-0,0,True,,600,0,0,STYLE_OPACITY,True,"{""id"": ""N/A"", ""appliesTo"": ""TRIGGER_ELEMENT"", ""useEventTarget"": true}",,"{""delay"": 0, ""duration"": 0, ""target"": {""id"": ""N/A"", ""appliesTo"": ""TRIGGER_ELEMENT"", ""useEventTarget"": true}, ""value"": 0}","[{""key"": ""main"", ""min"": 992, ""max"": 10000}, {""key"": ""medium"", ""min"": 768, ""max"": 991}, {""key"": ""small"", ""min"": 480, ""max"": 767}, {""key"": ""tiny"", ""min"": 0, ""max"": 479}]","[""raw/published/resources/03c1fa8b77cf-dentvitalis33.schunk.6ecbf8a934abc739.js""]",,,
derived,e-966,e-966,SCROLL_INTO_VIEW,"[""/prestazioni/premium-ponte-fisso-su-impianti""]",e-966-derived-step-1,1,False,0,600,0,0,TRANSFORM_MOVE,True,"{""id"": ""N/A"", ""appliesTo"": ""TRIGGER_ELEMENT"", ""useEventTarget"": true}",,"{""delay"": 0, ""duration"": 0, ""target"": {""id"": ""N/A"", ""appliesTo"": ""TRIGGER_ELEMENT"", ""useEventTarget"": true}, ""xValue"": 0, ""yValue"": 100, ""xUnit"": ""PX"", ""yUnit"": ""PX"", ""zUnit"": ""PX""}","[{""key"": ""main"", ""min"": 992, ""max"": 10000}, {""key"": ""medium"", ""min"": 768, ""max"": 991}, {""key"": ""small"", ""min"": 480, ""max"": 767}, {""key"": ""tiny"", ""min"": 0, ""max"": 479}]","[""raw/published/resources/03c1fa8b77cf-dentvitalis33.schunk.6ecbf8a934abc739.js""]",,,
derived,e-966,e-966,SCROLL_INTO_VIEW,"[""/prestazioni/premium-ponte-fisso-su-impianti""]",e-966-derived-step-2,2,False,0,600,0,1000,TRANSFORM_MOVE,True,"{""id"": ""N/A"", ""appliesTo"": ""TRIGGER_ELEMENT"", ""useEventTarget"": true}",outQuart,"{""delay"": 0, ""easing"": ""outQuart"", ""duration"": 1000, ""target"": {""id"": ""N/A"", ""appliesTo"": ""TRIGGER_ELEMENT"", ""useEventTarget"": true}, ""xValue"": 0, ""yValue"": 0, ""xUnit"": ""PX"", ""yUnit"": ""PX"", ""zUnit"": ""PX""}","[{""key"": ""main"", ""min"": 992, ""max"": 10000}, {""key"": ""medium"", ""min"": 768, ""max"": 991}, {""key"": ""small"", ""min"": 480, ""max"": 767}, {""key"": ""tiny"", ""min"": 0, ""max"": 479}]","[""raw/published/resources/03c1fa8b77cf-dentvitalis33.schunk.6ecbf8a934abc739.js""]",,,
derived,e-966,e-966,SCROLL_INTO_VIEW,"[""/prestazioni/premium-ponte-fisso-su-impianti""]",e-966-derived-step-3,2,False,0,600,0,1000,STYLE_OPACITY,True,"{""id"": ""N/A"", ""appliesTo"": ""TRIGGER_ELEMENT"", ""useEventTarget"": true}",outQuart,"{""delay"": 0, ""easing"": ""outQuart"", ""duration"": 1000, ""target"": {""id"": ""N/A"", ""appliesTo"": ""TRIGGER_ELEMENT"", ""useEventTarget"": true}, ""value"": 1}","[{""key"": ""main"", ""min"": 992, ""max"": 10000}, {""key"": ""medium"", ""min"": 768, ""max"": 991}, {""key"": ""small"", ""min"": 480, ""max"": 767}, {""key"": ""tiny"", ""min"": 0, ""max"": 479}]","[""raw/published/resources/03c1fa8b77cf-dentvitalis33.schunk.6ecbf8a934abc739.js""]",,,
derived,e-968,e-968,SCROLL_INTO_VIEW,"[""/prestazioni/premium-ponte-fisso-su-impianti""]",e-968-derived-step-0,0,True,,200,0,0,STYLE_OPACITY,True,"{""id"": ""N/A"", ""appliesTo"": ""TRIGGER_ELEMENT"", ""useEventTarget"": true}",,"{""delay"": 0, ""duration"": 0, ""target"": {""id"": ""N/A"", ""appliesTo"": ""TRIGGER_ELEMENT"", ""useEventTarget"": true}, ""value"": 0}","[{""key"": ""main"", ""min"": 992, ""max"": 10000}, {""key"": ""medium"", ""min"": 768, ""max"": 991}, {""key"": ""small"", ""min"": 480, ""max"": 767}, {""key"": ""tiny"", ""min"": 0, ""max"": 479}]","[""raw/published/resources/03c1fa8b77cf-dentvitalis33.schunk.6ecbf8a934abc739.js""]",,,
derived,e-968,e-968,SCROLL_INTO_VIEW,"[""/prestazioni/premium-ponte-fisso-su-impianti""]",e-968-derived-step-1,1,False,0,200,0,1000,STYLE_OPACITY,True,"{""id"": ""N/A"", ""appliesTo"": ""TRIGGER_ELEMENT"", ""useEventTarget"": true}",outQuart,"{""delay"": 0, ""easing"": ""outQuart"", ""duration"": 1000, ""target"": {""id"": ""N/A"", ""appliesTo"": ""TRIGGER_ELEMENT"", ""useEventTarget"": true}, ""value"": 1}","[{""key"": ""main"", ""min"": 992, ""max"": 10000}, {""key"": ""medium"", ""min"": 768, ""max"": 991}, {""key"": ""small"", ""min"": 480, ""max"": 767}, {""key"": ""tiny"", ""min"": 0, ""max"": 479}]","[""raw/published/resources/03c1fa8b77cf-dentvitalis33.schunk.6ecbf8a934abc739.js""]",,,
derived,e-970,e-970,SCROLL_INTO_VIEW,"[""/prestazioni/sbiancamento-dei-denti""]",e-970-derived-step-0,0,True,,400,0,0,STYLE_OPACITY,True,"{""id"": ""N/A"", ""appliesTo"": ""TRIGGER_ELEMENT"", ""useEventTarget"": true}",,"{""delay"": 0, ""duration"": 0, ""target"": {""id"": ""N/A"", ""appliesTo"": ""TRIGGER_ELEMENT"", ""useEventTarget"": true}, ""value"": 0}","[{""key"": ""main"", ""min"": 992, ""max"": 10000}, {""key"": ""medium"", ""min"": 768, ""max"": 991}, {""key"": ""small"", ""min"": 480, ""max"": 767}, {""key"": ""tiny"", ""min"": 0, ""max"": 479}]","[""raw/published/resources/03c1fa8b77cf-dentvitalis33.schunk.6ecbf8a934abc739.js""]",,,
derived,e-970,e-970,SCROLL_INTO_VIEW,"[""/prestazioni/sbiancamento-dei-denti""]",e-970-derived-step-1,1,False,0,400,0,0,TRANSFORM_MOVE,True,"{""id"": ""N/A"", ""appliesTo"": ""TRIGGER_ELEMENT"", ""useEventTarget"": true}",,"{""delay"": 0, ""duration"": 0, ""target"": {""id"": ""N/A"", ""appliesTo"": ""TRIGGER_ELEMENT"", ""useEventTarget"": true}, ""xValue"": 0, ""yValue"": 100, ""xUnit"": ""PX"", ""yUnit"": ""PX"", ""zUnit"": ""PX""}","[{""key"": ""main"", ""min"": 992, ""max"": 10000}, {""key"": ""medium"", ""min"": 768, ""max"": 991}, {""key"": ""small"", ""min"": 480, ""max"": 767}, {""key"": ""tiny"", ""min"": 0, ""max"": 479}]","[""raw/published/resources/03c1fa8b77cf-dentvitalis33.schunk.6ecbf8a934abc739.js""]",,,
derived,e-970,e-970,SCROLL_INTO_VIEW,"[""/prestazioni/sbiancamento-dei-denti""]",e-970-derived-step-2,2,False,0,400,0,1000,TRANSFORM_MOVE,True,"{""id"": ""N/A"", ""appliesTo"": ""TRIGGER_ELEMENT"", ""useEventTarget"": true}",outQuart,"{""delay"": 0, ""easing"": ""outQuart"", ""duration"": 1000, ""target"": {""id"": ""N/A"", ""appliesTo"": ""TRIGGER_ELEMENT"", ""useEventTarget"": true}, ""xValue"": 0, ""yValue"": 0, ""xUnit"": ""PX"", ""yUnit"": ""PX"", ""zUnit"": ""PX""}","[{""key"": ""main"", ""min"": 992, ""max"": 10000}, {""key"": ""medium"", ""min"": 768, ""max"": 991}, {""key"": ""small"", ""min"": 480, ""max"": 767}, {""key"": ""tiny"", ""min"": 0, ""max"": 479}]","[""raw/published/resources/03c1fa8b77cf-dentvitalis33.schunk.6ecbf8a934abc739.js""]",,,
derived,e-970,e-970,SCROLL_INTO_VIEW,"[""/prestazioni/sbiancamento-dei-denti""]",e-970-derived-step-3,2,False,0,400,0,1000,STYLE_OPACITY,True,"{""id"": ""N/A"", ""appliesTo"": ""TRIGGER_ELEMENT"", ""useEventTarget"": true}",outQuart,"{""delay"": 0, ""easing"": ""outQuart"", ""duration"": 1000, ""target"": {""id"": ""N/A"", ""appliesTo"": ""TRIGGER_ELEMENT"", ""useEventTarget"": true}, ""value"": 1}","[{""key"": ""main"", ""min"": 992, ""max"": 10000}, {""key"": ""medium"", ""min"": 768, ""max"": 991}, {""key"": ""small"", ""min"": 480, ""max"": 767}, {""key"": ""tiny"", ""min"": 0, ""max"": 479}]","[""raw/published/resources/03c1fa8b77cf-dentvitalis33.schunk.6ecbf8a934abc739.js""]",,,
derived,e-972,e-972,SCROLL_INTO_VIEW,"[""/prestazioni/sbiancamento-dei-denti""]",e-972-derived-step-0,0,True,,600,0,0,STYLE_OPACITY,True,"{""id"": ""N/A"", ""appliesTo"": ""TRIGGER_ELEMENT"", ""useEventTarget"": true}",,"{""delay"": 0, ""duration"": 0, ""target"": {""id"": ""N/A"", ""appliesTo"": ""TRIGGER_ELEMENT"", ""useEventTarget"": true}, ""value"": 0}","[{""key"": ""main"", ""min"": 992, ""max"": 10000}, {""key"": ""medium"", ""min"": 768, ""max"": 991}, {""key"": ""small"", ""min"": 480, ""max"": 767}, {""key"": ""tiny"", ""min"": 0, ""max"": 479}]","[""raw/published/resources/03c1fa8b77cf-dentvitalis33.schunk.6ecbf8a934abc739.js""]",,,
derived,e-972,e-972,SCROLL_INTO_VIEW,"[""/prestazioni/sbiancamento-dei-denti""]",e-972-derived-step-1,1,False,0,600,0,0,TRANSFORM_MOVE,True,"{""id"": ""N/A"", ""appliesTo"": ""TRIGGER_ELEMENT"", ""useEventTarget"": true}",,"{""delay"": 0, ""duration"": 0, ""target"": {""id"": ""N/A"", ""appliesTo"": ""TRIGGER_ELEMENT"", ""useEventTarget"": true}, ""xValue"": 0, ""yValue"": 100, ""xUnit"": ""PX"", ""yUnit"": ""PX"", ""zUnit"": ""PX""}","[{""key"": ""main"", ""min"": 992, ""max"": 10000}, {""key"": ""medium"", ""min"": 768, ""max"": 991}, {""key"": ""small"", ""min"": 480, ""max"": 767}, {""key"": ""tiny"", ""min"": 0, ""max"": 479}]","[""raw/published/resources/03c1fa8b77cf-dentvitalis33.schunk.6ecbf8a934abc739.js""]",,,
derived,e-972,e-972,SCROLL_INTO_VIEW,"[""/prestazioni/sbiancamento-dei-denti""]",e-972-derived-step-2,2,False,0,600,0,1000,TRANSFORM_MOVE,True,"{""id"": ""N/A"", ""appliesTo"": ""TRIGGER_ELEMENT"", ""useEventTarget"": true}",outQuart,"{""delay"": 0, ""easing"": ""outQuart"", ""duration"": 1000, ""target"": {""id"": ""N/A"", ""appliesTo"": ""TRIGGER_ELEMENT"", ""useEventTarget"": true}, ""xValue"": 0, ""yValue"": 0, ""xUnit"": ""PX"", ""yUnit"": ""PX"", ""zUnit"": ""PX""}","[{""key"": ""main"", ""min"": 992, ""max"": 10000}, {""key"": ""medium"", ""min"": 768, ""max"": 991}, {""key"": ""small"", ""min"": 480, ""max"": 767}, {""key"": ""tiny"", ""min"": 0, ""max"": 479}]","[""raw/published/resources/03c1fa8b77cf-dentvitalis33.schunk.6ecbf8a934abc739.js""]",,,
derived,e-972,e-972,SCROLL_INTO_VIEW,"[""/prestazioni/sbiancamento-dei-denti""]",e-972-derived-step-3,2,False,0,600,0,1000,STYLE_OPACITY,True,"{""id"": ""N/A"", ""appliesTo"": ""TRIGGER_ELEMENT"", ""useEventTarget"": true}",outQuart,"{""delay"": 0, ""easing"": ""outQuart"", ""duration"": 1000, ""target"": {""id"": ""N/A"", ""appliesTo"": ""TRIGGER_ELEMENT"", ""useEventTarget"": true}, ""value"": 1}","[{""key"": ""main"", ""min"": 992, ""max"": 10000}, {""key"": ""medium"", ""min"": 768, ""max"": 991}, {""key"": ""small"", ""min"": 480, ""max"": 767}, {""key"": ""tiny"", ""min"": 0, ""max"": 479}]","[""raw/published/resources/03c1fa8b77cf-dentvitalis33.schunk.6ecbf8a934abc739.js""]",,,
derived,e-974,e-974,SCROLL_INTO_VIEW,"[""/prestazioni/sbiancamento-dei-denti""]",e-974-derived-step-0,0,True,,200,0,0,STYLE_OPACITY,True,"{""id"": ""N/A"", ""appliesTo"": ""TRIGGER_ELEMENT"", ""useEventTarget"": true}",,"{""delay"": 0, ""duration"": 0, ""target"": {""id"": ""N/A"", ""appliesTo"": ""TRIGGER_ELEMENT"", ""useEventTarget"": true}, ""value"": 0}","[{""key"": ""main"", ""min"": 992, ""max"": 10000}, {""key"": ""medium"", ""min"": 768, ""max"": 991}, {""key"": ""small"", ""min"": 480, ""max"": 767}, {""key"": ""tiny"", ""min"": 0, ""max"": 479}]","[""raw/published/resources/03c1fa8b77cf-dentvitalis33.schunk.6ecbf8a934abc739.js""]",,,
derived,e-974,e-974,SCROLL_INTO_VIEW,"[""/prestazioni/sbiancamento-dei-denti""]",e-974-derived-step-1,1,False,0,200,0,1000,STYLE_OPACITY,True,"{""id"": ""N/A"", ""appliesTo"": ""TRIGGER_ELEMENT"", ""useEventTarget"": true}",outQuart,"{""delay"": 0, ""easing"": ""outQuart"", ""duration"": 1000, ""target"": {""id"": ""N/A"", ""appliesTo"": ""TRIGGER_ELEMENT"", ""useEventTarget"": true}, ""value"": 1}","[{""key"": ""main"", ""min"": 992, ""max"": 10000}, {""key"": ""medium"", ""min"": 768, ""max"": 991}, {""key"": ""small"", ""min"": 480, ""max"": 767}, {""key"": ""tiny"", ""min"": 0, ""max"": 479}]","[""raw/published/resources/03c1fa8b77cf-dentvitalis33.schunk.6ecbf8a934abc739.js""]",,,
derived,e-976,e-976,SCROLL_INTO_VIEW,"[""/prestazioni/corone-faccette-ponti-e-protesi""]",e-976-derived-step-0,0,True,,400,0,0,STYLE_OPACITY,True,"{""id"": ""N/A"", ""appliesTo"": ""TRIGGER_ELEMENT"", ""useEventTarget"": true}",,"{""delay"": 0, ""duration"": 0, ""target"": {""id"": ""N/A"", ""appliesTo"": ""TRIGGER_ELEMENT"", ""useEventTarget"": true}, ""value"": 0}","[{""key"": ""main"", ""min"": 992, ""max"": 10000}, {""key"": ""medium"", ""min"": 768, ""max"": 991}, {""key"": ""small"", ""min"": 480, ""max"": 767}, {""key"": ""tiny"", ""min"": 0, ""max"": 479}]","[""raw/published/resources/03c1fa8b77cf-dentvitalis33.schunk.6ecbf8a934abc739.js""]",,,
derived,e-976,e-976,SCROLL_INTO_VIEW,"[""/prestazioni/corone-faccette-ponti-e-protesi""]",e-976-derived-step-1,1,False,0,400,0,0,TRANSFORM_MOVE,True,"{""id"": ""N/A"", ""appliesTo"": ""TRIGGER_ELEMENT"", ""useEventTarget"": true}",,"{""delay"": 0, ""duration"": 0, ""target"": {""id"": ""N/A"", ""appliesTo"": ""TRIGGER_ELEMENT"", ""useEventTarget"": true}, ""xValue"": 0, ""yValue"": 100, ""xUnit"": ""PX"", ""yUnit"": ""PX"", ""zUnit"": ""PX""}","[{""key"": ""main"", ""min"": 992, ""max"": 10000}, {""key"": ""medium"", ""min"": 768, ""max"": 991}, {""key"": ""small"", ""min"": 480, ""max"": 767}, {""key"": ""tiny"", ""min"": 0, ""max"": 479}]","[""raw/published/resources/03c1fa8b77cf-dentvitalis33.schunk.6ecbf8a934abc739.js""]",,,
derived,e-976,e-976,SCROLL_INTO_VIEW,"[""/prestazioni/corone-faccette-ponti-e-protesi""]",e-976-derived-step-2,2,False,0,400,0,1000,TRANSFORM_MOVE,True,"{""id"": ""N/A"", ""appliesTo"": ""TRIGGER_ELEMENT"", ""useEventTarget"": true}",outQuart,"{""delay"": 0, ""easing"": ""outQuart"", ""duration"": 1000, ""target"": {""id"": ""N/A"", ""appliesTo"": ""TRIGGER_ELEMENT"", ""useEventTarget"": true}, ""xValue"": 0, ""yValue"": 0, ""xUnit"": ""PX"", ""yUnit"": ""PX"", ""zUnit"": ""PX""}","[{""key"": ""main"", ""min"": 992, ""max"": 10000}, {""key"": ""medium"", ""min"": 768, ""max"": 991}, {""key"": ""small"", ""min"": 480, ""max"": 767}, {""key"": ""tiny"", ""min"": 0, ""max"": 479}]","[""raw/published/resources/03c1fa8b77cf-dentvitalis33.schunk.6ecbf8a934abc739.js""]",,,
derived,e-976,e-976,SCROLL_INTO_VIEW,"[""/prestazioni/corone-faccette-ponti-e-protesi""]",e-976-derived-step-3,2,False,0,400,0,1000,STYLE_OPACITY,True,"{""id"": ""N/A"", ""appliesTo"": ""TRIGGER_ELEMENT"", ""useEventTarget"": true}",outQuart,"{""delay"": 0, ""easing"": ""outQuart"", ""duration"": 1000, ""target"": {""id"": ""N/A"", ""appliesTo"": ""TRIGGER_ELEMENT"", ""useEventTarget"": true}, ""value"": 1}","[{""key"": ""main"", ""min"": 992, ""max"": 10000}, {""key"": ""medium"", ""min"": 768, ""max"": 991}, {""key"": ""small"", ""min"": 480, ""max"": 767}, {""key"": ""tiny"", ""min"": 0, ""max"": 479}]","[""raw/published/resources/03c1fa8b77cf-dentvitalis33.schunk.6ecbf8a934abc739.js""]",,,
derived,e-978,e-978,SCROLL_INTO_VIEW,"[""/prestazioni/corone-faccette-ponti-e-protesi""]",e-978-derived-step-0,0,True,,600,0,0,STYLE_OPACITY,True,"{""id"": ""N/A"", ""appliesTo"": ""TRIGGER_ELEMENT"", ""useEventTarget"": true}",,"{""delay"": 0, ""duration"": 0, ""target"": {""id"": ""N/A"", ""appliesTo"": ""TRIGGER_ELEMENT"", ""useEventTarget"": true}, ""value"": 0}","[{""key"": ""main"", ""min"": 992, ""max"": 10000}, {""key"": ""medium"", ""min"": 768, ""max"": 991}, {""key"": ""small"", ""min"": 480, ""max"": 767}, {""key"": ""tiny"", ""min"": 0, ""max"": 479}]","[""raw/published/resources/03c1fa8b77cf-dentvitalis33.schunk.6ecbf8a934abc739.js""]",,,
derived,e-978,e-978,SCROLL_INTO_VIEW,"[""/prestazioni/corone-faccette-ponti-e-protesi""]",e-978-derived-step-1,1,False,0,600,0,0,TRANSFORM_MOVE,True,"{""id"": ""N/A"", ""appliesTo"": ""TRIGGER_ELEMENT"", ""useEventTarget"": true}",,"{""delay"": 0, ""duration"": 0, ""target"": {""id"": ""N/A"", ""appliesTo"": ""TRIGGER_ELEMENT"", ""useEventTarget"": true}, ""xValue"": 0, ""yValue"": 100, ""xUnit"": ""PX"", ""yUnit"": ""PX"", ""zUnit"": ""PX""}","[{""key"": ""main"", ""min"": 992, ""max"": 10000}, {""key"": ""medium"", ""min"": 768, ""max"": 991}, {""key"": ""small"", ""min"": 480, ""max"": 767}, {""key"": ""tiny"", ""min"": 0, ""max"": 479}]","[""raw/published/resources/03c1fa8b77cf-dentvitalis33.schunk.6ecbf8a934abc739.js""]",,,
derived,e-978,e-978,SCROLL_INTO_VIEW,"[""/prestazioni/corone-faccette-ponti-e-protesi""]",e-978-derived-step-2,2,False,0,600,0,1000,TRANSFORM_MOVE,True,"{""id"": ""N/A"", ""appliesTo"": ""TRIGGER_ELEMENT"", ""useEventTarget"": true}",outQuart,"{""delay"": 0, ""easing"": ""outQuart"", ""duration"": 1000, ""target"": {""id"": ""N/A"", ""appliesTo"": ""TRIGGER_ELEMENT"", ""useEventTarget"": true}, ""xValue"": 0, ""yValue"": 0, ""xUnit"": ""PX"", ""yUnit"": ""PX"", ""zUnit"": ""PX""}","[{""key"": ""main"", ""min"": 992, ""max"": 10000}, {""key"": ""medium"", ""min"": 768, ""max"": 991}, {""key"": ""small"", ""min"": 480, ""max"": 767}, {""key"": ""tiny"", ""min"": 0, ""max"": 479}]","[""raw/published/resources/03c1fa8b77cf-dentvitalis33.schunk.6ecbf8a934abc739.js""]",,,
derived,e-978,e-978,SCROLL_INTO_VIEW,"[""/prestazioni/corone-faccette-ponti-e-protesi""]",e-978-derived-step-3,2,False,0,600,0,1000,STYLE_OPACITY,True,"{""id"": ""N/A"", ""appliesTo"": ""TRIGGER_ELEMENT"", ""useEventTarget"": true}",outQuart,"{""delay"": 0, ""easing"": ""outQuart"", ""duration"": 1000, ""target"": {""id"": ""N/A"", ""appliesTo"": ""TRIGGER_ELEMENT"", ""useEventTarget"": true}, ""value"": 1}","[{""key"": ""main"", ""min"": 992, ""max"": 10000}, {""key"": ""medium"", ""min"": 768, ""max"": 991}, {""key"": ""small"", ""min"": 480, ""max"": 767}, {""key"": ""tiny"", ""min"": 0, ""max"": 479}]","[""raw/published/resources/03c1fa8b77cf-dentvitalis33.schunk.6ecbf8a934abc739.js""]",,,
derived,e-980,e-980,SCROLL_INTO_VIEW,"[""/prestazioni/corone-faccette-ponti-e-protesi""]",e-980-derived-step-0,0,True,,200,0,0,STYLE_OPACITY,True,"{""id"": ""N/A"", ""appliesTo"": ""TRIGGER_ELEMENT"", ""useEventTarget"": true}",,"{""delay"": 0, ""duration"": 0, ""target"": {""id"": ""N/A"", ""appliesTo"": ""TRIGGER_ELEMENT"", ""useEventTarget"": true}, ""value"": 0}","[{""key"": ""main"", ""min"": 992, ""max"": 10000}, {""key"": ""medium"", ""min"": 768, ""max"": 991}, {""key"": ""small"", ""min"": 480, ""max"": 767}, {""key"": ""tiny"", ""min"": 0, ""max"": 479}]","[""raw/published/resources/03c1fa8b77cf-dentvitalis33.schunk.6ecbf8a934abc739.js""]",,,
derived,e-980,e-980,SCROLL_INTO_VIEW,"[""/prestazioni/corone-faccette-ponti-e-protesi""]",e-980-derived-step-1,1,False,0,200,0,1000,STYLE_OPACITY,True,"{""id"": ""N/A"", ""appliesTo"": ""TRIGGER_ELEMENT"", ""useEventTarget"": true}",outQuart,"{""delay"": 0, ""easing"": ""outQuart"", ""duration"": 1000, ""target"": {""id"": ""N/A"", ""appliesTo"": ""TRIGGER_ELEMENT"", ""useEventTarget"": true}, ""value"": 1}","[{""key"": ""main"", ""min"": 992, ""max"": 10000}, {""key"": ""medium"", ""min"": 768, ""max"": 991}, {""key"": ""small"", ""min"": 480, ""max"": 767}, {""key"": ""tiny"", ""min"": 0, ""max"": 479}]","[""raw/published/resources/03c1fa8b77cf-dentvitalis33.schunk.6ecbf8a934abc739.js""]",,,
derived,e-982,e-982,SCROLL_INTO_VIEW,"[""/su-di-noi/i-nostri-specialisti""]",e-982-derived-step-0,0,True,,400,0,0,STYLE_OPACITY,True,"{""id"": ""N/A"", ""appliesTo"": ""TRIGGER_ELEMENT"", ""useEventTarget"": true}",,"{""delay"": 0, ""duration"": 0, ""target"": {""id"": ""N/A"", ""appliesTo"": ""TRIGGER_ELEMENT"", ""useEventTarget"": true}, ""value"": 0}","[{""key"": ""main"", ""min"": 992, ""max"": 10000}, {""key"": ""medium"", ""min"": 768, ""max"": 991}, {""key"": ""small"", ""min"": 480, ""max"": 767}, {""key"": ""tiny"", ""min"": 0, ""max"": 479}]","[""raw/published/resources/03c1fa8b77cf-dentvitalis33.schunk.6ecbf8a934abc739.js""]",,,
derived,e-982,e-982,SCROLL_INTO_VIEW,"[""/su-di-noi/i-nostri-specialisti""]",e-982-derived-step-1,1,False,0,400,0,0,TRANSFORM_MOVE,True,"{""id"": ""N/A"", ""appliesTo"": ""TRIGGER_ELEMENT"", ""useEventTarget"": true}",,"{""delay"": 0, ""duration"": 0, ""target"": {""id"": ""N/A"", ""appliesTo"": ""TRIGGER_ELEMENT"", ""useEventTarget"": true}, ""xValue"": 0, ""yValue"": 100, ""xUnit"": ""PX"", ""yUnit"": ""PX"", ""zUnit"": ""PX""}","[{""key"": ""main"", ""min"": 992, ""max"": 10000}, {""key"": ""medium"", ""min"": 768, ""max"": 991}, {""key"": ""small"", ""min"": 480, ""max"": 767}, {""key"": ""tiny"", ""min"": 0, ""max"": 479}]","[""raw/published/resources/03c1fa8b77cf-dentvitalis33.schunk.6ecbf8a934abc739.js""]",,,
derived,e-982,e-982,SCROLL_INTO_VIEW,"[""/su-di-noi/i-nostri-specialisti""]",e-982-derived-step-2,2,False,0,400,0,1000,TRANSFORM_MOVE,True,"{""id"": ""N/A"", ""appliesTo"": ""TRIGGER_ELEMENT"", ""useEventTarget"": true}",outQuart,"{""delay"": 0, ""easing"": ""outQuart"", ""duration"": 1000, ""target"": {""id"": ""N/A"", ""appliesTo"": ""TRIGGER_ELEMENT"", ""useEventTarget"": true}, ""xValue"": 0, ""yValue"": 0, ""xUnit"": ""PX"", ""yUnit"": ""PX"", ""zUnit"": ""PX""}","[{""key"": ""main"", ""min"": 992, ""max"": 10000}, {""key"": ""medium"", ""min"": 768, ""max"": 991}, {""key"": ""small"", ""min"": 480, ""max"": 767}, {""key"": ""tiny"", ""min"": 0, ""max"": 479}]","[""raw/published/resources/03c1fa8b77cf-dentvitalis33.schunk.6ecbf8a934abc739.js""]",,,
derived,e-982,e-982,SCROLL_INTO_VIEW,"[""/su-di-noi/i-nostri-specialisti""]",e-982-derived-step-3,2,False,0,400,0,1000,STYLE_OPACITY,True,"{""id"": ""N/A"", ""appliesTo"": ""TRIGGER_ELEMENT"", ""useEventTarget"": true}",outQuart,"{""delay"": 0, ""easing"": ""outQuart"", ""duration"": 1000, ""target"": {""id"": ""N/A"", ""appliesTo"": ""TRIGGER_ELEMENT"", ""useEventTarget"": true}, ""value"": 1}","[{""key"": ""main"", ""min"": 992, ""max"": 10000}, {""key"": ""medium"", ""min"": 768, ""max"": 991}, {""key"": ""small"", ""min"": 480, ""max"": 767}, {""key"": ""tiny"", ""min"": 0, ""max"": 479}]","[""raw/published/resources/03c1fa8b77cf-dentvitalis33.schunk.6ecbf8a934abc739.js""]",,,
derived,e-984,e-984,SCROLL_INTO_VIEW,"[""/su-di-noi/i-nostri-specialisti""]",e-984-derived-step-0,0,True,,600,0,0,STYLE_OPACITY,True,"{""id"": ""N/A"", ""appliesTo"": ""TRIGGER_ELEMENT"", ""useEventTarget"": true}",,"{""delay"": 0, ""duration"": 0, ""target"": {""id"": ""N/A"", ""appliesTo"": ""TRIGGER_ELEMENT"", ""useEventTarget"": true}, ""value"": 0}","[{""key"": ""main"", ""min"": 992, ""max"": 10000}, {""key"": ""medium"", ""min"": 768, ""max"": 991}, {""key"": ""small"", ""min"": 480, ""max"": 767}, {""key"": ""tiny"", ""min"": 0, ""max"": 479}]","[""raw/published/resources/03c1fa8b77cf-dentvitalis33.schunk.6ecbf8a934abc739.js""]",,,
derived,e-984,e-984,SCROLL_INTO_VIEW,"[""/su-di-noi/i-nostri-specialisti""]",e-984-derived-step-1,1,False,0,600,0,0,TRANSFORM_MOVE,True,"{""id"": ""N/A"", ""appliesTo"": ""TRIGGER_ELEMENT"", ""useEventTarget"": true}",,"{""delay"": 0, ""duration"": 0, ""target"": {""id"": ""N/A"", ""appliesTo"": ""TRIGGER_ELEMENT"", ""useEventTarget"": true}, ""xValue"": 0, ""yValue"": 100, ""xUnit"": ""PX"", ""yUnit"": ""PX"", ""zUnit"": ""PX""}","[{""key"": ""main"", ""min"": 992, ""max"": 10000}, {""key"": ""medium"", ""min"": 768, ""max"": 991}, {""key"": ""small"", ""min"": 480, ""max"": 767}, {""key"": ""tiny"", ""min"": 0, ""max"": 479}]","[""raw/published/resources/03c1fa8b77cf-dentvitalis33.schunk.6ecbf8a934abc739.js""]",,,
derived,e-984,e-984,SCROLL_INTO_VIEW,"[""/su-di-noi/i-nostri-specialisti""]",e-984-derived-step-2,2,False,0,600,0,1000,TRANSFORM_MOVE,True,"{""id"": ""N/A"", ""appliesTo"": ""TRIGGER_ELEMENT"", ""useEventTarget"": true}",outQuart,"{""delay"": 0, ""easing"": ""outQuart"", ""duration"": 1000, ""target"": {""id"": ""N/A"", ""appliesTo"": ""TRIGGER_ELEMENT"", ""useEventTarget"": true}, ""xValue"": 0, ""yValue"": 0, ""xUnit"": ""PX"", ""yUnit"": ""PX"", ""zUnit"": ""PX""}","[{""key"": ""main"", ""min"": 992, ""max"": 10000}, {""key"": ""medium"", ""min"": 768, ""max"": 991}, {""key"": ""small"", ""min"": 480, ""max"": 767}, {""key"": ""tiny"", ""min"": 0, ""max"": 479}]","[""raw/published/resources/03c1fa8b77cf-dentvitalis33.schunk.6ecbf8a934abc739.js""]",,,
derived,e-984,e-984,SCROLL_INTO_VIEW,"[""/su-di-noi/i-nostri-specialisti""]",e-984-derived-step-3,2,False,0,600,0,1000,STYLE_OPACITY,True,"{""id"": ""N/A"", ""appliesTo"": ""TRIGGER_ELEMENT"", ""useEventTarget"": true}",outQuart,"{""delay"": 0, ""easing"": ""outQuart"", ""duration"": 1000, ""target"": {""id"": ""N/A"", ""appliesTo"": ""TRIGGER_ELEMENT"", ""useEventTarget"": true}, ""value"": 1}","[{""key"": ""main"", ""min"": 992, ""max"": 10000}, {""key"": ""medium"", ""min"": 768, ""max"": 991}, {""key"": ""small"", ""min"": 480, ""max"": 767}, {""key"": ""tiny"", ""min"": 0, ""max"": 479}]","[""raw/published/resources/03c1fa8b77cf-dentvitalis33.schunk.6ecbf8a934abc739.js""]",,,
derived,e-986,e-986,SCROLL_INTO_VIEW,"[""/su-di-noi/i-nostri-specialisti""]",e-986-derived-step-0,0,True,,200,0,0,STYLE_OPACITY,True,"{""id"": ""N/A"", ""appliesTo"": ""TRIGGER_ELEMENT"", ""useEventTarget"": true}",,"{""delay"": 0, ""duration"": 0, ""target"": {""id"": ""N/A"", ""appliesTo"": ""TRIGGER_ELEMENT"", ""useEventTarget"": true}, ""value"": 0}","[{""key"": ""main"", ""min"": 992, ""max"": 10000}, {""key"": ""medium"", ""min"": 768, ""max"": 991}, {""key"": ""small"", ""min"": 480, ""max"": 767}, {""key"": ""tiny"", ""min"": 0, ""max"": 479}]","[""raw/published/resources/03c1fa8b77cf-dentvitalis33.schunk.6ecbf8a934abc739.js""]",,,
derived,e-986,e-986,SCROLL_INTO_VIEW,"[""/su-di-noi/i-nostri-specialisti""]",e-986-derived-step-1,1,False,0,200,0,1000,STYLE_OPACITY,True,"{""id"": ""N/A"", ""appliesTo"": ""TRIGGER_ELEMENT"", ""useEventTarget"": true}",outQuart,"{""delay"": 0, ""easing"": ""outQuart"", ""duration"": 1000, ""target"": {""id"": ""N/A"", ""appliesTo"": ""TRIGGER_ELEMENT"", ""useEventTarget"": true}, ""value"": 1}","[{""key"": ""main"", ""min"": 992, ""max"": 10000}, {""key"": ""medium"", ""min"": 768, ""max"": 991}, {""key"": ""small"", ""min"": 480, ""max"": 767}, {""key"": ""tiny"", ""min"": 0, ""max"": 479}]","[""raw/published/resources/03c1fa8b77cf-dentvitalis33.schunk.6ecbf8a934abc739.js""]",,,
derived,e-988,e-988,SCROLL_INTO_VIEW,"[""/su-di-noi/tutto-in-un-unico-luogo""]",e-988-derived-step-0,0,True,,400,0,0,STYLE_OPACITY,True,"{""id"": ""N/A"", ""appliesTo"": ""TRIGGER_ELEMENT"", ""useEventTarget"": true}",,"{""delay"": 0, ""duration"": 0, ""target"": {""id"": ""N/A"", ""appliesTo"": ""TRIGGER_ELEMENT"", ""useEventTarget"": true}, ""value"": 0}","[{""key"": ""main"", ""min"": 992, ""max"": 10000}, {""key"": ""medium"", ""min"": 768, ""max"": 991}, {""key"": ""small"", ""min"": 480, ""max"": 767}, {""key"": ""tiny"", ""min"": 0, ""max"": 479}]","[""raw/published/resources/03c1fa8b77cf-dentvitalis33.schunk.6ecbf8a934abc739.js""]",,,
derived,e-988,e-988,SCROLL_INTO_VIEW,"[""/su-di-noi/tutto-in-un-unico-luogo""]",e-988-derived-step-1,1,False,0,400,0,0,TRANSFORM_MOVE,True,"{""id"": ""N/A"", ""appliesTo"": ""TRIGGER_ELEMENT"", ""useEventTarget"": true}",,"{""delay"": 0, ""duration"": 0, ""target"": {""id"": ""N/A"", ""appliesTo"": ""TRIGGER_ELEMENT"", ""useEventTarget"": true}, ""xValue"": 0, ""yValue"": 100, ""xUnit"": ""PX"", ""yUnit"": ""PX"", ""zUnit"": ""PX""}","[{""key"": ""main"", ""min"": 992, ""max"": 10000}, {""key"": ""medium"", ""min"": 768, ""max"": 991}, {""key"": ""small"", ""min"": 480, ""max"": 767}, {""key"": ""tiny"", ""min"": 0, ""max"": 479}]","[""raw/published/resources/03c1fa8b77cf-dentvitalis33.schunk.6ecbf8a934abc739.js""]",,,
derived,e-988,e-988,SCROLL_INTO_VIEW,"[""/su-di-noi/tutto-in-un-unico-luogo""]",e-988-derived-step-2,2,False,0,400,0,1000,TRANSFORM_MOVE,True,"{""id"": ""N/A"", ""appliesTo"": ""TRIGGER_ELEMENT"", ""useEventTarget"": true}",outQuart,"{""delay"": 0, ""easing"": ""outQuart"", ""duration"": 1000, ""target"": {""id"": ""N/A"", ""appliesTo"": ""TRIGGER_ELEMENT"", ""useEventTarget"": true}, ""xValue"": 0, ""yValue"": 0, ""xUnit"": ""PX"", ""yUnit"": ""PX"", ""zUnit"": ""PX""}","[{""key"": ""main"", ""min"": 992, ""max"": 10000}, {""key"": ""medium"", ""min"": 768, ""max"": 991}, {""key"": ""small"", ""min"": 480, ""max"": 767}, {""key"": ""tiny"", ""min"": 0, ""max"": 479}]","[""raw/published/resources/03c1fa8b77cf-dentvitalis33.schunk.6ecbf8a934abc739.js""]",,,
derived,e-988,e-988,SCROLL_INTO_VIEW,"[""/su-di-noi/tutto-in-un-unico-luogo""]",e-988-derived-step-3,2,False,0,400,0,1000,STYLE_OPACITY,True,"{""id"": ""N/A"", ""appliesTo"": ""TRIGGER_ELEMENT"", ""useEventTarget"": true}",outQuart,"{""delay"": 0, ""easing"": ""outQuart"", ""duration"": 1000, ""target"": {""id"": ""N/A"", ""appliesTo"": ""TRIGGER_ELEMENT"", ""useEventTarget"": true}, ""value"": 1}","[{""key"": ""main"", ""min"": 992, ""max"": 10000}, {""key"": ""medium"", ""min"": 768, ""max"": 991}, {""key"": ""small"", ""min"": 480, ""max"": 767}, {""key"": ""tiny"", ""min"": 0, ""max"": 479}]","[""raw/published/resources/03c1fa8b77cf-dentvitalis33.schunk.6ecbf8a934abc739.js""]",,,
derived,e-990,e-990,SCROLL_INTO_VIEW,"[""/su-di-noi/tutto-in-un-unico-luogo""]",e-990-derived-step-0,0,True,,600,0,0,STYLE_OPACITY,True,"{""id"": ""N/A"", ""appliesTo"": ""TRIGGER_ELEMENT"", ""useEventTarget"": true}",,"{""delay"": 0, ""duration"": 0, ""target"": {""id"": ""N/A"", ""appliesTo"": ""TRIGGER_ELEMENT"", ""useEventTarget"": true}, ""value"": 0}","[{""key"": ""main"", ""min"": 992, ""max"": 10000}, {""key"": ""medium"", ""min"": 768, ""max"": 991}, {""key"": ""small"", ""min"": 480, ""max"": 767}, {""key"": ""tiny"", ""min"": 0, ""max"": 479}]","[""raw/published/resources/03c1fa8b77cf-dentvitalis33.schunk.6ecbf8a934abc739.js""]",,,
derived,e-990,e-990,SCROLL_INTO_VIEW,"[""/su-di-noi/tutto-in-un-unico-luogo""]",e-990-derived-step-1,1,False,0,600,0,0,TRANSFORM_MOVE,True,"{""id"": ""N/A"", ""appliesTo"": ""TRIGGER_ELEMENT"", ""useEventTarget"": true}",,"{""delay"": 0, ""duration"": 0, ""target"": {""id"": ""N/A"", ""appliesTo"": ""TRIGGER_ELEMENT"", ""useEventTarget"": true}, ""xValue"": 0, ""yValue"": 100, ""xUnit"": ""PX"", ""yUnit"": ""PX"", ""zUnit"": ""PX""}","[{""key"": ""main"", ""min"": 992, ""max"": 10000}, {""key"": ""medium"", ""min"": 768, ""max"": 991}, {""key"": ""small"", ""min"": 480, ""max"": 767}, {""key"": ""tiny"", ""min"": 0, ""max"": 479}]","[""raw/published/resources/03c1fa8b77cf-dentvitalis33.schunk.6ecbf8a934abc739.js""]",,,
derived,e-990,e-990,SCROLL_INTO_VIEW,"[""/su-di-noi/tutto-in-un-unico-luogo""]",e-990-derived-step-2,2,False,0,600,0,1000,TRANSFORM_MOVE,True,"{""id"": ""N/A"", ""appliesTo"": ""TRIGGER_ELEMENT"", ""useEventTarget"": true}",outQuart,"{""delay"": 0, ""easing"": ""outQuart"", ""duration"": 1000, ""target"": {""id"": ""N/A"", ""appliesTo"": ""TRIGGER_ELEMENT"", ""useEventTarget"": true}, ""xValue"": 0, ""yValue"": 0, ""xUnit"": ""PX"", ""yUnit"": ""PX"", ""zUnit"": ""PX""}","[{""key"": ""main"", ""min"": 992, ""max"": 10000}, {""key"": ""medium"", ""min"": 768, ""max"": 991}, {""key"": ""small"", ""min"": 480, ""max"": 767}, {""key"": ""tiny"", ""min"": 0, ""max"": 479}]","[""raw/published/resources/03c1fa8b77cf-dentvitalis33.schunk.6ecbf8a934abc739.js""]",,,
derived,e-990,e-990,SCROLL_INTO_VIEW,"[""/su-di-noi/tutto-in-un-unico-luogo""]",e-990-derived-step-3,2,False,0,600,0,1000,STYLE_OPACITY,True,"{""id"": ""N/A"", ""appliesTo"": ""TRIGGER_ELEMENT"", ""useEventTarget"": true}",outQuart,"{""delay"": 0, ""easing"": ""outQuart"", ""duration"": 1000, ""target"": {""id"": ""N/A"", ""appliesTo"": ""TRIGGER_ELEMENT"", ""useEventTarget"": true}, ""value"": 1}","[{""key"": ""main"", ""min"": 992, ""max"": 10000}, {""key"": ""medium"", ""min"": 768, ""max"": 991}, {""key"": ""small"", ""min"": 480, ""max"": 767}, {""key"": ""tiny"", ""min"": 0, ""max"": 479}]","[""raw/published/resources/03c1fa8b77cf-dentvitalis33.schunk.6ecbf8a934abc739.js""]",,,
derived,e-992,e-992,SCROLL_INTO_VIEW,"[""/su-di-noi/tutto-in-un-unico-luogo""]",e-992-derived-step-0,0,True,,200,0,0,STYLE_OPACITY,True,"{""id"": ""N/A"", ""appliesTo"": ""TRIGGER_ELEMENT"", ""useEventTarget"": true}",,"{""delay"": 0, ""duration"": 0, ""target"": {""id"": ""N/A"", ""appliesTo"": ""TRIGGER_ELEMENT"", ""useEventTarget"": true}, ""value"": 0}","[{""key"": ""main"", ""min"": 992, ""max"": 10000}, {""key"": ""medium"", ""min"": 768, ""max"": 991}, {""key"": ""small"", ""min"": 480, ""max"": 767}, {""key"": ""tiny"", ""min"": 0, ""max"": 479}]","[""raw/published/resources/03c1fa8b77cf-dentvitalis33.schunk.6ecbf8a934abc739.js""]",,,
derived,e-992,e-992,SCROLL_INTO_VIEW,"[""/su-di-noi/tutto-in-un-unico-luogo""]",e-992-derived-step-1,1,False,0,200,0,1000,STYLE_OPACITY,True,"{""id"": ""N/A"", ""appliesTo"": ""TRIGGER_ELEMENT"", ""useEventTarget"": true}",outQuart,"{""delay"": 0, ""easing"": ""outQuart"", ""duration"": 1000, ""target"": {""id"": ""N/A"", ""appliesTo"": ""TRIGGER_ELEMENT"", ""useEventTarget"": true}, ""value"": 1}","[{""key"": ""main"", ""min"": 992, ""max"": 10000}, {""key"": ""medium"", ""min"": 768, ""max"": 991}, {""key"": ""small"", ""min"": 480, ""max"": 767}, {""key"": ""tiny"", ""min"": 0, ""max"": 479}]","[""raw/published/resources/03c1fa8b77cf-dentvitalis33.schunk.6ecbf8a934abc739.js""]",,,
derived,e-994,e-994,SCROLL_INTO_VIEW,"[""/su-di-noi/come-raggiungerci""]",e-994-derived-step-0,0,True,,400,0,0,STYLE_OPACITY,True,"{""id"": ""N/A"", ""appliesTo"": ""TRIGGER_ELEMENT"", ""useEventTarget"": true}",,"{""delay"": 0, ""duration"": 0, ""target"": {""id"": ""N/A"", ""appliesTo"": ""TRIGGER_ELEMENT"", ""useEventTarget"": true}, ""value"": 0}","[{""key"": ""main"", ""min"": 992, ""max"": 10000}, {""key"": ""medium"", ""min"": 768, ""max"": 991}, {""key"": ""small"", ""min"": 480, ""max"": 767}, {""key"": ""tiny"", ""min"": 0, ""max"": 479}]","[""raw/published/resources/03c1fa8b77cf-dentvitalis33.schunk.6ecbf8a934abc739.js""]",,,
derived,e-994,e-994,SCROLL_INTO_VIEW,"[""/su-di-noi/come-raggiungerci""]",e-994-derived-step-1,1,False,0,400,0,0,TRANSFORM_MOVE,True,"{""id"": ""N/A"", ""appliesTo"": ""TRIGGER_ELEMENT"", ""useEventTarget"": true}",,"{""delay"": 0, ""duration"": 0, ""target"": {""id"": ""N/A"", ""appliesTo"": ""TRIGGER_ELEMENT"", ""useEventTarget"": true}, ""xValue"": 0, ""yValue"": 100, ""xUnit"": ""PX"", ""yUnit"": ""PX"", ""zUnit"": ""PX""}","[{""key"": ""main"", ""min"": 992, ""max"": 10000}, {""key"": ""medium"", ""min"": 768, ""max"": 991}, {""key"": ""small"", ""min"": 480, ""max"": 767}, {""key"": ""tiny"", ""min"": 0, ""max"": 479}]","[""raw/published/resources/03c1fa8b77cf-dentvitalis33.schunk.6ecbf8a934abc739.js""]",,,
derived,e-994,e-994,SCROLL_INTO_VIEW,"[""/su-di-noi/come-raggiungerci""]",e-994-derived-step-2,2,False,0,400,0,1000,TRANSFORM_MOVE,True,"{""id"": ""N/A"", ""appliesTo"": ""TRIGGER_ELEMENT"", ""useEventTarget"": true}",outQuart,"{""delay"": 0, ""easing"": ""outQuart"", ""duration"": 1000, ""target"": {""id"": ""N/A"", ""appliesTo"": ""TRIGGER_ELEMENT"", ""useEventTarget"": true}, ""xValue"": 0, ""yValue"": 0, ""xUnit"": ""PX"", ""yUnit"": ""PX"", ""zUnit"": ""PX""}","[{""key"": ""main"", ""min"": 992, ""max"": 10000}, {""key"": ""medium"", ""min"": 768, ""max"": 991}, {""key"": ""small"", ""min"": 480, ""max"": 767}, {""key"": ""tiny"", ""min"": 0, ""max"": 479}]","[""raw/published/resources/03c1fa8b77cf-dentvitalis33.schunk.6ecbf8a934abc739.js""]",,,
derived,e-994,e-994,SCROLL_INTO_VIEW,"[""/su-di-noi/come-raggiungerci""]",e-994-derived-step-3,2,False,0,400,0,1000,STYLE_OPACITY,True,"{""id"": ""N/A"", ""appliesTo"": ""TRIGGER_ELEMENT"", ""useEventTarget"": true}",outQuart,"{""delay"": 0, ""easing"": ""outQuart"", ""duration"": 1000, ""target"": {""id"": ""N/A"", ""appliesTo"": ""TRIGGER_ELEMENT"", ""useEventTarget"": true}, ""value"": 1}","[{""key"": ""main"", ""min"": 992, ""max"": 10000}, {""key"": ""medium"", ""min"": 768, ""max"": 991}, {""key"": ""small"", ""min"": 480, ""max"": 767}, {""key"": ""tiny"", ""min"": 0, ""max"": 479}]","[""raw/published/resources/03c1fa8b77cf-dentvitalis33.schunk.6ecbf8a934abc739.js""]",,,
derived,e-996,e-996,SCROLL_INTO_VIEW,"[""/su-di-noi/come-raggiungerci""]",e-996-derived-step-0,0,True,,600,0,0,STYLE_OPACITY,True,"{""id"": ""N/A"", ""appliesTo"": ""TRIGGER_ELEMENT"", ""useEventTarget"": true}",,"{""delay"": 0, ""duration"": 0, ""target"": {""id"": ""N/A"", ""appliesTo"": ""TRIGGER_ELEMENT"", ""useEventTarget"": true}, ""value"": 0}","[{""key"": ""main"", ""min"": 992, ""max"": 10000}, {""key"": ""medium"", ""min"": 768, ""max"": 991}, {""key"": ""small"", ""min"": 480, ""max"": 767}, {""key"": ""tiny"", ""min"": 0, ""max"": 479}]","[""raw/published/resources/03c1fa8b77cf-dentvitalis33.schunk.6ecbf8a934abc739.js""]",,,
derived,e-996,e-996,SCROLL_INTO_VIEW,"[""/su-di-noi/come-raggiungerci""]",e-996-derived-step-1,1,False,0,600,0,0,TRANSFORM_MOVE,True,"{""id"": ""N/A"", ""appliesTo"": ""TRIGGER_ELEMENT"", ""useEventTarget"": true}",,"{""delay"": 0, ""duration"": 0, ""target"": {""id"": ""N/A"", ""appliesTo"": ""TRIGGER_ELEMENT"", ""useEventTarget"": true}, ""xValue"": 0, ""yValue"": 100, ""xUnit"": ""PX"", ""yUnit"": ""PX"", ""zUnit"": ""PX""}","[{""key"": ""main"", ""min"": 992, ""max"": 10000}, {""key"": ""medium"", ""min"": 768, ""max"": 991}, {""key"": ""small"", ""min"": 480, ""max"": 767}, {""key"": ""tiny"", ""min"": 0, ""max"": 479}]","[""raw/published/resources/03c1fa8b77cf-dentvitalis33.schunk.6ecbf8a934abc739.js""]",,,
derived,e-996,e-996,SCROLL_INTO_VIEW,"[""/su-di-noi/come-raggiungerci""]",e-996-derived-step-2,2,False,0,600,0,1000,TRANSFORM_MOVE,True,"{""id"": ""N/A"", ""appliesTo"": ""TRIGGER_ELEMENT"", ""useEventTarget"": true}",outQuart,"{""delay"": 0, ""easing"": ""outQuart"", ""duration"": 1000, ""target"": {""id"": ""N/A"", ""appliesTo"": ""TRIGGER_ELEMENT"", ""useEventTarget"": true}, ""xValue"": 0, ""yValue"": 0, ""xUnit"": ""PX"", ""yUnit"": ""PX"", ""zUnit"": ""PX""}","[{""key"": ""main"", ""min"": 992, ""max"": 10000}, {""key"": ""medium"", ""min"": 768, ""max"": 991}, {""key"": ""small"", ""min"": 480, ""max"": 767}, {""key"": ""tiny"", ""min"": 0, ""max"": 479}]","[""raw/published/resources/03c1fa8b77cf-dentvitalis33.schunk.6ecbf8a934abc739.js""]",,,
derived,e-996,e-996,SCROLL_INTO_VIEW,"[""/su-di-noi/come-raggiungerci""]",e-996-derived-step-3,2,False,0,600,0,1000,STYLE_OPACITY,True,"{""id"": ""N/A"", ""appliesTo"": ""TRIGGER_ELEMENT"", ""useEventTarget"": true}",outQuart,"{""delay"": 0, ""easing"": ""outQuart"", ""duration"": 1000, ""target"": {""id"": ""N/A"", ""appliesTo"": ""TRIGGER_ELEMENT"", ""useEventTarget"": true}, ""value"": 1}","[{""key"": ""main"", ""min"": 992, ""max"": 10000}, {""key"": ""medium"", ""min"": 768, ""max"": 991}, {""key"": ""small"", ""min"": 480, ""max"": 767}, {""key"": ""tiny"", ""min"": 0, ""max"": 479}]","[""raw/published/resources/03c1fa8b77cf-dentvitalis33.schunk.6ecbf8a934abc739.js""]",,,
derived,e-998,e-998,SCROLL_INTO_VIEW,"[""/su-di-noi/come-raggiungerci""]",e-998-derived-step-0,0,True,,200,0,0,STYLE_OPACITY,True,"{""id"": ""N/A"", ""appliesTo"": ""TRIGGER_ELEMENT"", ""useEventTarget"": true}",,"{""delay"": 0, ""duration"": 0, ""target"": {""id"": ""N/A"", ""appliesTo"": ""TRIGGER_ELEMENT"", ""useEventTarget"": true}, ""value"": 0}","[{""key"": ""main"", ""min"": 992, ""max"": 10000}, {""key"": ""medium"", ""min"": 768, ""max"": 991}, {""key"": ""small"", ""min"": 480, ""max"": 767}, {""key"": ""tiny"", ""min"": 0, ""max"": 479}]","[""raw/published/resources/03c1fa8b77cf-dentvitalis33.schunk.6ecbf8a934abc739.js""]",,,
derived,e-998,e-998,SCROLL_INTO_VIEW,"[""/su-di-noi/come-raggiungerci""]",e-998-derived-step-1,1,False,0,200,0,1000,STYLE_OPACITY,True,"{""id"": ""N/A"", ""appliesTo"": ""TRIGGER_ELEMENT"", ""useEventTarget"": true}",outQuart,"{""delay"": 0, ""easing"": ""outQuart"", ""duration"": 1000, ""target"": {""id"": ""N/A"", ""appliesTo"": ""TRIGGER_ELEMENT"", ""useEventTarget"": true}, ""value"": 1}","[{""key"": ""main"", ""min"": 992, ""max"": 10000}, {""key"": ""medium"", ""min"": 768, ""max"": 991}, {""key"": ""small"", ""min"": 480, ""max"": 767}, {""key"": ""tiny"", ""min"": 0, ""max"": 479}]","[""raw/published/resources/03c1fa8b77cf-dentvitalis33.schunk.6ecbf8a934abc739.js""]",,,
derived,e-1000,e-1000,SCROLL_INTO_VIEW,"[""/su-di-noi/laboratorio-odontotecnico""]",e-1000-derived-step-0,0,True,,400,0,0,STYLE_OPACITY,True,"{""id"": ""N/A"", ""appliesTo"": ""TRIGGER_ELEMENT"", ""useEventTarget"": true}",,"{""delay"": 0, ""duration"": 0, ""target"": {""id"": ""N/A"", ""appliesTo"": ""TRIGGER_ELEMENT"", ""useEventTarget"": true}, ""value"": 0}","[{""key"": ""main"", ""min"": 992, ""max"": 10000}, {""key"": ""medium"", ""min"": 768, ""max"": 991}, {""key"": ""small"", ""min"": 480, ""max"": 767}, {""key"": ""tiny"", ""min"": 0, ""max"": 479}]","[""raw/published/resources/03c1fa8b77cf-dentvitalis33.schunk.6ecbf8a934abc739.js""]",,,
derived,e-1000,e-1000,SCROLL_INTO_VIEW,"[""/su-di-noi/laboratorio-odontotecnico""]",e-1000-derived-step-1,1,False,0,400,0,0,TRANSFORM_MOVE,True,"{""id"": ""N/A"", ""appliesTo"": ""TRIGGER_ELEMENT"", ""useEventTarget"": true}",,"{""delay"": 0, ""duration"": 0, ""target"": {""id"": ""N/A"", ""appliesTo"": ""TRIGGER_ELEMENT"", ""useEventTarget"": true}, ""xValue"": 0, ""yValue"": 100, ""xUnit"": ""PX"", ""yUnit"": ""PX"", ""zUnit"": ""PX""}","[{""key"": ""main"", ""min"": 992, ""max"": 10000}, {""key"": ""medium"", ""min"": 768, ""max"": 991}, {""key"": ""small"", ""min"": 480, ""max"": 767}, {""key"": ""tiny"", ""min"": 0, ""max"": 479}]","[""raw/published/resources/03c1fa8b77cf-dentvitalis33.schunk.6ecbf8a934abc739.js""]",,,
derived,e-1000,e-1000,SCROLL_INTO_VIEW,"[""/su-di-noi/laboratorio-odontotecnico""]",e-1000-derived-step-2,2,False,0,400,0,1000,TRANSFORM_MOVE,True,"{""id"": ""N/A"", ""appliesTo"": ""TRIGGER_ELEMENT"", ""useEventTarget"": true}",outQuart,"{""delay"": 0, ""easing"": ""outQuart"", ""duration"": 1000, ""target"": {""id"": ""N/A"", ""appliesTo"": ""TRIGGER_ELEMENT"", ""useEventTarget"": true}, ""xValue"": 0, ""yValue"": 0, ""xUnit"": ""PX"", ""yUnit"": ""PX"", ""zUnit"": ""PX""}","[{""key"": ""main"", ""min"": 992, ""max"": 10000}, {""key"": ""medium"", ""min"": 768, ""max"": 991}, {""key"": ""small"", ""min"": 480, ""max"": 767}, {""key"": ""tiny"", ""min"": 0, ""max"": 479}]","[""raw/published/resources/03c1fa8b77cf-dentvitalis33.schunk.6ecbf8a934abc739.js""]",,,
derived,e-1000,e-1000,SCROLL_INTO_VIEW,"[""/su-di-noi/laboratorio-odontotecnico""]",e-1000-derived-step-3,2,False,0,400,0,1000,STYLE_OPACITY,True,"{""id"": ""N/A"", ""appliesTo"": ""TRIGGER_ELEMENT"", ""useEventTarget"": true}",outQuart,"{""delay"": 0, ""easing"": ""outQuart"", ""duration"": 1000, ""target"": {""id"": ""N/A"", ""appliesTo"": ""TRIGGER_ELEMENT"", ""useEventTarget"": true}, ""value"": 1}","[{""key"": ""main"", ""min"": 992, ""max"": 10000}, {""key"": ""medium"", ""min"": 768, ""max"": 991}, {""key"": ""small"", ""min"": 480, ""max"": 767}, {""key"": ""tiny"", ""min"": 0, ""max"": 479}]","[""raw/published/resources/03c1fa8b77cf-dentvitalis33.schunk.6ecbf8a934abc739.js""]",,,
derived,e-1002,e-1002,SCROLL_INTO_VIEW,"[""/su-di-noi/laboratorio-odontotecnico""]",e-1002-derived-step-0,0,True,,600,0,0,STYLE_OPACITY,True,"{""id"": ""N/A"", ""appliesTo"": ""TRIGGER_ELEMENT"", ""useEventTarget"": true}",,"{""delay"": 0, ""duration"": 0, ""target"": {""id"": ""N/A"", ""appliesTo"": ""TRIGGER_ELEMENT"", ""useEventTarget"": true}, ""value"": 0}","[{""key"": ""main"", ""min"": 992, ""max"": 10000}, {""key"": ""medium"", ""min"": 768, ""max"": 991}, {""key"": ""small"", ""min"": 480, ""max"": 767}, {""key"": ""tiny"", ""min"": 0, ""max"": 479}]","[""raw/published/resources/03c1fa8b77cf-dentvitalis33.schunk.6ecbf8a934abc739.js""]",,,
derived,e-1002,e-1002,SCROLL_INTO_VIEW,"[""/su-di-noi/laboratorio-odontotecnico""]",e-1002-derived-step-1,1,False,0,600,0,0,TRANSFORM_MOVE,True,"{""id"": ""N/A"", ""appliesTo"": ""TRIGGER_ELEMENT"", ""useEventTarget"": true}",,"{""delay"": 0, ""duration"": 0, ""target"": {""id"": ""N/A"", ""appliesTo"": ""TRIGGER_ELEMENT"", ""useEventTarget"": true}, ""xValue"": 0, ""yValue"": 100, ""xUnit"": ""PX"", ""yUnit"": ""PX"", ""zUnit"": ""PX""}","[{""key"": ""main"", ""min"": 992, ""max"": 10000}, {""key"": ""medium"", ""min"": 768, ""max"": 991}, {""key"": ""small"", ""min"": 480, ""max"": 767}, {""key"": ""tiny"", ""min"": 0, ""max"": 479}]","[""raw/published/resources/03c1fa8b77cf-dentvitalis33.schunk.6ecbf8a934abc739.js""]",,,
derived,e-1002,e-1002,SCROLL_INTO_VIEW,"[""/su-di-noi/laboratorio-odontotecnico""]",e-1002-derived-step-2,2,False,0,600,0,1000,TRANSFORM_MOVE,True,"{""id"": ""N/A"", ""appliesTo"": ""TRIGGER_ELEMENT"", ""useEventTarget"": true}",outQuart,"{""delay"": 0, ""easing"": ""outQuart"", ""duration"": 1000, ""target"": {""id"": ""N/A"", ""appliesTo"": ""TRIGGER_ELEMENT"", ""useEventTarget"": true}, ""xValue"": 0, ""yValue"": 0, ""xUnit"": ""PX"", ""yUnit"": ""PX"", ""zUnit"": ""PX""}","[{""key"": ""main"", ""min"": 992, ""max"": 10000}, {""key"": ""medium"", ""min"": 768, ""max"": 991}, {""key"": ""small"", ""min"": 480, ""max"": 767}, {""key"": ""tiny"", ""min"": 0, ""max"": 479}]","[""raw/published/resources/03c1fa8b77cf-dentvitalis33.schunk.6ecbf8a934abc739.js""]",,,
derived,e-1002,e-1002,SCROLL_INTO_VIEW,"[""/su-di-noi/laboratorio-odontotecnico""]",e-1002-derived-step-3,2,False,0,600,0,1000,STYLE_OPACITY,True,"{""id"": ""N/A"", ""appliesTo"": ""TRIGGER_ELEMENT"", ""useEventTarget"": true}",outQuart,"{""delay"": 0, ""easing"": ""outQuart"", ""duration"": 1000, ""target"": {""id"": ""N/A"", ""appliesTo"": ""TRIGGER_ELEMENT"", ""useEventTarget"": true}, ""value"": 1}","[{""key"": ""main"", ""min"": 992, ""max"": 10000}, {""key"": ""medium"", ""min"": 768, ""max"": 991}, {""key"": ""small"", ""min"": 480, ""max"": 767}, {""key"": ""tiny"", ""min"": 0, ""max"": 479}]","[""raw/published/resources/03c1fa8b77cf-dentvitalis33.schunk.6ecbf8a934abc739.js""]",,,
derived,e-1004,e-1004,SCROLL_INTO_VIEW,"[""/su-di-noi/laboratorio-odontotecnico""]",e-1004-derived-step-0,0,True,,200,0,0,STYLE_OPACITY,True,"{""id"": ""N/A"", ""appliesTo"": ""TRIGGER_ELEMENT"", ""useEventTarget"": true}",,"{""delay"": 0, ""duration"": 0, ""target"": {""id"": ""N/A"", ""appliesTo"": ""TRIGGER_ELEMENT"", ""useEventTarget"": true}, ""value"": 0}","[{""key"": ""main"", ""min"": 992, ""max"": 10000}, {""key"": ""medium"", ""min"": 768, ""max"": 991}, {""key"": ""small"", ""min"": 480, ""max"": 767}, {""key"": ""tiny"", ""min"": 0, ""max"": 479}]","[""raw/published/resources/03c1fa8b77cf-dentvitalis33.schunk.6ecbf8a934abc739.js""]",,,
derived,e-1004,e-1004,SCROLL_INTO_VIEW,"[""/su-di-noi/laboratorio-odontotecnico""]",e-1004-derived-step-1,1,False,0,200,0,1000,STYLE_OPACITY,True,"{""id"": ""N/A"", ""appliesTo"": ""TRIGGER_ELEMENT"", ""useEventTarget"": true}",outQuart,"{""delay"": 0, ""easing"": ""outQuart"", ""duration"": 1000, ""target"": {""id"": ""N/A"", ""appliesTo"": ""TRIGGER_ELEMENT"", ""useEventTarget"": true}, ""value"": 1}","[{""key"": ""main"", ""min"": 992, ""max"": 10000}, {""key"": ""medium"", ""min"": 768, ""max"": 991}, {""key"": ""small"", ""min"": 480, ""max"": 767}, {""key"": ""tiny"", ""min"": 0, ""max"": 479}]","[""raw/published/resources/03c1fa8b77cf-dentvitalis33.schunk.6ecbf8a934abc739.js""]",,,
derived,e-1006,e-1006,SCROLL_INTO_VIEW,"[""/su-di-noi/materiali-e-apparecchiature""]",e-1006-derived-step-0,0,True,,400,0,0,STYLE_OPACITY,True,"{""id"": ""N/A"", ""appliesTo"": ""TRIGGER_ELEMENT"", ""useEventTarget"": true}",,"{""delay"": 0, ""duration"": 0, ""target"": {""id"": ""N/A"", ""appliesTo"": ""TRIGGER_ELEMENT"", ""useEventTarget"": true}, ""value"": 0}","[{""key"": ""main"", ""min"": 992, ""max"": 10000}, {""key"": ""medium"", ""min"": 768, ""max"": 991}, {""key"": ""small"", ""min"": 480, ""max"": 767}, {""key"": ""tiny"", ""min"": 0, ""max"": 479}]","[""raw/published/resources/03c1fa8b77cf-dentvitalis33.schunk.6ecbf8a934abc739.js""]",,,
derived,e-1006,e-1006,SCROLL_INTO_VIEW,"[""/su-di-noi/materiali-e-apparecchiature""]",e-1006-derived-step-1,1,False,0,400,0,0,TRANSFORM_MOVE,True,"{""id"": ""N/A"", ""appliesTo"": ""TRIGGER_ELEMENT"", ""useEventTarget"": true}",,"{""delay"": 0, ""duration"": 0, ""target"": {""id"": ""N/A"", ""appliesTo"": ""TRIGGER_ELEMENT"", ""useEventTarget"": true}, ""xValue"": 0, ""yValue"": 100, ""xUnit"": ""PX"", ""yUnit"": ""PX"", ""zUnit"": ""PX""}","[{""key"": ""main"", ""min"": 992, ""max"": 10000}, {""key"": ""medium"", ""min"": 768, ""max"": 991}, {""key"": ""small"", ""min"": 480, ""max"": 767}, {""key"": ""tiny"", ""min"": 0, ""max"": 479}]","[""raw/published/resources/03c1fa8b77cf-dentvitalis33.schunk.6ecbf8a934abc739.js""]",,,
derived,e-1006,e-1006,SCROLL_INTO_VIEW,"[""/su-di-noi/materiali-e-apparecchiature""]",e-1006-derived-step-2,2,False,0,400,0,1000,TRANSFORM_MOVE,True,"{""id"": ""N/A"", ""appliesTo"": ""TRIGGER_ELEMENT"", ""useEventTarget"": true}",outQuart,"{""delay"": 0, ""easing"": ""outQuart"", ""duration"": 1000, ""target"": {""id"": ""N/A"", ""appliesTo"": ""TRIGGER_ELEMENT"", ""useEventTarget"": true}, ""xValue"": 0, ""yValue"": 0, ""xUnit"": ""PX"", ""yUnit"": ""PX"", ""zUnit"": ""PX""}","[{""key"": ""main"", ""min"": 992, ""max"": 10000}, {""key"": ""medium"", ""min"": 768, ""max"": 991}, {""key"": ""small"", ""min"": 480, ""max"": 767}, {""key"": ""tiny"", ""min"": 0, ""max"": 479}]","[""raw/published/resources/03c1fa8b77cf-dentvitalis33.schunk.6ecbf8a934abc739.js""]",,,
derived,e-1006,e-1006,SCROLL_INTO_VIEW,"[""/su-di-noi/materiali-e-apparecchiature""]",e-1006-derived-step-3,2,False,0,400,0,1000,STYLE_OPACITY,True,"{""id"": ""N/A"", ""appliesTo"": ""TRIGGER_ELEMENT"", ""useEventTarget"": true}",outQuart,"{""delay"": 0, ""easing"": ""outQuart"", ""duration"": 1000, ""target"": {""id"": ""N/A"", ""appliesTo"": ""TRIGGER_ELEMENT"", ""useEventTarget"": true}, ""value"": 1}","[{""key"": ""main"", ""min"": 992, ""max"": 10000}, {""key"": ""medium"", ""min"": 768, ""max"": 991}, {""key"": ""small"", ""min"": 480, ""max"": 767}, {""key"": ""tiny"", ""min"": 0, ""max"": 479}]","[""raw/published/resources/03c1fa8b77cf-dentvitalis33.schunk.6ecbf8a934abc739.js""]",,,
derived,e-1008,e-1008,SCROLL_INTO_VIEW,"[""/su-di-noi/materiali-e-apparecchiature""]",e-1008-derived-step-0,0,True,,600,0,0,STYLE_OPACITY,True,"{""id"": ""N/A"", ""appliesTo"": ""TRIGGER_ELEMENT"", ""useEventTarget"": true}",,"{""delay"": 0, ""duration"": 0, ""target"": {""id"": ""N/A"", ""appliesTo"": ""TRIGGER_ELEMENT"", ""useEventTarget"": true}, ""value"": 0}","[{""key"": ""main"", ""min"": 992, ""max"": 10000}, {""key"": ""medium"", ""min"": 768, ""max"": 991}, {""key"": ""small"", ""min"": 480, ""max"": 767}, {""key"": ""tiny"", ""min"": 0, ""max"": 479}]","[""raw/published/resources/03c1fa8b77cf-dentvitalis33.schunk.6ecbf8a934abc739.js""]",,,
derived,e-1008,e-1008,SCROLL_INTO_VIEW,"[""/su-di-noi/materiali-e-apparecchiature""]",e-1008-derived-step-1,1,False,0,600,0,0,TRANSFORM_MOVE,True,"{""id"": ""N/A"", ""appliesTo"": ""TRIGGER_ELEMENT"", ""useEventTarget"": true}",,"{""delay"": 0, ""duration"": 0, ""target"": {""id"": ""N/A"", ""appliesTo"": ""TRIGGER_ELEMENT"", ""useEventTarget"": true}, ""xValue"": 0, ""yValue"": 100, ""xUnit"": ""PX"", ""yUnit"": ""PX"", ""zUnit"": ""PX""}","[{""key"": ""main"", ""min"": 992, ""max"": 10000}, {""key"": ""medium"", ""min"": 768, ""max"": 991}, {""key"": ""small"", ""min"": 480, ""max"": 767}, {""key"": ""tiny"", ""min"": 0, ""max"": 479}]","[""raw/published/resources/03c1fa8b77cf-dentvitalis33.schunk.6ecbf8a934abc739.js""]",,,
derived,e-1008,e-1008,SCROLL_INTO_VIEW,"[""/su-di-noi/materiali-e-apparecchiature""]",e-1008-derived-step-2,2,False,0,600,0,1000,TRANSFORM_MOVE,True,"{""id"": ""N/A"", ""appliesTo"": ""TRIGGER_ELEMENT"", ""useEventTarget"": true}",outQuart,"{""delay"": 0, ""easing"": ""outQuart"", ""duration"": 1000, ""target"": {""id"": ""N/A"", ""appliesTo"": ""TRIGGER_ELEMENT"", ""useEventTarget"": true}, ""xValue"": 0, ""yValue"": 0, ""xUnit"": ""PX"", ""yUnit"": ""PX"", ""zUnit"": ""PX""}","[{""key"": ""main"", ""min"": 992, ""max"": 10000}, {""key"": ""medium"", ""min"": 768, ""max"": 991}, {""key"": ""small"", ""min"": 480, ""max"": 767}, {""key"": ""tiny"", ""min"": 0, ""max"": 479}]","[""raw/published/resources/03c1fa8b77cf-dentvitalis33.schunk.6ecbf8a934abc739.js""]",,,
derived,e-1008,e-1008,SCROLL_INTO_VIEW,"[""/su-di-noi/materiali-e-apparecchiature""]",e-1008-derived-step-3,2,False,0,600,0,1000,STYLE_OPACITY,True,"{""id"": ""N/A"", ""appliesTo"": ""TRIGGER_ELEMENT"", ""useEventTarget"": true}",outQuart,"{""delay"": 0, ""easing"": ""outQuart"", ""duration"": 1000, ""target"": {""id"": ""N/A"", ""appliesTo"": ""TRIGGER_ELEMENT"", ""useEventTarget"": true}, ""value"": 1}","[{""key"": ""main"", ""min"": 992, ""max"": 10000}, {""key"": ""medium"", ""min"": 768, ""max"": 991}, {""key"": ""small"", ""min"": 480, ""max"": 767}, {""key"": ""tiny"", ""min"": 0, ""max"": 479}]","[""raw/published/resources/03c1fa8b77cf-dentvitalis33.schunk.6ecbf8a934abc739.js""]",,,
derived,e-1010,e-1010,SCROLL_INTO_VIEW,"[""/su-di-noi/materiali-e-apparecchiature""]",e-1010-derived-step-0,0,True,,200,0,0,STYLE_OPACITY,True,"{""id"": ""N/A"", ""appliesTo"": ""TRIGGER_ELEMENT"", ""useEventTarget"": true}",,"{""delay"": 0, ""duration"": 0, ""target"": {""id"": ""N/A"", ""appliesTo"": ""TRIGGER_ELEMENT"", ""useEventTarget"": true}, ""value"": 0}","[{""key"": ""main"", ""min"": 992, ""max"": 10000}, {""key"": ""medium"", ""min"": 768, ""max"": 991}, {""key"": ""small"", ""min"": 480, ""max"": 767}, {""key"": ""tiny"", ""min"": 0, ""max"": 479}]","[""raw/published/resources/03c1fa8b77cf-dentvitalis33.schunk.6ecbf8a934abc739.js""]",,,
derived,e-1010,e-1010,SCROLL_INTO_VIEW,"[""/su-di-noi/materiali-e-apparecchiature""]",e-1010-derived-step-1,1,False,0,200,0,1000,STYLE_OPACITY,True,"{""id"": ""N/A"", ""appliesTo"": ""TRIGGER_ELEMENT"", ""useEventTarget"": true}",outQuart,"{""delay"": 0, ""easing"": ""outQuart"", ""duration"": 1000, ""target"": {""id"": ""N/A"", ""appliesTo"": ""TRIGGER_ELEMENT"", ""useEventTarget"": true}, ""value"": 1}","[{""key"": ""main"", ""min"": 992, ""max"": 10000}, {""key"": ""medium"", ""min"": 768, ""max"": 991}, {""key"": ""small"", ""min"": 480, ""max"": 767}, {""key"": ""tiny"", ""min"": 0, ""max"": 479}]","[""raw/published/resources/03c1fa8b77cf-dentvitalis33.schunk.6ecbf8a934abc739.js""]",,,
derived,e-1012,e-1012,SCROLL_INTO_VIEW,"[""/su-di-noi/impianti-di-nuova-generazione""]",e-1012-derived-step-0,0,True,,400,0,0,STYLE_OPACITY,True,"{""id"": ""N/A"", ""appliesTo"": ""TRIGGER_ELEMENT"", ""useEventTarget"": true}",,"{""delay"": 0, ""duration"": 0, ""target"": {""id"": ""N/A"", ""appliesTo"": ""TRIGGER_ELEMENT"", ""useEventTarget"": true}, ""value"": 0}","[{""key"": ""main"", ""min"": 992, ""max"": 10000}, {""key"": ""medium"", ""min"": 768, ""max"": 991}, {""key"": ""small"", ""min"": 480, ""max"": 767}, {""key"": ""tiny"", ""min"": 0, ""max"": 479}]","[""raw/published/resources/03c1fa8b77cf-dentvitalis33.schunk.6ecbf8a934abc739.js""]",,,
derived,e-1012,e-1012,SCROLL_INTO_VIEW,"[""/su-di-noi/impianti-di-nuova-generazione""]",e-1012-derived-step-1,1,False,0,400,0,0,TRANSFORM_MOVE,True,"{""id"": ""N/A"", ""appliesTo"": ""TRIGGER_ELEMENT"", ""useEventTarget"": true}",,"{""delay"": 0, ""duration"": 0, ""target"": {""id"": ""N/A"", ""appliesTo"": ""TRIGGER_ELEMENT"", ""useEventTarget"": true}, ""xValue"": 0, ""yValue"": 100, ""xUnit"": ""PX"", ""yUnit"": ""PX"", ""zUnit"": ""PX""}","[{""key"": ""main"", ""min"": 992, ""max"": 10000}, {""key"": ""medium"", ""min"": 768, ""max"": 991}, {""key"": ""small"", ""min"": 480, ""max"": 767}, {""key"": ""tiny"", ""min"": 0, ""max"": 479}]","[""raw/published/resources/03c1fa8b77cf-dentvitalis33.schunk.6ecbf8a934abc739.js""]",,,
derived,e-1012,e-1012,SCROLL_INTO_VIEW,"[""/su-di-noi/impianti-di-nuova-generazione""]",e-1012-derived-step-2,2,False,0,400,0,1000,TRANSFORM_MOVE,True,"{""id"": ""N/A"", ""appliesTo"": ""TRIGGER_ELEMENT"", ""useEventTarget"": true}",outQuart,"{""delay"": 0, ""easing"": ""outQuart"", ""duration"": 1000, ""target"": {""id"": ""N/A"", ""appliesTo"": ""TRIGGER_ELEMENT"", ""useEventTarget"": true}, ""xValue"": 0, ""yValue"": 0, ""xUnit"": ""PX"", ""yUnit"": ""PX"", ""zUnit"": ""PX""}","[{""key"": ""main"", ""min"": 992, ""max"": 10000}, {""key"": ""medium"", ""min"": 768, ""max"": 991}, {""key"": ""small"", ""min"": 480, ""max"": 767}, {""key"": ""tiny"", ""min"": 0, ""max"": 479}]","[""raw/published/resources/03c1fa8b77cf-dentvitalis33.schunk.6ecbf8a934abc739.js""]",,,
derived,e-1012,e-1012,SCROLL_INTO_VIEW,"[""/su-di-noi/impianti-di-nuova-generazione""]",e-1012-derived-step-3,2,False,0,400,0,1000,STYLE_OPACITY,True,"{""id"": ""N/A"", ""appliesTo"": ""TRIGGER_ELEMENT"", ""useEventTarget"": true}",outQuart,"{""delay"": 0, ""easing"": ""outQuart"", ""duration"": 1000, ""target"": {""id"": ""N/A"", ""appliesTo"": ""TRIGGER_ELEMENT"", ""useEventTarget"": true}, ""value"": 1}","[{""key"": ""main"", ""min"": 992, ""max"": 10000}, {""key"": ""medium"", ""min"": 768, ""max"": 991}, {""key"": ""small"", ""min"": 480, ""max"": 767}, {""key"": ""tiny"", ""min"": 0, ""max"": 479}]","[""raw/published/resources/03c1fa8b77cf-dentvitalis33.schunk.6ecbf8a934abc739.js""]",,,
derived,e-1014,e-1014,SCROLL_INTO_VIEW,"[""/su-di-noi/impianti-di-nuova-generazione""]",e-1014-derived-step-0,0,True,,600,0,0,STYLE_OPACITY,True,"{""id"": ""N/A"", ""appliesTo"": ""TRIGGER_ELEMENT"", ""useEventTarget"": true}",,"{""delay"": 0, ""duration"": 0, ""target"": {""id"": ""N/A"", ""appliesTo"": ""TRIGGER_ELEMENT"", ""useEventTarget"": true}, ""value"": 0}","[{""key"": ""main"", ""min"": 992, ""max"": 10000}, {""key"": ""medium"", ""min"": 768, ""max"": 991}, {""key"": ""small"", ""min"": 480, ""max"": 767}, {""key"": ""tiny"", ""min"": 0, ""max"": 479}]","[""raw/published/resources/03c1fa8b77cf-dentvitalis33.schunk.6ecbf8a934abc739.js""]",,,
derived,e-1014,e-1014,SCROLL_INTO_VIEW,"[""/su-di-noi/impianti-di-nuova-generazione""]",e-1014-derived-step-1,1,False,0,600,0,0,TRANSFORM_MOVE,True,"{""id"": ""N/A"", ""appliesTo"": ""TRIGGER_ELEMENT"", ""useEventTarget"": true}",,"{""delay"": 0, ""duration"": 0, ""target"": {""id"": ""N/A"", ""appliesTo"": ""TRIGGER_ELEMENT"", ""useEventTarget"": true}, ""xValue"": 0, ""yValue"": 100, ""xUnit"": ""PX"", ""yUnit"": ""PX"", ""zUnit"": ""PX""}","[{""key"": ""main"", ""min"": 992, ""max"": 10000}, {""key"": ""medium"", ""min"": 768, ""max"": 991}, {""key"": ""small"", ""min"": 480, ""max"": 767}, {""key"": ""tiny"", ""min"": 0, ""max"": 479}]","[""raw/published/resources/03c1fa8b77cf-dentvitalis33.schunk.6ecbf8a934abc739.js""]",,,
derived,e-1014,e-1014,SCROLL_INTO_VIEW,"[""/su-di-noi/impianti-di-nuova-generazione""]",e-1014-derived-step-2,2,False,0,600,0,1000,TRANSFORM_MOVE,True,"{""id"": ""N/A"", ""appliesTo"": ""TRIGGER_ELEMENT"", ""useEventTarget"": true}",outQuart,"{""delay"": 0, ""easing"": ""outQuart"", ""duration"": 1000, ""target"": {""id"": ""N/A"", ""appliesTo"": ""TRIGGER_ELEMENT"", ""useEventTarget"": true}, ""xValue"": 0, ""yValue"": 0, ""xUnit"": ""PX"", ""yUnit"": ""PX"", ""zUnit"": ""PX""}","[{""key"": ""main"", ""min"": 992, ""max"": 10000}, {""key"": ""medium"", ""min"": 768, ""max"": 991}, {""key"": ""small"", ""min"": 480, ""max"": 767}, {""key"": ""tiny"", ""min"": 0, ""max"": 479}]","[""raw/published/resources/03c1fa8b77cf-dentvitalis33.schunk.6ecbf8a934abc739.js""]",,,
derived,e-1014,e-1014,SCROLL_INTO_VIEW,"[""/su-di-noi/impianti-di-nuova-generazione""]",e-1014-derived-step-3,2,False,0,600,0,1000,STYLE_OPACITY,True,"{""id"": ""N/A"", ""appliesTo"": ""TRIGGER_ELEMENT"", ""useEventTarget"": true}",outQuart,"{""delay"": 0, ""easing"": ""outQuart"", ""duration"": 1000, ""target"": {""id"": ""N/A"", ""appliesTo"": ""TRIGGER_ELEMENT"", ""useEventTarget"": true}, ""value"": 1}","[{""key"": ""main"", ""min"": 992, ""max"": 10000}, {""key"": ""medium"", ""min"": 768, ""max"": 991}, {""key"": ""small"", ""min"": 480, ""max"": 767}, {""key"": ""tiny"", ""min"": 0, ""max"": 479}]","[""raw/published/resources/03c1fa8b77cf-dentvitalis33.schunk.6ecbf8a934abc739.js""]",,,
derived,e-1016,e-1016,SCROLL_INTO_VIEW,"[""/su-di-noi/impianti-di-nuova-generazione""]",e-1016-derived-step-0,0,True,,200,0,0,STYLE_OPACITY,True,"{""id"": ""N/A"", ""appliesTo"": ""TRIGGER_ELEMENT"", ""useEventTarget"": true}",,"{""delay"": 0, ""duration"": 0, ""target"": {""id"": ""N/A"", ""appliesTo"": ""TRIGGER_ELEMENT"", ""useEventTarget"": true}, ""value"": 0}","[{""key"": ""main"", ""min"": 992, ""max"": 10000}, {""key"": ""medium"", ""min"": 768, ""max"": 991}, {""key"": ""small"", ""min"": 480, ""max"": 767}, {""key"": ""tiny"", ""min"": 0, ""max"": 479}]","[""raw/published/resources/03c1fa8b77cf-dentvitalis33.schunk.6ecbf8a934abc739.js""]",,,
derived,e-1016,e-1016,SCROLL_INTO_VIEW,"[""/su-di-noi/impianti-di-nuova-generazione""]",e-1016-derived-step-1,1,False,0,200,0,1000,STYLE_OPACITY,True,"{""id"": ""N/A"", ""appliesTo"": ""TRIGGER_ELEMENT"", ""useEventTarget"": true}",outQuart,"{""delay"": 0, ""easing"": ""outQuart"", ""duration"": 1000, ""target"": {""id"": ""N/A"", ""appliesTo"": ""TRIGGER_ELEMENT"", ""useEventTarget"": true}, ""value"": 1}","[{""key"": ""main"", ""min"": 992, ""max"": 10000}, {""key"": ""medium"", ""min"": 768, ""max"": 991}, {""key"": ""small"", ""min"": 480, ""max"": 767}, {""key"": ""tiny"", ""min"": 0, ""max"": 479}]","[""raw/published/resources/03c1fa8b77cf-dentvitalis33.schunk.6ecbf8a934abc739.js""]",,,
derived,e-1018,e-1018,SCROLL_INTO_VIEW,"[""/prestazioni/sedazione-cosciente""]",e-1018-derived-step-0,0,True,,400,0,0,STYLE_OPACITY,True,"{""id"": ""N/A"", ""appliesTo"": ""TRIGGER_ELEMENT"", ""useEventTarget"": true}",,"{""delay"": 0, ""duration"": 0, ""target"": {""id"": ""N/A"", ""appliesTo"": ""TRIGGER_ELEMENT"", ""useEventTarget"": true}, ""value"": 0}","[{""key"": ""main"", ""min"": 992, ""max"": 10000}, {""key"": ""medium"", ""min"": 768, ""max"": 991}, {""key"": ""small"", ""min"": 480, ""max"": 767}, {""key"": ""tiny"", ""min"": 0, ""max"": 479}]","[""raw/published/resources/03c1fa8b77cf-dentvitalis33.schunk.6ecbf8a934abc739.js""]",,,
derived,e-1018,e-1018,SCROLL_INTO_VIEW,"[""/prestazioni/sedazione-cosciente""]",e-1018-derived-step-1,1,False,0,400,0,0,TRANSFORM_MOVE,True,"{""id"": ""N/A"", ""appliesTo"": ""TRIGGER_ELEMENT"", ""useEventTarget"": true}",,"{""delay"": 0, ""duration"": 0, ""target"": {""id"": ""N/A"", ""appliesTo"": ""TRIGGER_ELEMENT"", ""useEventTarget"": true}, ""xValue"": 0, ""yValue"": 100, ""xUnit"": ""PX"", ""yUnit"": ""PX"", ""zUnit"": ""PX""}","[{""key"": ""main"", ""min"": 992, ""max"": 10000}, {""key"": ""medium"", ""min"": 768, ""max"": 991}, {""key"": ""small"", ""min"": 480, ""max"": 767}, {""key"": ""tiny"", ""min"": 0, ""max"": 479}]","[""raw/published/resources/03c1fa8b77cf-dentvitalis33.schunk.6ecbf8a934abc739.js""]",,,
derived,e-1018,e-1018,SCROLL_INTO_VIEW,"[""/prestazioni/sedazione-cosciente""]",e-1018-derived-step-2,2,False,0,400,0,1000,TRANSFORM_MOVE,True,"{""id"": ""N/A"", ""appliesTo"": ""TRIGGER_ELEMENT"", ""useEventTarget"": true}",outQuart,"{""delay"": 0, ""easing"": ""outQuart"", ""duration"": 1000, ""target"": {""id"": ""N/A"", ""appliesTo"": ""TRIGGER_ELEMENT"", ""useEventTarget"": true}, ""xValue"": 0, ""yValue"": 0, ""xUnit"": ""PX"", ""yUnit"": ""PX"", ""zUnit"": ""PX""}","[{""key"": ""main"", ""min"": 992, ""max"": 10000}, {""key"": ""medium"", ""min"": 768, ""max"": 991}, {""key"": ""small"", ""min"": 480, ""max"": 767}, {""key"": ""tiny"", ""min"": 0, ""max"": 479}]","[""raw/published/resources/03c1fa8b77cf-dentvitalis33.schunk.6ecbf8a934abc739.js""]",,,
derived,e-1018,e-1018,SCROLL_INTO_VIEW,"[""/prestazioni/sedazione-cosciente""]",e-1018-derived-step-3,2,False,0,400,0,1000,STYLE_OPACITY,True,"{""id"": ""N/A"", ""appliesTo"": ""TRIGGER_ELEMENT"", ""useEventTarget"": true}",outQuart,"{""delay"": 0, ""easing"": ""outQuart"", ""duration"": 1000, ""target"": {""id"": ""N/A"", ""appliesTo"": ""TRIGGER_ELEMENT"", ""useEventTarget"": true}, ""value"": 1}","[{""key"": ""main"", ""min"": 992, ""max"": 10000}, {""key"": ""medium"", ""min"": 768, ""max"": 991}, {""key"": ""small"", ""min"": 480, ""max"": 767}, {""key"": ""tiny"", ""min"": 0, ""max"": 479}]","[""raw/published/resources/03c1fa8b77cf-dentvitalis33.schunk.6ecbf8a934abc739.js""]",,,
derived,e-1020,e-1020,SCROLL_INTO_VIEW,"[""/prestazioni/sedazione-cosciente""]",e-1020-derived-step-0,0,True,,600,0,0,STYLE_OPACITY,True,"{""id"": ""N/A"", ""appliesTo"": ""TRIGGER_ELEMENT"", ""useEventTarget"": true}",,"{""delay"": 0, ""duration"": 0, ""target"": {""id"": ""N/A"", ""appliesTo"": ""TRIGGER_ELEMENT"", ""useEventTarget"": true}, ""value"": 0}","[{""key"": ""main"", ""min"": 992, ""max"": 10000}, {""key"": ""medium"", ""min"": 768, ""max"": 991}, {""key"": ""small"", ""min"": 480, ""max"": 767}, {""key"": ""tiny"", ""min"": 0, ""max"": 479}]","[""raw/published/resources/03c1fa8b77cf-dentvitalis33.schunk.6ecbf8a934abc739.js""]",,,
derived,e-1020,e-1020,SCROLL_INTO_VIEW,"[""/prestazioni/sedazione-cosciente""]",e-1020-derived-step-1,1,False,0,600,0,0,TRANSFORM_MOVE,True,"{""id"": ""N/A"", ""appliesTo"": ""TRIGGER_ELEMENT"", ""useEventTarget"": true}",,"{""delay"": 0, ""duration"": 0, ""target"": {""id"": ""N/A"", ""appliesTo"": ""TRIGGER_ELEMENT"", ""useEventTarget"": true}, ""xValue"": 0, ""yValue"": 100, ""xUnit"": ""PX"", ""yUnit"": ""PX"", ""zUnit"": ""PX""}","[{""key"": ""main"", ""min"": 992, ""max"": 10000}, {""key"": ""medium"", ""min"": 768, ""max"": 991}, {""key"": ""small"", ""min"": 480, ""max"": 767}, {""key"": ""tiny"", ""min"": 0, ""max"": 479}]","[""raw/published/resources/03c1fa8b77cf-dentvitalis33.schunk.6ecbf8a934abc739.js""]",,,
derived,e-1020,e-1020,SCROLL_INTO_VIEW,"[""/prestazioni/sedazione-cosciente""]",e-1020-derived-step-2,2,False,0,600,0,1000,TRANSFORM_MOVE,True,"{""id"": ""N/A"", ""appliesTo"": ""TRIGGER_ELEMENT"", ""useEventTarget"": true}",outQuart,"{""delay"": 0, ""easing"": ""outQuart"", ""duration"": 1000, ""target"": {""id"": ""N/A"", ""appliesTo"": ""TRIGGER_ELEMENT"", ""useEventTarget"": true}, ""xValue"": 0, ""yValue"": 0, ""xUnit"": ""PX"", ""yUnit"": ""PX"", ""zUnit"": ""PX""}","[{""key"": ""main"", ""min"": 992, ""max"": 10000}, {""key"": ""medium"", ""min"": 768, ""max"": 991}, {""key"": ""small"", ""min"": 480, ""max"": 767}, {""key"": ""tiny"", ""min"": 0, ""max"": 479}]","[""raw/published/resources/03c1fa8b77cf-dentvitalis33.schunk.6ecbf8a934abc739.js""]",,,
derived,e-1020,e-1020,SCROLL_INTO_VIEW,"[""/prestazioni/sedazione-cosciente""]",e-1020-derived-step-3,2,False,0,600,0,1000,STYLE_OPACITY,True,"{""id"": ""N/A"", ""appliesTo"": ""TRIGGER_ELEMENT"", ""useEventTarget"": true}",outQuart,"{""delay"": 0, ""easing"": ""outQuart"", ""duration"": 1000, ""target"": {""id"": ""N/A"", ""appliesTo"": ""TRIGGER_ELEMENT"", ""useEventTarget"": true}, ""value"": 1}","[{""key"": ""main"", ""min"": 992, ""max"": 10000}, {""key"": ""medium"", ""min"": 768, ""max"": 991}, {""key"": ""small"", ""min"": 480, ""max"": 767}, {""key"": ""tiny"", ""min"": 0, ""max"": 479}]","[""raw/published/resources/03c1fa8b77cf-dentvitalis33.schunk.6ecbf8a934abc739.js""]",,,
derived,e-1022,e-1022,SCROLL_INTO_VIEW,"[""/prestazioni/sedazione-cosciente""]",e-1022-derived-step-0,0,True,,200,0,0,STYLE_OPACITY,True,"{""id"": ""N/A"", ""appliesTo"": ""TRIGGER_ELEMENT"", ""useEventTarget"": true}",,"{""delay"": 0, ""duration"": 0, ""target"": {""id"": ""N/A"", ""appliesTo"": ""TRIGGER_ELEMENT"", ""useEventTarget"": true}, ""value"": 0}","[{""key"": ""main"", ""min"": 992, ""max"": 10000}, {""key"": ""medium"", ""min"": 768, ""max"": 991}, {""key"": ""small"", ""min"": 480, ""max"": 767}, {""key"": ""tiny"", ""min"": 0, ""max"": 479}]","[""raw/published/resources/03c1fa8b77cf-dentvitalis33.schunk.6ecbf8a934abc739.js""]",,,
derived,e-1022,e-1022,SCROLL_INTO_VIEW,"[""/prestazioni/sedazione-cosciente""]",e-1022-derived-step-1,1,False,0,200,0,1000,STYLE_OPACITY,True,"{""id"": ""N/A"", ""appliesTo"": ""TRIGGER_ELEMENT"", ""useEventTarget"": true}",outQuart,"{""delay"": 0, ""easing"": ""outQuart"", ""duration"": 1000, ""target"": {""id"": ""N/A"", ""appliesTo"": ""TRIGGER_ELEMENT"", ""useEventTarget"": true}, ""value"": 1}","[{""key"": ""main"", ""min"": 992, ""max"": 10000}, {""key"": ""medium"", ""min"": 768, ""max"": 991}, {""key"": ""small"", ""min"": 480, ""max"": 767}, {""key"": ""tiny"", ""min"": 0, ""max"": 479}]","[""raw/published/resources/03c1fa8b77cf-dentvitalis33.schunk.6ecbf8a934abc739.js""]",,,
derived,e-1024,e-1024,SCROLL_INTO_VIEW,"[""/informazioni/prima-visita-gratuita""]",e-1024-derived-step-0,0,True,,400,0,0,STYLE_OPACITY,True,"{""id"": ""N/A"", ""appliesTo"": ""TRIGGER_ELEMENT"", ""useEventTarget"": true}",,"{""delay"": 0, ""duration"": 0, ""target"": {""id"": ""N/A"", ""appliesTo"": ""TRIGGER_ELEMENT"", ""useEventTarget"": true}, ""value"": 0}","[{""key"": ""main"", ""min"": 992, ""max"": 10000}, {""key"": ""medium"", ""min"": 768, ""max"": 991}, {""key"": ""small"", ""min"": 480, ""max"": 767}, {""key"": ""tiny"", ""min"": 0, ""max"": 479}]","[""raw/published/resources/03c1fa8b77cf-dentvitalis33.schunk.6ecbf8a934abc739.js""]",,,
derived,e-1024,e-1024,SCROLL_INTO_VIEW,"[""/informazioni/prima-visita-gratuita""]",e-1024-derived-step-1,1,False,0,400,0,0,TRANSFORM_MOVE,True,"{""id"": ""N/A"", ""appliesTo"": ""TRIGGER_ELEMENT"", ""useEventTarget"": true}",,"{""delay"": 0, ""duration"": 0, ""target"": {""id"": ""N/A"", ""appliesTo"": ""TRIGGER_ELEMENT"", ""useEventTarget"": true}, ""xValue"": 0, ""yValue"": 100, ""xUnit"": ""PX"", ""yUnit"": ""PX"", ""zUnit"": ""PX""}","[{""key"": ""main"", ""min"": 992, ""max"": 10000}, {""key"": ""medium"", ""min"": 768, ""max"": 991}, {""key"": ""small"", ""min"": 480, ""max"": 767}, {""key"": ""tiny"", ""min"": 0, ""max"": 479}]","[""raw/published/resources/03c1fa8b77cf-dentvitalis33.schunk.6ecbf8a934abc739.js""]",,,
derived,e-1024,e-1024,SCROLL_INTO_VIEW,"[""/informazioni/prima-visita-gratuita""]",e-1024-derived-step-2,2,False,0,400,0,1000,TRANSFORM_MOVE,True,"{""id"": ""N/A"", ""appliesTo"": ""TRIGGER_ELEMENT"", ""useEventTarget"": true}",outQuart,"{""delay"": 0, ""easing"": ""outQuart"", ""duration"": 1000, ""target"": {""id"": ""N/A"", ""appliesTo"": ""TRIGGER_ELEMENT"", ""useEventTarget"": true}, ""xValue"": 0, ""yValue"": 0, ""xUnit"": ""PX"", ""yUnit"": ""PX"", ""zUnit"": ""PX""}","[{""key"": ""main"", ""min"": 992, ""max"": 10000}, {""key"": ""medium"", ""min"": 768, ""max"": 991}, {""key"": ""small"", ""min"": 480, ""max"": 767}, {""key"": ""tiny"", ""min"": 0, ""max"": 479}]","[""raw/published/resources/03c1fa8b77cf-dentvitalis33.schunk.6ecbf8a934abc739.js""]",,,
derived,e-1024,e-1024,SCROLL_INTO_VIEW,"[""/informazioni/prima-visita-gratuita""]",e-1024-derived-step-3,2,False,0,400,0,1000,STYLE_OPACITY,True,"{""id"": ""N/A"", ""appliesTo"": ""TRIGGER_ELEMENT"", ""useEventTarget"": true}",outQuart,"{""delay"": 0, ""easing"": ""outQuart"", ""duration"": 1000, ""target"": {""id"": ""N/A"", ""appliesTo"": ""TRIGGER_ELEMENT"", ""useEventTarget"": true}, ""value"": 1}","[{""key"": ""main"", ""min"": 992, ""max"": 10000}, {""key"": ""medium"", ""min"": 768, ""max"": 991}, {""key"": ""small"", ""min"": 480, ""max"": 767}, {""key"": ""tiny"", ""min"": 0, ""max"": 479}]","[""raw/published/resources/03c1fa8b77cf-dentvitalis33.schunk.6ecbf8a934abc739.js""]",,,
derived,e-1026,e-1026,SCROLL_INTO_VIEW,"[""/informazioni/prima-visita-gratuita""]",e-1026-derived-step-0,0,True,,600,0,0,STYLE_OPACITY,True,"{""id"": ""N/A"", ""appliesTo"": ""TRIGGER_ELEMENT"", ""useEventTarget"": true}",,"{""delay"": 0, ""duration"": 0, ""target"": {""id"": ""N/A"", ""appliesTo"": ""TRIGGER_ELEMENT"", ""useEventTarget"": true}, ""value"": 0}","[{""key"": ""main"", ""min"": 992, ""max"": 10000}, {""key"": ""medium"", ""min"": 768, ""max"": 991}, {""key"": ""small"", ""min"": 480, ""max"": 767}, {""key"": ""tiny"", ""min"": 0, ""max"": 479}]","[""raw/published/resources/03c1fa8b77cf-dentvitalis33.schunk.6ecbf8a934abc739.js""]",,,
derived,e-1026,e-1026,SCROLL_INTO_VIEW,"[""/informazioni/prima-visita-gratuita""]",e-1026-derived-step-1,1,False,0,600,0,0,TRANSFORM_MOVE,True,"{""id"": ""N/A"", ""appliesTo"": ""TRIGGER_ELEMENT"", ""useEventTarget"": true}",,"{""delay"": 0, ""duration"": 0, ""target"": {""id"": ""N/A"", ""appliesTo"": ""TRIGGER_ELEMENT"", ""useEventTarget"": true}, ""xValue"": 0, ""yValue"": 100, ""xUnit"": ""PX"", ""yUnit"": ""PX"", ""zUnit"": ""PX""}","[{""key"": ""main"", ""min"": 992, ""max"": 10000}, {""key"": ""medium"", ""min"": 768, ""max"": 991}, {""key"": ""small"", ""min"": 480, ""max"": 767}, {""key"": ""tiny"", ""min"": 0, ""max"": 479}]","[""raw/published/resources/03c1fa8b77cf-dentvitalis33.schunk.6ecbf8a934abc739.js""]",,,
derived,e-1026,e-1026,SCROLL_INTO_VIEW,"[""/informazioni/prima-visita-gratuita""]",e-1026-derived-step-2,2,False,0,600,0,1000,TRANSFORM_MOVE,True,"{""id"": ""N/A"", ""appliesTo"": ""TRIGGER_ELEMENT"", ""useEventTarget"": true}",outQuart,"{""delay"": 0, ""easing"": ""outQuart"", ""duration"": 1000, ""target"": {""id"": ""N/A"", ""appliesTo"": ""TRIGGER_ELEMENT"", ""useEventTarget"": true}, ""xValue"": 0, ""yValue"": 0, ""xUnit"": ""PX"", ""yUnit"": ""PX"", ""zUnit"": ""PX""}","[{""key"": ""main"", ""min"": 992, ""max"": 10000}, {""key"": ""medium"", ""min"": 768, ""max"": 991}, {""key"": ""small"", ""min"": 480, ""max"": 767}, {""key"": ""tiny"", ""min"": 0, ""max"": 479}]","[""raw/published/resources/03c1fa8b77cf-dentvitalis33.schunk.6ecbf8a934abc739.js""]",,,
derived,e-1026,e-1026,SCROLL_INTO_VIEW,"[""/informazioni/prima-visita-gratuita""]",e-1026-derived-step-3,2,False,0,600,0,1000,STYLE_OPACITY,True,"{""id"": ""N/A"", ""appliesTo"": ""TRIGGER_ELEMENT"", ""useEventTarget"": true}",outQuart,"{""delay"": 0, ""easing"": ""outQuart"", ""duration"": 1000, ""target"": {""id"": ""N/A"", ""appliesTo"": ""TRIGGER_ELEMENT"", ""useEventTarget"": true}, ""value"": 1}","[{""key"": ""main"", ""min"": 992, ""max"": 10000}, {""key"": ""medium"", ""min"": 768, ""max"": 991}, {""key"": ""small"", ""min"": 480, ""max"": 767}, {""key"": ""tiny"", ""min"": 0, ""max"": 479}]","[""raw/published/resources/03c1fa8b77cf-dentvitalis33.schunk.6ecbf8a934abc739.js""]",,,
derived,e-1028,e-1028,SCROLL_INTO_VIEW,"[""/informazioni/prima-visita-gratuita""]",e-1028-derived-step-0,0,True,,200,0,0,STYLE_OPACITY,True,"{""id"": ""N/A"", ""appliesTo"": ""TRIGGER_ELEMENT"", ""useEventTarget"": true}",,"{""delay"": 0, ""duration"": 0, ""target"": {""id"": ""N/A"", ""appliesTo"": ""TRIGGER_ELEMENT"", ""useEventTarget"": true}, ""value"": 0}","[{""key"": ""main"", ""min"": 992, ""max"": 10000}, {""key"": ""medium"", ""min"": 768, ""max"": 991}, {""key"": ""small"", ""min"": 480, ""max"": 767}, {""key"": ""tiny"", ""min"": 0, ""max"": 479}]","[""raw/published/resources/03c1fa8b77cf-dentvitalis33.schunk.6ecbf8a934abc739.js""]",,,
derived,e-1028,e-1028,SCROLL_INTO_VIEW,"[""/informazioni/prima-visita-gratuita""]",e-1028-derived-step-1,1,False,0,200,0,1000,STYLE_OPACITY,True,"{""id"": ""N/A"", ""appliesTo"": ""TRIGGER_ELEMENT"", ""useEventTarget"": true}",outQuart,"{""delay"": 0, ""easing"": ""outQuart"", ""duration"": 1000, ""target"": {""id"": ""N/A"", ""appliesTo"": ""TRIGGER_ELEMENT"", ""useEventTarget"": true}, ""value"": 1}","[{""key"": ""main"", ""min"": 992, ""max"": 10000}, {""key"": ""medium"", ""min"": 768, ""max"": 991}, {""key"": ""small"", ""min"": 480, ""max"": 767}, {""key"": ""tiny"", ""min"": 0, ""max"": 479}]","[""raw/published/resources/03c1fa8b77cf-dentvitalis33.schunk.6ecbf8a934abc739.js""]",,,
derived,e-1030,e-1030,SCROLL_INTO_VIEW,"[""/informazioni/tempi-del-trattamento""]",e-1030-derived-step-0,0,True,,400,0,0,STYLE_OPACITY,True,"{""id"": ""N/A"", ""appliesTo"": ""TRIGGER_ELEMENT"", ""useEventTarget"": true}",,"{""delay"": 0, ""duration"": 0, ""target"": {""id"": ""N/A"", ""appliesTo"": ""TRIGGER_ELEMENT"", ""useEventTarget"": true}, ""value"": 0}","[{""key"": ""main"", ""min"": 992, ""max"": 10000}, {""key"": ""medium"", ""min"": 768, ""max"": 991}, {""key"": ""small"", ""min"": 480, ""max"": 767}, {""key"": ""tiny"", ""min"": 0, ""max"": 479}]","[""raw/published/resources/03c1fa8b77cf-dentvitalis33.schunk.6ecbf8a934abc739.js""]",,,
derived,e-1030,e-1030,SCROLL_INTO_VIEW,"[""/informazioni/tempi-del-trattamento""]",e-1030-derived-step-1,1,False,0,400,0,0,TRANSFORM_MOVE,True,"{""id"": ""N/A"", ""appliesTo"": ""TRIGGER_ELEMENT"", ""useEventTarget"": true}",,"{""delay"": 0, ""duration"": 0, ""target"": {""id"": ""N/A"", ""appliesTo"": ""TRIGGER_ELEMENT"", ""useEventTarget"": true}, ""xValue"": 0, ""yValue"": 100, ""xUnit"": ""PX"", ""yUnit"": ""PX"", ""zUnit"": ""PX""}","[{""key"": ""main"", ""min"": 992, ""max"": 10000}, {""key"": ""medium"", ""min"": 768, ""max"": 991}, {""key"": ""small"", ""min"": 480, ""max"": 767}, {""key"": ""tiny"", ""min"": 0, ""max"": 479}]","[""raw/published/resources/03c1fa8b77cf-dentvitalis33.schunk.6ecbf8a934abc739.js""]",,,
derived,e-1030,e-1030,SCROLL_INTO_VIEW,"[""/informazioni/tempi-del-trattamento""]",e-1030-derived-step-2,2,False,0,400,0,1000,TRANSFORM_MOVE,True,"{""id"": ""N/A"", ""appliesTo"": ""TRIGGER_ELEMENT"", ""useEventTarget"": true}",outQuart,"{""delay"": 0, ""easing"": ""outQuart"", ""duration"": 1000, ""target"": {""id"": ""N/A"", ""appliesTo"": ""TRIGGER_ELEMENT"", ""useEventTarget"": true}, ""xValue"": 0, ""yValue"": 0, ""xUnit"": ""PX"", ""yUnit"": ""PX"", ""zUnit"": ""PX""}","[{""key"": ""main"", ""min"": 992, ""max"": 10000}, {""key"": ""medium"", ""min"": 768, ""max"": 991}, {""key"": ""small"", ""min"": 480, ""max"": 767}, {""key"": ""tiny"", ""min"": 0, ""max"": 479}]","[""raw/published/resources/03c1fa8b77cf-dentvitalis33.schunk.6ecbf8a934abc739.js""]",,,
derived,e-1030,e-1030,SCROLL_INTO_VIEW,"[""/informazioni/tempi-del-trattamento""]",e-1030-derived-step-3,2,False,0,400,0,1000,STYLE_OPACITY,True,"{""id"": ""N/A"", ""appliesTo"": ""TRIGGER_ELEMENT"", ""useEventTarget"": true}",outQuart,"{""delay"": 0, ""easing"": ""outQuart"", ""duration"": 1000, ""target"": {""id"": ""N/A"", ""appliesTo"": ""TRIGGER_ELEMENT"", ""useEventTarget"": true}, ""value"": 1}","[{""key"": ""main"", ""min"": 992, ""max"": 10000}, {""key"": ""medium"", ""min"": 768, ""max"": 991}, {""key"": ""small"", ""min"": 480, ""max"": 767}, {""key"": ""tiny"", ""min"": 0, ""max"": 479}]","[""raw/published/resources/03c1fa8b77cf-dentvitalis33.schunk.6ecbf8a934abc739.js""]",,,
derived,e-1032,e-1032,SCROLL_INTO_VIEW,"[""/informazioni/tempi-del-trattamento""]",e-1032-derived-step-0,0,True,,600,0,0,STYLE_OPACITY,True,"{""id"": ""N/A"", ""appliesTo"": ""TRIGGER_ELEMENT"", ""useEventTarget"": true}",,"{""delay"": 0, ""duration"": 0, ""target"": {""id"": ""N/A"", ""appliesTo"": ""TRIGGER_ELEMENT"", ""useEventTarget"": true}, ""value"": 0}","[{""key"": ""main"", ""min"": 992, ""max"": 10000}, {""key"": ""medium"", ""min"": 768, ""max"": 991}, {""key"": ""small"", ""min"": 480, ""max"": 767}, {""key"": ""tiny"", ""min"": 0, ""max"": 479}]","[""raw/published/resources/03c1fa8b77cf-dentvitalis33.schunk.6ecbf8a934abc739.js""]",,,
derived,e-1032,e-1032,SCROLL_INTO_VIEW,"[""/informazioni/tempi-del-trattamento""]",e-1032-derived-step-1,1,False,0,600,0,0,TRANSFORM_MOVE,True,"{""id"": ""N/A"", ""appliesTo"": ""TRIGGER_ELEMENT"", ""useEventTarget"": true}",,"{""delay"": 0, ""duration"": 0, ""target"": {""id"": ""N/A"", ""appliesTo"": ""TRIGGER_ELEMENT"", ""useEventTarget"": true}, ""xValue"": 0, ""yValue"": 100, ""xUnit"": ""PX"", ""yUnit"": ""PX"", ""zUnit"": ""PX""}","[{""key"": ""main"", ""min"": 992, ""max"": 10000}, {""key"": ""medium"", ""min"": 768, ""max"": 991}, {""key"": ""small"", ""min"": 480, ""max"": 767}, {""key"": ""tiny"", ""min"": 0, ""max"": 479}]","[""raw/published/resources/03c1fa8b77cf-dentvitalis33.schunk.6ecbf8a934abc739.js""]",,,
derived,e-1032,e-1032,SCROLL_INTO_VIEW,"[""/informazioni/tempi-del-trattamento""]",e-1032-derived-step-2,2,False,0,600,0,1000,TRANSFORM_MOVE,True,"{""id"": ""N/A"", ""appliesTo"": ""TRIGGER_ELEMENT"", ""useEventTarget"": true}",outQuart,"{""delay"": 0, ""easing"": ""outQuart"", ""duration"": 1000, ""target"": {""id"": ""N/A"", ""appliesTo"": ""TRIGGER_ELEMENT"", ""useEventTarget"": true}, ""xValue"": 0, ""yValue"": 0, ""xUnit"": ""PX"", ""yUnit"": ""PX"", ""zUnit"": ""PX""}","[{""key"": ""main"", ""min"": 992, ""max"": 10000}, {""key"": ""medium"", ""min"": 768, ""max"": 991}, {""key"": ""small"", ""min"": 480, ""max"": 767}, {""key"": ""tiny"", ""min"": 0, ""max"": 479}]","[""raw/published/resources/03c1fa8b77cf-dentvitalis33.schunk.6ecbf8a934abc739.js""]",,,
derived,e-1032,e-1032,SCROLL_INTO_VIEW,"[""/informazioni/tempi-del-trattamento""]",e-1032-derived-step-3,2,False,0,600,0,1000,STYLE_OPACITY,True,"{""id"": ""N/A"", ""appliesTo"": ""TRIGGER_ELEMENT"", ""useEventTarget"": true}",outQuart,"{""delay"": 0, ""easing"": ""outQuart"", ""duration"": 1000, ""target"": {""id"": ""N/A"", ""appliesTo"": ""TRIGGER_ELEMENT"", ""useEventTarget"": true}, ""value"": 1}","[{""key"": ""main"", ""min"": 992, ""max"": 10000}, {""key"": ""medium"", ""min"": 768, ""max"": 991}, {""key"": ""small"", ""min"": 480, ""max"": 767}, {""key"": ""tiny"", ""min"": 0, ""max"": 479}]","[""raw/published/resources/03c1fa8b77cf-dentvitalis33.schunk.6ecbf8a934abc739.js""]",,,
derived,e-1034,e-1034,SCROLL_INTO_VIEW,"[""/informazioni/tempi-del-trattamento""]",e-1034-derived-step-0,0,True,,200,0,0,STYLE_OPACITY,True,"{""id"": ""N/A"", ""appliesTo"": ""TRIGGER_ELEMENT"", ""useEventTarget"": true}",,"{""delay"": 0, ""duration"": 0, ""target"": {""id"": ""N/A"", ""appliesTo"": ""TRIGGER_ELEMENT"", ""useEventTarget"": true}, ""value"": 0}","[{""key"": ""main"", ""min"": 992, ""max"": 10000}, {""key"": ""medium"", ""min"": 768, ""max"": 991}, {""key"": ""small"", ""min"": 480, ""max"": 767}, {""key"": ""tiny"", ""min"": 0, ""max"": 479}]","[""raw/published/resources/03c1fa8b77cf-dentvitalis33.schunk.6ecbf8a934abc739.js""]",,,
derived,e-1034,e-1034,SCROLL_INTO_VIEW,"[""/informazioni/tempi-del-trattamento""]",e-1034-derived-step-1,1,False,0,200,0,1000,STYLE_OPACITY,True,"{""id"": ""N/A"", ""appliesTo"": ""TRIGGER_ELEMENT"", ""useEventTarget"": true}",outQuart,"{""delay"": 0, ""easing"": ""outQuart"", ""duration"": 1000, ""target"": {""id"": ""N/A"", ""appliesTo"": ""TRIGGER_ELEMENT"", ""useEventTarget"": true}, ""value"": 1}","[{""key"": ""main"", ""min"": 992, ""max"": 10000}, {""key"": ""medium"", ""min"": 768, ""max"": 991}, {""key"": ""small"", ""min"": 480, ""max"": 767}, {""key"": ""tiny"", ""min"": 0, ""max"": 479}]","[""raw/published/resources/03c1fa8b77cf-dentvitalis33.schunk.6ecbf8a934abc739.js""]",,,
derived,e-1036,e-1036,SCROLL_INTO_VIEW,"[""/informazioni/pagamento-flessibile""]",e-1036-derived-step-0,0,True,,400,0,0,STYLE_OPACITY,True,"{""id"": ""N/A"", ""appliesTo"": ""TRIGGER_ELEMENT"", ""useEventTarget"": true}",,"{""delay"": 0, ""duration"": 0, ""target"": {""id"": ""N/A"", ""appliesTo"": ""TRIGGER_ELEMENT"", ""useEventTarget"": true}, ""value"": 0}","[{""key"": ""main"", ""min"": 992, ""max"": 10000}, {""key"": ""medium"", ""min"": 768, ""max"": 991}, {""key"": ""small"", ""min"": 480, ""max"": 767}, {""key"": ""tiny"", ""min"": 0, ""max"": 479}]","[""raw/published/resources/03c1fa8b77cf-dentvitalis33.schunk.6ecbf8a934abc739.js""]",,,
derived,e-1036,e-1036,SCROLL_INTO_VIEW,"[""/informazioni/pagamento-flessibile""]",e-1036-derived-step-1,1,False,0,400,0,0,TRANSFORM_MOVE,True,"{""id"": ""N/A"", ""appliesTo"": ""TRIGGER_ELEMENT"", ""useEventTarget"": true}",,"{""delay"": 0, ""duration"": 0, ""target"": {""id"": ""N/A"", ""appliesTo"": ""TRIGGER_ELEMENT"", ""useEventTarget"": true}, ""xValue"": 0, ""yValue"": 100, ""xUnit"": ""PX"", ""yUnit"": ""PX"", ""zUnit"": ""PX""}","[{""key"": ""main"", ""min"": 992, ""max"": 10000}, {""key"": ""medium"", ""min"": 768, ""max"": 991}, {""key"": ""small"", ""min"": 480, ""max"": 767}, {""key"": ""tiny"", ""min"": 0, ""max"": 479}]","[""raw/published/resources/03c1fa8b77cf-dentvitalis33.schunk.6ecbf8a934abc739.js""]",,,
derived,e-1036,e-1036,SCROLL_INTO_VIEW,"[""/informazioni/pagamento-flessibile""]",e-1036-derived-step-2,2,False,0,400,0,1000,TRANSFORM_MOVE,True,"{""id"": ""N/A"", ""appliesTo"": ""TRIGGER_ELEMENT"", ""useEventTarget"": true}",outQuart,"{""delay"": 0, ""easing"": ""outQuart"", ""duration"": 1000, ""target"": {""id"": ""N/A"", ""appliesTo"": ""TRIGGER_ELEMENT"", ""useEventTarget"": true}, ""xValue"": 0, ""yValue"": 0, ""xUnit"": ""PX"", ""yUnit"": ""PX"", ""zUnit"": ""PX""}","[{""key"": ""main"", ""min"": 992, ""max"": 10000}, {""key"": ""medium"", ""min"": 768, ""max"": 991}, {""key"": ""small"", ""min"": 480, ""max"": 767}, {""key"": ""tiny"", ""min"": 0, ""max"": 479}]","[""raw/published/resources/03c1fa8b77cf-dentvitalis33.schunk.6ecbf8a934abc739.js""]",,,
derived,e-1036,e-1036,SCROLL_INTO_VIEW,"[""/informazioni/pagamento-flessibile""]",e-1036-derived-step-3,2,False,0,400,0,1000,STYLE_OPACITY,True,"{""id"": ""N/A"", ""appliesTo"": ""TRIGGER_ELEMENT"", ""useEventTarget"": true}",outQuart,"{""delay"": 0, ""easing"": ""outQuart"", ""duration"": 1000, ""target"": {""id"": ""N/A"", ""appliesTo"": ""TRIGGER_ELEMENT"", ""useEventTarget"": true}, ""value"": 1}","[{""key"": ""main"", ""min"": 992, ""max"": 10000}, {""key"": ""medium"", ""min"": 768, ""max"": 991}, {""key"": ""small"", ""min"": 480, ""max"": 767}, {""key"": ""tiny"", ""min"": 0, ""max"": 479}]","[""raw/published/resources/03c1fa8b77cf-dentvitalis33.schunk.6ecbf8a934abc739.js""]",,,
derived,e-1038,e-1038,SCROLL_INTO_VIEW,"[""/informazioni/pagamento-flessibile""]",e-1038-derived-step-0,0,True,,600,0,0,STYLE_OPACITY,True,"{""id"": ""N/A"", ""appliesTo"": ""TRIGGER_ELEMENT"", ""useEventTarget"": true}",,"{""delay"": 0, ""duration"": 0, ""target"": {""id"": ""N/A"", ""appliesTo"": ""TRIGGER_ELEMENT"", ""useEventTarget"": true}, ""value"": 0}","[{""key"": ""main"", ""min"": 992, ""max"": 10000}, {""key"": ""medium"", ""min"": 768, ""max"": 991}, {""key"": ""small"", ""min"": 480, ""max"": 767}, {""key"": ""tiny"", ""min"": 0, ""max"": 479}]","[""raw/published/resources/03c1fa8b77cf-dentvitalis33.schunk.6ecbf8a934abc739.js""]",,,
derived,e-1038,e-1038,SCROLL_INTO_VIEW,"[""/informazioni/pagamento-flessibile""]",e-1038-derived-step-1,1,False,0,600,0,0,TRANSFORM_MOVE,True,"{""id"": ""N/A"", ""appliesTo"": ""TRIGGER_ELEMENT"", ""useEventTarget"": true}",,"{""delay"": 0, ""duration"": 0, ""target"": {""id"": ""N/A"", ""appliesTo"": ""TRIGGER_ELEMENT"", ""useEventTarget"": true}, ""xValue"": 0, ""yValue"": 100, ""xUnit"": ""PX"", ""yUnit"": ""PX"", ""zUnit"": ""PX""}","[{""key"": ""main"", ""min"": 992, ""max"": 10000}, {""key"": ""medium"", ""min"": 768, ""max"": 991}, {""key"": ""small"", ""min"": 480, ""max"": 767}, {""key"": ""tiny"", ""min"": 0, ""max"": 479}]","[""raw/published/resources/03c1fa8b77cf-dentvitalis33.schunk.6ecbf8a934abc739.js""]",,,
derived,e-1038,e-1038,SCROLL_INTO_VIEW,"[""/informazioni/pagamento-flessibile""]",e-1038-derived-step-2,2,False,0,600,0,1000,TRANSFORM_MOVE,True,"{""id"": ""N/A"", ""appliesTo"": ""TRIGGER_ELEMENT"", ""useEventTarget"": true}",outQuart,"{""delay"": 0, ""easing"": ""outQuart"", ""duration"": 1000, ""target"": {""id"": ""N/A"", ""appliesTo"": ""TRIGGER_ELEMENT"", ""useEventTarget"": true}, ""xValue"": 0, ""yValue"": 0, ""xUnit"": ""PX"", ""yUnit"": ""PX"", ""zUnit"": ""PX""}","[{""key"": ""main"", ""min"": 992, ""max"": 10000}, {""key"": ""medium"", ""min"": 768, ""max"": 991}, {""key"": ""small"", ""min"": 480, ""max"": 767}, {""key"": ""tiny"", ""min"": 0, ""max"": 479}]","[""raw/published/resources/03c1fa8b77cf-dentvitalis33.schunk.6ecbf8a934abc739.js""]",,,
derived,e-1038,e-1038,SCROLL_INTO_VIEW,"[""/informazioni/pagamento-flessibile""]",e-1038-derived-step-3,2,False,0,600,0,1000,STYLE_OPACITY,True,"{""id"": ""N/A"", ""appliesTo"": ""TRIGGER_ELEMENT"", ""useEventTarget"": true}",outQuart,"{""delay"": 0, ""easing"": ""outQuart"", ""duration"": 1000, ""target"": {""id"": ""N/A"", ""appliesTo"": ""TRIGGER_ELEMENT"", ""useEventTarget"": true}, ""value"": 1}","[{""key"": ""main"", ""min"": 992, ""max"": 10000}, {""key"": ""medium"", ""min"": 768, ""max"": 991}, {""key"": ""small"", ""min"": 480, ""max"": 767}, {""key"": ""tiny"", ""min"": 0, ""max"": 479}]","[""raw/published/resources/03c1fa8b77cf-dentvitalis33.schunk.6ecbf8a934abc739.js""]",,,
derived,e-1040,e-1040,SCROLL_INTO_VIEW,"[""/informazioni/pagamento-flessibile""]",e-1040-derived-step-0,0,True,,200,0,0,STYLE_OPACITY,True,"{""id"": ""N/A"", ""appliesTo"": ""TRIGGER_ELEMENT"", ""useEventTarget"": true}",,"{""delay"": 0, ""duration"": 0, ""target"": {""id"": ""N/A"", ""appliesTo"": ""TRIGGER_ELEMENT"", ""useEventTarget"": true}, ""value"": 0}","[{""key"": ""main"", ""min"": 992, ""max"": 10000}, {""key"": ""medium"", ""min"": 768, ""max"": 991}, {""key"": ""small"", ""min"": 480, ""max"": 767}, {""key"": ""tiny"", ""min"": 0, ""max"": 479}]","[""raw/published/resources/03c1fa8b77cf-dentvitalis33.schunk.6ecbf8a934abc739.js""]",,,
derived,e-1040,e-1040,SCROLL_INTO_VIEW,"[""/informazioni/pagamento-flessibile""]",e-1040-derived-step-1,1,False,0,200,0,1000,STYLE_OPACITY,True,"{""id"": ""N/A"", ""appliesTo"": ""TRIGGER_ELEMENT"", ""useEventTarget"": true}",outQuart,"{""delay"": 0, ""easing"": ""outQuart"", ""duration"": 1000, ""target"": {""id"": ""N/A"", ""appliesTo"": ""TRIGGER_ELEMENT"", ""useEventTarget"": true}, ""value"": 1}","[{""key"": ""main"", ""min"": 992, ""max"": 10000}, {""key"": ""medium"", ""min"": 768, ""max"": 991}, {""key"": ""small"", ""min"": 480, ""max"": 767}, {""key"": ""tiny"", ""min"": 0, ""max"": 479}]","[""raw/published/resources/03c1fa8b77cf-dentvitalis33.schunk.6ecbf8a934abc739.js""]",,,
derived,e-1042,e-1042,SCROLL_INTO_VIEW,"[""/informazioni/garanzie""]",e-1042-derived-step-0,0,True,,400,0,0,STYLE_OPACITY,True,"{""id"": ""N/A"", ""appliesTo"": ""TRIGGER_ELEMENT"", ""useEventTarget"": true}",,"{""delay"": 0, ""duration"": 0, ""target"": {""id"": ""N/A"", ""appliesTo"": ""TRIGGER_ELEMENT"", ""useEventTarget"": true}, ""value"": 0}","[{""key"": ""main"", ""min"": 992, ""max"": 10000}, {""key"": ""medium"", ""min"": 768, ""max"": 991}, {""key"": ""small"", ""min"": 480, ""max"": 767}, {""key"": ""tiny"", ""min"": 0, ""max"": 479}]","[""raw/published/resources/03c1fa8b77cf-dentvitalis33.schunk.6ecbf8a934abc739.js""]",,,
derived,e-1042,e-1042,SCROLL_INTO_VIEW,"[""/informazioni/garanzie""]",e-1042-derived-step-1,1,False,0,400,0,0,TRANSFORM_MOVE,True,"{""id"": ""N/A"", ""appliesTo"": ""TRIGGER_ELEMENT"", ""useEventTarget"": true}",,"{""delay"": 0, ""duration"": 0, ""target"": {""id"": ""N/A"", ""appliesTo"": ""TRIGGER_ELEMENT"", ""useEventTarget"": true}, ""xValue"": 0, ""yValue"": 100, ""xUnit"": ""PX"", ""yUnit"": ""PX"", ""zUnit"": ""PX""}","[{""key"": ""main"", ""min"": 992, ""max"": 10000}, {""key"": ""medium"", ""min"": 768, ""max"": 991}, {""key"": ""small"", ""min"": 480, ""max"": 767}, {""key"": ""tiny"", ""min"": 0, ""max"": 479}]","[""raw/published/resources/03c1fa8b77cf-dentvitalis33.schunk.6ecbf8a934abc739.js""]",,,
derived,e-1042,e-1042,SCROLL_INTO_VIEW,"[""/informazioni/garanzie""]",e-1042-derived-step-2,2,False,0,400,0,1000,TRANSFORM_MOVE,True,"{""id"": ""N/A"", ""appliesTo"": ""TRIGGER_ELEMENT"", ""useEventTarget"": true}",outQuart,"{""delay"": 0, ""easing"": ""outQuart"", ""duration"": 1000, ""target"": {""id"": ""N/A"", ""appliesTo"": ""TRIGGER_ELEMENT"", ""useEventTarget"": true}, ""xValue"": 0, ""yValue"": 0, ""xUnit"": ""PX"", ""yUnit"": ""PX"", ""zUnit"": ""PX""}","[{""key"": ""main"", ""min"": 992, ""max"": 10000}, {""key"": ""medium"", ""min"": 768, ""max"": 991}, {""key"": ""small"", ""min"": 480, ""max"": 767}, {""key"": ""tiny"", ""min"": 0, ""max"": 479}]","[""raw/published/resources/03c1fa8b77cf-dentvitalis33.schunk.6ecbf8a934abc739.js""]",,,
derived,e-1042,e-1042,SCROLL_INTO_VIEW,"[""/informazioni/garanzie""]",e-1042-derived-step-3,2,False,0,400,0,1000,STYLE_OPACITY,True,"{""id"": ""N/A"", ""appliesTo"": ""TRIGGER_ELEMENT"", ""useEventTarget"": true}",outQuart,"{""delay"": 0, ""easing"": ""outQuart"", ""duration"": 1000, ""target"": {""id"": ""N/A"", ""appliesTo"": ""TRIGGER_ELEMENT"", ""useEventTarget"": true}, ""value"": 1}","[{""key"": ""main"", ""min"": 992, ""max"": 10000}, {""key"": ""medium"", ""min"": 768, ""max"": 991}, {""key"": ""small"", ""min"": 480, ""max"": 767}, {""key"": ""tiny"", ""min"": 0, ""max"": 479}]","[""raw/published/resources/03c1fa8b77cf-dentvitalis33.schunk.6ecbf8a934abc739.js""]",,,
derived,e-1044,e-1044,SCROLL_INTO_VIEW,"[""/informazioni/garanzie""]",e-1044-derived-step-0,0,True,,600,0,0,STYLE_OPACITY,True,"{""id"": ""N/A"", ""appliesTo"": ""TRIGGER_ELEMENT"", ""useEventTarget"": true}",,"{""delay"": 0, ""duration"": 0, ""target"": {""id"": ""N/A"", ""appliesTo"": ""TRIGGER_ELEMENT"", ""useEventTarget"": true}, ""value"": 0}","[{""key"": ""main"", ""min"": 992, ""max"": 10000}, {""key"": ""medium"", ""min"": 768, ""max"": 991}, {""key"": ""small"", ""min"": 480, ""max"": 767}, {""key"": ""tiny"", ""min"": 0, ""max"": 479}]","[""raw/published/resources/03c1fa8b77cf-dentvitalis33.schunk.6ecbf8a934abc739.js""]",,,
derived,e-1044,e-1044,SCROLL_INTO_VIEW,"[""/informazioni/garanzie""]",e-1044-derived-step-1,1,False,0,600,0,0,TRANSFORM_MOVE,True,"{""id"": ""N/A"", ""appliesTo"": ""TRIGGER_ELEMENT"", ""useEventTarget"": true}",,"{""delay"": 0, ""duration"": 0, ""target"": {""id"": ""N/A"", ""appliesTo"": ""TRIGGER_ELEMENT"", ""useEventTarget"": true}, ""xValue"": 0, ""yValue"": 100, ""xUnit"": ""PX"", ""yUnit"": ""PX"", ""zUnit"": ""PX""}","[{""key"": ""main"", ""min"": 992, ""max"": 10000}, {""key"": ""medium"", ""min"": 768, ""max"": 991}, {""key"": ""small"", ""min"": 480, ""max"": 767}, {""key"": ""tiny"", ""min"": 0, ""max"": 479}]","[""raw/published/resources/03c1fa8b77cf-dentvitalis33.schunk.6ecbf8a934abc739.js""]",,,
derived,e-1044,e-1044,SCROLL_INTO_VIEW,"[""/informazioni/garanzie""]",e-1044-derived-step-2,2,False,0,600,0,1000,TRANSFORM_MOVE,True,"{""id"": ""N/A"", ""appliesTo"": ""TRIGGER_ELEMENT"", ""useEventTarget"": true}",outQuart,"{""delay"": 0, ""easing"": ""outQuart"", ""duration"": 1000, ""target"": {""id"": ""N/A"", ""appliesTo"": ""TRIGGER_ELEMENT"", ""useEventTarget"": true}, ""xValue"": 0, ""yValue"": 0, ""xUnit"": ""PX"", ""yUnit"": ""PX"", ""zUnit"": ""PX""}","[{""key"": ""main"", ""min"": 992, ""max"": 10000}, {""key"": ""medium"", ""min"": 768, ""max"": 991}, {""key"": ""small"", ""min"": 480, ""max"": 767}, {""key"": ""tiny"", ""min"": 0, ""max"": 479}]","[""raw/published/resources/03c1fa8b77cf-dentvitalis33.schunk.6ecbf8a934abc739.js""]",,,
derived,e-1044,e-1044,SCROLL_INTO_VIEW,"[""/informazioni/garanzie""]",e-1044-derived-step-3,2,False,0,600,0,1000,STYLE_OPACITY,True,"{""id"": ""N/A"", ""appliesTo"": ""TRIGGER_ELEMENT"", ""useEventTarget"": true}",outQuart,"{""delay"": 0, ""easing"": ""outQuart"", ""duration"": 1000, ""target"": {""id"": ""N/A"", ""appliesTo"": ""TRIGGER_ELEMENT"", ""useEventTarget"": true}, ""value"": 1}","[{""key"": ""main"", ""min"": 992, ""max"": 10000}, {""key"": ""medium"", ""min"": 768, ""max"": 991}, {""key"": ""small"", ""min"": 480, ""max"": 767}, {""key"": ""tiny"", ""min"": 0, ""max"": 479}]","[""raw/published/resources/03c1fa8b77cf-dentvitalis33.schunk.6ecbf8a934abc739.js""]",,,
derived,e-1046,e-1046,SCROLL_INTO_VIEW,"[""/informazioni/garanzie""]",e-1046-derived-step-0,0,True,,200,0,0,STYLE_OPACITY,True,"{""id"": ""N/A"", ""appliesTo"": ""TRIGGER_ELEMENT"", ""useEventTarget"": true}",,"{""delay"": 0, ""duration"": 0, ""target"": {""id"": ""N/A"", ""appliesTo"": ""TRIGGER_ELEMENT"", ""useEventTarget"": true}, ""value"": 0}","[{""key"": ""main"", ""min"": 992, ""max"": 10000}, {""key"": ""medium"", ""min"": 768, ""max"": 991}, {""key"": ""small"", ""min"": 480, ""max"": 767}, {""key"": ""tiny"", ""min"": 0, ""max"": 479}]","[""raw/published/resources/03c1fa8b77cf-dentvitalis33.schunk.6ecbf8a934abc739.js""]",,,
derived,e-1046,e-1046,SCROLL_INTO_VIEW,"[""/informazioni/garanzie""]",e-1046-derived-step-1,1,False,0,200,0,1000,STYLE_OPACITY,True,"{""id"": ""N/A"", ""appliesTo"": ""TRIGGER_ELEMENT"", ""useEventTarget"": true}",outQuart,"{""delay"": 0, ""easing"": ""outQuart"", ""duration"": 1000, ""target"": {""id"": ""N/A"", ""appliesTo"": ""TRIGGER_ELEMENT"", ""useEventTarget"": true}, ""value"": 1}","[{""key"": ""main"", ""min"": 992, ""max"": 10000}, {""key"": ""medium"", ""min"": 768, ""max"": 991}, {""key"": ""small"", ""min"": 480, ""max"": 767}, {""key"": ""tiny"", ""min"": 0, ""max"": 479}]","[""raw/published/resources/03c1fa8b77cf-dentvitalis33.schunk.6ecbf8a934abc739.js""]",,,
derived,e-1048,e-1048,SCROLL_INTO_VIEW,"[""/informazioni/listino-prezzi""]",e-1048-derived-step-0,0,True,,400,0,0,STYLE_OPACITY,True,"{""id"": ""N/A"", ""appliesTo"": ""TRIGGER_ELEMENT"", ""useEventTarget"": true}",,"{""delay"": 0, ""duration"": 0, ""target"": {""id"": ""N/A"", ""appliesTo"": ""TRIGGER_ELEMENT"", ""useEventTarget"": true}, ""value"": 0}","[{""key"": ""main"", ""min"": 992, ""max"": 10000}, {""key"": ""medium"", ""min"": 768, ""max"": 991}, {""key"": ""small"", ""min"": 480, ""max"": 767}, {""key"": ""tiny"", ""min"": 0, ""max"": 479}]","[""raw/published/resources/03c1fa8b77cf-dentvitalis33.schunk.6ecbf8a934abc739.js""]",,,
derived,e-1048,e-1048,SCROLL_INTO_VIEW,"[""/informazioni/listino-prezzi""]",e-1048-derived-step-1,1,False,0,400,0,0,TRANSFORM_MOVE,True,"{""id"": ""N/A"", ""appliesTo"": ""TRIGGER_ELEMENT"", ""useEventTarget"": true}",,"{""delay"": 0, ""duration"": 0, ""target"": {""id"": ""N/A"", ""appliesTo"": ""TRIGGER_ELEMENT"", ""useEventTarget"": true}, ""xValue"": 0, ""yValue"": 100, ""xUnit"": ""PX"", ""yUnit"": ""PX"", ""zUnit"": ""PX""}","[{""key"": ""main"", ""min"": 992, ""max"": 10000}, {""key"": ""medium"", ""min"": 768, ""max"": 991}, {""key"": ""small"", ""min"": 480, ""max"": 767}, {""key"": ""tiny"", ""min"": 0, ""max"": 479}]","[""raw/published/resources/03c1fa8b77cf-dentvitalis33.schunk.6ecbf8a934abc739.js""]",,,
derived,e-1048,e-1048,SCROLL_INTO_VIEW,"[""/informazioni/listino-prezzi""]",e-1048-derived-step-2,2,False,0,400,0,1000,TRANSFORM_MOVE,True,"{""id"": ""N/A"", ""appliesTo"": ""TRIGGER_ELEMENT"", ""useEventTarget"": true}",outQuart,"{""delay"": 0, ""easing"": ""outQuart"", ""duration"": 1000, ""target"": {""id"": ""N/A"", ""appliesTo"": ""TRIGGER_ELEMENT"", ""useEventTarget"": true}, ""xValue"": 0, ""yValue"": 0, ""xUnit"": ""PX"", ""yUnit"": ""PX"", ""zUnit"": ""PX""}","[{""key"": ""main"", ""min"": 992, ""max"": 10000}, {""key"": ""medium"", ""min"": 768, ""max"": 991}, {""key"": ""small"", ""min"": 480, ""max"": 767}, {""key"": ""tiny"", ""min"": 0, ""max"": 479}]","[""raw/published/resources/03c1fa8b77cf-dentvitalis33.schunk.6ecbf8a934abc739.js""]",,,
derived,e-1048,e-1048,SCROLL_INTO_VIEW,"[""/informazioni/listino-prezzi""]",e-1048-derived-step-3,2,False,0,400,0,1000,STYLE_OPACITY,True,"{""id"": ""N/A"", ""appliesTo"": ""TRIGGER_ELEMENT"", ""useEventTarget"": true}",outQuart,"{""delay"": 0, ""easing"": ""outQuart"", ""duration"": 1000, ""target"": {""id"": ""N/A"", ""appliesTo"": ""TRIGGER_ELEMENT"", ""useEventTarget"": true}, ""value"": 1}","[{""key"": ""main"", ""min"": 992, ""max"": 10000}, {""key"": ""medium"", ""min"": 768, ""max"": 991}, {""key"": ""small"", ""min"": 480, ""max"": 767}, {""key"": ""tiny"", ""min"": 0, ""max"": 479}]","[""raw/published/resources/03c1fa8b77cf-dentvitalis33.schunk.6ecbf8a934abc739.js""]",,,
derived,e-1050,e-1050,SCROLL_INTO_VIEW,"[""/informazioni/listino-prezzi""]",e-1050-derived-step-0,0,True,,600,0,0,STYLE_OPACITY,True,"{""id"": ""N/A"", ""appliesTo"": ""TRIGGER_ELEMENT"", ""useEventTarget"": true}",,"{""delay"": 0, ""duration"": 0, ""target"": {""id"": ""N/A"", ""appliesTo"": ""TRIGGER_ELEMENT"", ""useEventTarget"": true}, ""value"": 0}","[{""key"": ""main"", ""min"": 992, ""max"": 10000}, {""key"": ""medium"", ""min"": 768, ""max"": 991}, {""key"": ""small"", ""min"": 480, ""max"": 767}, {""key"": ""tiny"", ""min"": 0, ""max"": 479}]","[""raw/published/resources/03c1fa8b77cf-dentvitalis33.schunk.6ecbf8a934abc739.js""]",,,
derived,e-1050,e-1050,SCROLL_INTO_VIEW,"[""/informazioni/listino-prezzi""]",e-1050-derived-step-1,1,False,0,600,0,0,TRANSFORM_MOVE,True,"{""id"": ""N/A"", ""appliesTo"": ""TRIGGER_ELEMENT"", ""useEventTarget"": true}",,"{""delay"": 0, ""duration"": 0, ""target"": {""id"": ""N/A"", ""appliesTo"": ""TRIGGER_ELEMENT"", ""useEventTarget"": true}, ""xValue"": 0, ""yValue"": 100, ""xUnit"": ""PX"", ""yUnit"": ""PX"", ""zUnit"": ""PX""}","[{""key"": ""main"", ""min"": 992, ""max"": 10000}, {""key"": ""medium"", ""min"": 768, ""max"": 991}, {""key"": ""small"", ""min"": 480, ""max"": 767}, {""key"": ""tiny"", ""min"": 0, ""max"": 479}]","[""raw/published/resources/03c1fa8b77cf-dentvitalis33.schunk.6ecbf8a934abc739.js""]",,,
derived,e-1050,e-1050,SCROLL_INTO_VIEW,"[""/informazioni/listino-prezzi""]",e-1050-derived-step-2,2,False,0,600,0,1000,TRANSFORM_MOVE,True,"{""id"": ""N/A"", ""appliesTo"": ""TRIGGER_ELEMENT"", ""useEventTarget"": true}",outQuart,"{""delay"": 0, ""easing"": ""outQuart"", ""duration"": 1000, ""target"": {""id"": ""N/A"", ""appliesTo"": ""TRIGGER_ELEMENT"", ""useEventTarget"": true}, ""xValue"": 0, ""yValue"": 0, ""xUnit"": ""PX"", ""yUnit"": ""PX"", ""zUnit"": ""PX""}","[{""key"": ""main"", ""min"": 992, ""max"": 10000}, {""key"": ""medium"", ""min"": 768, ""max"": 991}, {""key"": ""small"", ""min"": 480, ""max"": 767}, {""key"": ""tiny"", ""min"": 0, ""max"": 479}]","[""raw/published/resources/03c1fa8b77cf-dentvitalis33.schunk.6ecbf8a934abc739.js""]",,,
derived,e-1050,e-1050,SCROLL_INTO_VIEW,"[""/informazioni/listino-prezzi""]",e-1050-derived-step-3,2,False,0,600,0,1000,STYLE_OPACITY,True,"{""id"": ""N/A"", ""appliesTo"": ""TRIGGER_ELEMENT"", ""useEventTarget"": true}",outQuart,"{""delay"": 0, ""easing"": ""outQuart"", ""duration"": 1000, ""target"": {""id"": ""N/A"", ""appliesTo"": ""TRIGGER_ELEMENT"", ""useEventTarget"": true}, ""value"": 1}","[{""key"": ""main"", ""min"": 992, ""max"": 10000}, {""key"": ""medium"", ""min"": 768, ""max"": 991}, {""key"": ""small"", ""min"": 480, ""max"": 767}, {""key"": ""tiny"", ""min"": 0, ""max"": 479}]","[""raw/published/resources/03c1fa8b77cf-dentvitalis33.schunk.6ecbf8a934abc739.js""]",,,
derived,e-1052,e-1052,SCROLL_INTO_VIEW,"[""/informazioni/listino-prezzi""]",e-1052-derived-step-0,0,True,,200,0,0,STYLE_OPACITY,True,"{""id"": ""N/A"", ""appliesTo"": ""TRIGGER_ELEMENT"", ""useEventTarget"": true}",,"{""delay"": 0, ""duration"": 0, ""target"": {""id"": ""N/A"", ""appliesTo"": ""TRIGGER_ELEMENT"", ""useEventTarget"": true}, ""value"": 0}","[{""key"": ""main"", ""min"": 992, ""max"": 10000}, {""key"": ""medium"", ""min"": 768, ""max"": 991}, {""key"": ""small"", ""min"": 480, ""max"": 767}, {""key"": ""tiny"", ""min"": 0, ""max"": 479}]","[""raw/published/resources/03c1fa8b77cf-dentvitalis33.schunk.6ecbf8a934abc739.js""]",,,
derived,e-1052,e-1052,SCROLL_INTO_VIEW,"[""/informazioni/listino-prezzi""]",e-1052-derived-step-1,1,False,0,200,0,1000,STYLE_OPACITY,True,"{""id"": ""N/A"", ""appliesTo"": ""TRIGGER_ELEMENT"", ""useEventTarget"": true}",outQuart,"{""delay"": 0, ""easing"": ""outQuart"", ""duration"": 1000, ""target"": {""id"": ""N/A"", ""appliesTo"": ""TRIGGER_ELEMENT"", ""useEventTarget"": true}, ""value"": 1}","[{""key"": ""main"", ""min"": 992, ""max"": 10000}, {""key"": ""medium"", ""min"": 768, ""max"": 991}, {""key"": ""small"", ""min"": 480, ""max"": 767}, {""key"": ""tiny"", ""min"": 0, ""max"": 479}]","[""raw/published/resources/03c1fa8b77cf-dentvitalis33.schunk.6ecbf8a934abc739.js""]",,,
derived,e-1054,e-1054,SCROLL_INTO_VIEW,[],e-1054-derived-step-0,0,True,,400,0,0,STYLE_OPACITY,True,"{""id"": ""N/A"", ""appliesTo"": ""TRIGGER_ELEMENT"", ""useEventTarget"": true}",,"{""delay"": 0, ""duration"": 0, ""target"": {""id"": ""N/A"", ""appliesTo"": ""TRIGGER_ELEMENT"", ""useEventTarget"": true}, ""value"": 0}","[{""key"": ""main"", ""min"": 992, ""max"": 10000}, {""key"": ""medium"", ""min"": 768, ""max"": 991}, {""key"": ""small"", ""min"": 480, ""max"": 767}, {""key"": ""tiny"", ""min"": 0, ""max"": 479}]","[""raw/published/resources/03c1fa8b77cf-dentvitalis33.schunk.6ecbf8a934abc739.js""]",,,
derived,e-1054,e-1054,SCROLL_INTO_VIEW,[],e-1054-derived-step-1,1,False,0,400,0,0,TRANSFORM_SCALE,True,"{""id"": ""N/A"", ""appliesTo"": ""TRIGGER_ELEMENT"", ""useEventTarget"": true}",,"{""delay"": 0, ""duration"": 0, ""target"": {""id"": ""N/A"", ""appliesTo"": ""TRIGGER_ELEMENT"", ""useEventTarget"": true}, ""xValue"": 0.7500000000000001, ""yValue"": 0.7500000000000001}","[{""key"": ""main"", ""min"": 992, ""max"": 10000}, {""key"": ""medium"", ""min"": 768, ""max"": 991}, {""key"": ""small"", ""min"": 480, ""max"": 767}, {""key"": ""tiny"", ""min"": 0, ""max"": 479}]","[""raw/published/resources/03c1fa8b77cf-dentvitalis33.schunk.6ecbf8a934abc739.js""]",,,
derived,e-1054,e-1054,SCROLL_INTO_VIEW,[],e-1054-derived-step-2,2,False,0,400,0,1000,TRANSFORM_SCALE,True,"{""id"": ""N/A"", ""appliesTo"": ""TRIGGER_ELEMENT"", ""useEventTarget"": true}",outQuart,"{""delay"": 0, ""easing"": ""outQuart"", ""duration"": 1000, ""target"": {""id"": ""N/A"", ""appliesTo"": ""TRIGGER_ELEMENT"", ""useEventTarget"": true}, ""xValue"": 1, ""yValue"": 1}","[{""key"": ""main"", ""min"": 992, ""max"": 10000}, {""key"": ""medium"", ""min"": 768, ""max"": 991}, {""key"": ""small"", ""min"": 480, ""max"": 767}, {""key"": ""tiny"", ""min"": 0, ""max"": 479}]","[""raw/published/resources/03c1fa8b77cf-dentvitalis33.schunk.6ecbf8a934abc739.js""]",,,
derived,e-1054,e-1054,SCROLL_INTO_VIEW,[],e-1054-derived-step-3,2,False,0,400,0,1000,STYLE_OPACITY,True,"{""id"": ""N/A"", ""appliesTo"": ""TRIGGER_ELEMENT"", ""useEventTarget"": true}",outQuart,"{""delay"": 0, ""easing"": ""outQuart"", ""duration"": 1000, ""target"": {""id"": ""N/A"", ""appliesTo"": ""TRIGGER_ELEMENT"", ""useEventTarget"": true}, ""value"": 1}","[{""key"": ""main"", ""min"": 992, ""max"": 10000}, {""key"": ""medium"", ""min"": 768, ""max"": 991}, {""key"": ""small"", ""min"": 480, ""max"": 767}, {""key"": ""tiny"", ""min"": 0, ""max"": 479}]","[""raw/published/resources/03c1fa8b77cf-dentvitalis33.schunk.6ecbf8a934abc739.js""]",,,
derived,e-1056,e-1056,SCROLL_INTO_VIEW,[],e-1056-derived-step-0,0,True,,600,0,0,STYLE_OPACITY,True,"{""id"": ""N/A"", ""appliesTo"": ""TRIGGER_ELEMENT"", ""useEventTarget"": true}",,"{""delay"": 0, ""duration"": 0, ""target"": {""id"": ""N/A"", ""appliesTo"": ""TRIGGER_ELEMENT"", ""useEventTarget"": true}, ""value"": 0}","[{""key"": ""main"", ""min"": 992, ""max"": 10000}, {""key"": ""medium"", ""min"": 768, ""max"": 991}, {""key"": ""small"", ""min"": 480, ""max"": 767}, {""key"": ""tiny"", ""min"": 0, ""max"": 479}]","[""raw/published/resources/03c1fa8b77cf-dentvitalis33.schunk.6ecbf8a934abc739.js""]",,,
derived,e-1056,e-1056,SCROLL_INTO_VIEW,[],e-1056-derived-step-1,1,False,0,600,0,0,TRANSFORM_SCALE,True,"{""id"": ""N/A"", ""appliesTo"": ""TRIGGER_ELEMENT"", ""useEventTarget"": true}",,"{""delay"": 0, ""duration"": 0, ""target"": {""id"": ""N/A"", ""appliesTo"": ""TRIGGER_ELEMENT"", ""useEventTarget"": true}, ""xValue"": 0.7500000000000001, ""yValue"": 0.7500000000000001}","[{""key"": ""main"", ""min"": 992, ""max"": 10000}, {""key"": ""medium"", ""min"": 768, ""max"": 991}, {""key"": ""small"", ""min"": 480, ""max"": 767}, {""key"": ""tiny"", ""min"": 0, ""max"": 479}]","[""raw/published/resources/03c1fa8b77cf-dentvitalis33.schunk.6ecbf8a934abc739.js""]",,,
derived,e-1056,e-1056,SCROLL_INTO_VIEW,[],e-1056-derived-step-2,2,False,0,600,0,1000,TRANSFORM_SCALE,True,"{""id"": ""N/A"", ""appliesTo"": ""TRIGGER_ELEMENT"", ""useEventTarget"": true}",outQuart,"{""delay"": 0, ""easing"": ""outQuart"", ""duration"": 1000, ""target"": {""id"": ""N/A"", ""appliesTo"": ""TRIGGER_ELEMENT"", ""useEventTarget"": true}, ""xValue"": 1, ""yValue"": 1}","[{""key"": ""main"", ""min"": 992, ""max"": 10000}, {""key"": ""medium"", ""min"": 768, ""max"": 991}, {""key"": ""small"", ""min"": 480, ""max"": 767}, {""key"": ""tiny"", ""min"": 0, ""max"": 479}]","[""raw/published/resources/03c1fa8b77cf-dentvitalis33.schunk.6ecbf8a934abc739.js""]",,,
derived,e-1056,e-1056,SCROLL_INTO_VIEW,[],e-1056-derived-step-3,2,False,0,600,0,1000,STYLE_OPACITY,True,"{""id"": ""N/A"", ""appliesTo"": ""TRIGGER_ELEMENT"", ""useEventTarget"": true}",outQuart,"{""delay"": 0, ""easing"": ""outQuart"", ""duration"": 1000, ""target"": {""id"": ""N/A"", ""appliesTo"": ""TRIGGER_ELEMENT"", ""useEventTarget"": true}, ""value"": 1}","[{""key"": ""main"", ""min"": 992, ""max"": 10000}, {""key"": ""medium"", ""min"": 768, ""max"": 991}, {""key"": ""small"", ""min"": 480, ""max"": 767}, {""key"": ""tiny"", ""min"": 0, ""max"": 479}]","[""raw/published/resources/03c1fa8b77cf-dentvitalis33.schunk.6ecbf8a934abc739.js""]",,,
derived,e-1058,e-1058,SCROLL_INTO_VIEW,[],e-1058-derived-step-0,0,True,,200,0,0,STYLE_OPACITY,True,"{""id"": ""N/A"", ""appliesTo"": ""TRIGGER_ELEMENT"", ""useEventTarget"": true}",,"{""delay"": 0, ""duration"": 0, ""target"": {""id"": ""N/A"", ""appliesTo"": ""TRIGGER_ELEMENT"", ""useEventTarget"": true}, ""value"": 0}","[{""key"": ""main"", ""min"": 992, ""max"": 10000}, {""key"": ""medium"", ""min"": 768, ""max"": 991}, {""key"": ""small"", ""min"": 480, ""max"": 767}, {""key"": ""tiny"", ""min"": 0, ""max"": 479}]","[""raw/published/resources/03c1fa8b77cf-dentvitalis33.schunk.6ecbf8a934abc739.js""]",,,
derived,e-1058,e-1058,SCROLL_INTO_VIEW,[],e-1058-derived-step-1,1,False,0,200,0,1000,STYLE_OPACITY,True,"{""id"": ""N/A"", ""appliesTo"": ""TRIGGER_ELEMENT"", ""useEventTarget"": true}",outQuart,"{""delay"": 0, ""easing"": ""outQuart"", ""duration"": 1000, ""target"": {""id"": ""N/A"", ""appliesTo"": ""TRIGGER_ELEMENT"", ""useEventTarget"": true}, ""value"": 1}","[{""key"": ""main"", ""min"": 992, ""max"": 10000}, {""key"": ""medium"", ""min"": 768, ""max"": 991}, {""key"": ""small"", ""min"": 480, ""max"": 767}, {""key"": ""tiny"", ""min"": 0, ""max"": 479}]","[""raw/published/resources/03c1fa8b77cf-dentvitalis33.schunk.6ecbf8a934abc739.js""]",,,
derived,e-1066,e-1066,SCROLL_INTO_VIEW,"[""/testimonianze""]",e-1066-derived-step-0,0,True,,1000,0,0,STYLE_OPACITY,True,"{""id"": ""N/A"", ""appliesTo"": ""TRIGGER_ELEMENT"", ""useEventTarget"": true}",,"{""delay"": 0, ""duration"": 0, ""target"": {""id"": ""N/A"", ""appliesTo"": ""TRIGGER_ELEMENT"", ""useEventTarget"": true}, ""value"": 0}","[{""key"": ""main"", ""min"": 992, ""max"": 10000}]","[""raw/published/resources/03c1fa8b77cf-dentvitalis33.schunk.6ecbf8a934abc739.js""]",,,
derived,e-1066,e-1066,SCROLL_INTO_VIEW,"[""/testimonianze""]",e-1066-derived-step-1,1,False,0,1000,0,0,TRANSFORM_MOVE,True,"{""id"": ""N/A"", ""appliesTo"": ""TRIGGER_ELEMENT"", ""useEventTarget"": true}",,"{""delay"": 0, ""duration"": 0, ""target"": {""id"": ""N/A"", ""appliesTo"": ""TRIGGER_ELEMENT"", ""useEventTarget"": true}, ""xValue"": 0, ""yValue"": 100, ""xUnit"": ""PX"", ""yUnit"": ""PX"", ""zUnit"": ""PX""}","[{""key"": ""main"", ""min"": 992, ""max"": 10000}]","[""raw/published/resources/03c1fa8b77cf-dentvitalis33.schunk.6ecbf8a934abc739.js""]",,,
derived,e-1066,e-1066,SCROLL_INTO_VIEW,"[""/testimonianze""]",e-1066-derived-step-2,2,False,0,1000,0,1000,TRANSFORM_MOVE,True,"{""id"": ""N/A"", ""appliesTo"": ""TRIGGER_ELEMENT"", ""useEventTarget"": true}",outQuart,"{""delay"": 0, ""easing"": ""outQuart"", ""duration"": 1000, ""target"": {""id"": ""N/A"", ""appliesTo"": ""TRIGGER_ELEMENT"", ""useEventTarget"": true}, ""xValue"": 0, ""yValue"": 0, ""xUnit"": ""PX"", ""yUnit"": ""PX"", ""zUnit"": ""PX""}","[{""key"": ""main"", ""min"": 992, ""max"": 10000}]","[""raw/published/resources/03c1fa8b77cf-dentvitalis33.schunk.6ecbf8a934abc739.js""]",,,
derived,e-1066,e-1066,SCROLL_INTO_VIEW,"[""/testimonianze""]",e-1066-derived-step-3,2,False,0,1000,0,1000,STYLE_OPACITY,True,"{""id"": ""N/A"", ""appliesTo"": ""TRIGGER_ELEMENT"", ""useEventTarget"": true}",outQuart,"{""delay"": 0, ""easing"": ""outQuart"", ""duration"": 1000, ""target"": {""id"": ""N/A"", ""appliesTo"": ""TRIGGER_ELEMENT"", ""useEventTarget"": true}, ""value"": 1}","[{""key"": ""main"", ""min"": 992, ""max"": 10000}]","[""raw/published/resources/03c1fa8b77cf-dentvitalis33.schunk.6ecbf8a934abc739.js""]",,,
derived,e-1068,e-1068,SCROLL_INTO_VIEW,"[""/testimonianze""]",e-1068-derived-step-0,0,True,,400,0,0,STYLE_OPACITY,True,"{""id"": ""N/A"", ""appliesTo"": ""TRIGGER_ELEMENT"", ""useEventTarget"": true}",,"{""delay"": 0, ""duration"": 0, ""target"": {""id"": ""N/A"", ""appliesTo"": ""TRIGGER_ELEMENT"", ""useEventTarget"": true}, ""value"": 0}","[{""key"": ""main"", ""min"": 992, ""max"": 10000}, {""key"": ""medium"", ""min"": 768, ""max"": 991}, {""key"": ""small"", ""min"": 480, ""max"": 767}, {""key"": ""tiny"", ""min"": 0, ""max"": 479}]","[""raw/published/resources/03c1fa8b77cf-dentvitalis33.schunk.6ecbf8a934abc739.js""]",,,
derived,e-1068,e-1068,SCROLL_INTO_VIEW,"[""/testimonianze""]",e-1068-derived-step-1,1,False,0,400,0,0,TRANSFORM_MOVE,True,"{""id"": ""N/A"", ""appliesTo"": ""TRIGGER_ELEMENT"", ""useEventTarget"": true}",,"{""delay"": 0, ""duration"": 0, ""target"": {""id"": ""N/A"", ""appliesTo"": ""TRIGGER_ELEMENT"", ""useEventTarget"": true}, ""xValue"": 0, ""yValue"": 100, ""xUnit"": ""PX"", ""yUnit"": ""PX"", ""zUnit"": ""PX""}","[{""key"": ""main"", ""min"": 992, ""max"": 10000}, {""key"": ""medium"", ""min"": 768, ""max"": 991}, {""key"": ""small"", ""min"": 480, ""max"": 767}, {""key"": ""tiny"", ""min"": 0, ""max"": 479}]","[""raw/published/resources/03c1fa8b77cf-dentvitalis33.schunk.6ecbf8a934abc739.js""]",,,
derived,e-1068,e-1068,SCROLL_INTO_VIEW,"[""/testimonianze""]",e-1068-derived-step-2,2,False,0,400,0,1000,TRANSFORM_MOVE,True,"{""id"": ""N/A"", ""appliesTo"": ""TRIGGER_ELEMENT"", ""useEventTarget"": true}",outQuart,"{""delay"": 0, ""easing"": ""outQuart"", ""duration"": 1000, ""target"": {""id"": ""N/A"", ""appliesTo"": ""TRIGGER_ELEMENT"", ""useEventTarget"": true}, ""xValue"": 0, ""yValue"": 0, ""xUnit"": ""PX"", ""yUnit"": ""PX"", ""zUnit"": ""PX""}","[{""key"": ""main"", ""min"": 992, ""max"": 10000}, {""key"": ""medium"", ""min"": 768, ""max"": 991}, {""key"": ""small"", ""min"": 480, ""max"": 767}, {""key"": ""tiny"", ""min"": 0, ""max"": 479}]","[""raw/published/resources/03c1fa8b77cf-dentvitalis33.schunk.6ecbf8a934abc739.js""]",,,
derived,e-1068,e-1068,SCROLL_INTO_VIEW,"[""/testimonianze""]",e-1068-derived-step-3,2,False,0,400,0,1000,STYLE_OPACITY,True,"{""id"": ""N/A"", ""appliesTo"": ""TRIGGER_ELEMENT"", ""useEventTarget"": true}",outQuart,"{""delay"": 0, ""easing"": ""outQuart"", ""duration"": 1000, ""target"": {""id"": ""N/A"", ""appliesTo"": ""TRIGGER_ELEMENT"", ""useEventTarget"": true}, ""value"": 1}","[{""key"": ""main"", ""min"": 992, ""max"": 10000}, {""key"": ""medium"", ""min"": 768, ""max"": 991}, {""key"": ""small"", ""min"": 480, ""max"": 767}, {""key"": ""tiny"", ""min"": 0, ""max"": 479}]","[""raw/published/resources/03c1fa8b77cf-dentvitalis33.schunk.6ecbf8a934abc739.js""]",,,
derived,e-1070,e-1070,SCROLL_INTO_VIEW,"[""/testimonianze""]",e-1070-derived-step-0,0,True,,600,0,0,STYLE_OPACITY,True,"{""id"": ""N/A"", ""appliesTo"": ""TRIGGER_ELEMENT"", ""useEventTarget"": true}",,"{""delay"": 0, ""duration"": 0, ""target"": {""id"": ""N/A"", ""appliesTo"": ""TRIGGER_ELEMENT"", ""useEventTarget"": true}, ""value"": 0}","[{""key"": ""main"", ""min"": 992, ""max"": 10000}, {""key"": ""medium"", ""min"": 768, ""max"": 991}, {""key"": ""small"", ""min"": 480, ""max"": 767}, {""key"": ""tiny"", ""min"": 0, ""max"": 479}]","[""raw/published/resources/03c1fa8b77cf-dentvitalis33.schunk.6ecbf8a934abc739.js""]",,,
derived,e-1070,e-1070,SCROLL_INTO_VIEW,"[""/testimonianze""]",e-1070-derived-step-1,1,False,0,600,0,0,TRANSFORM_MOVE,True,"{""id"": ""N/A"", ""appliesTo"": ""TRIGGER_ELEMENT"", ""useEventTarget"": true}",,"{""delay"": 0, ""duration"": 0, ""target"": {""id"": ""N/A"", ""appliesTo"": ""TRIGGER_ELEMENT"", ""useEventTarget"": true}, ""xValue"": 0, ""yValue"": 100, ""xUnit"": ""PX"", ""yUnit"": ""PX"", ""zUnit"": ""PX""}","[{""key"": ""main"", ""min"": 992, ""max"": 10000}, {""key"": ""medium"", ""min"": 768, ""max"": 991}, {""key"": ""small"", ""min"": 480, ""max"": 767}, {""key"": ""tiny"", ""min"": 0, ""max"": 479}]","[""raw/published/resources/03c1fa8b77cf-dentvitalis33.schunk.6ecbf8a934abc739.js""]",,,
derived,e-1070,e-1070,SCROLL_INTO_VIEW,"[""/testimonianze""]",e-1070-derived-step-2,2,False,0,600,0,1000,TRANSFORM_MOVE,True,"{""id"": ""N/A"", ""appliesTo"": ""TRIGGER_ELEMENT"", ""useEventTarget"": true}",outQuart,"{""delay"": 0, ""easing"": ""outQuart"", ""duration"": 1000, ""target"": {""id"": ""N/A"", ""appliesTo"": ""TRIGGER_ELEMENT"", ""useEventTarget"": true}, ""xValue"": 0, ""yValue"": 0, ""xUnit"": ""PX"", ""yUnit"": ""PX"", ""zUnit"": ""PX""}","[{""key"": ""main"", ""min"": 992, ""max"": 10000}, {""key"": ""medium"", ""min"": 768, ""max"": 991}, {""key"": ""small"", ""min"": 480, ""max"": 767}, {""key"": ""tiny"", ""min"": 0, ""max"": 479}]","[""raw/published/resources/03c1fa8b77cf-dentvitalis33.schunk.6ecbf8a934abc739.js""]",,,
derived,e-1070,e-1070,SCROLL_INTO_VIEW,"[""/testimonianze""]",e-1070-derived-step-3,2,False,0,600,0,1000,STYLE_OPACITY,True,"{""id"": ""N/A"", ""appliesTo"": ""TRIGGER_ELEMENT"", ""useEventTarget"": true}",outQuart,"{""delay"": 0, ""easing"": ""outQuart"", ""duration"": 1000, ""target"": {""id"": ""N/A"", ""appliesTo"": ""TRIGGER_ELEMENT"", ""useEventTarget"": true}, ""value"": 1}","[{""key"": ""main"", ""min"": 992, ""max"": 10000}, {""key"": ""medium"", ""min"": 768, ""max"": 991}, {""key"": ""small"", ""min"": 480, ""max"": 767}, {""key"": ""tiny"", ""min"": 0, ""max"": 479}]","[""raw/published/resources/03c1fa8b77cf-dentvitalis33.schunk.6ecbf8a934abc739.js""]",,,
derived,e-1072,e-1072,SCROLL_INTO_VIEW,"[""/testimonianze""]",e-1072-derived-step-0,0,True,,200,0,0,STYLE_OPACITY,True,"{""id"": ""N/A"", ""appliesTo"": ""TRIGGER_ELEMENT"", ""useEventTarget"": true}",,"{""delay"": 0, ""duration"": 0, ""target"": {""id"": ""N/A"", ""appliesTo"": ""TRIGGER_ELEMENT"", ""useEventTarget"": true}, ""value"": 0}","[{""key"": ""main"", ""min"": 992, ""max"": 10000}, {""key"": ""medium"", ""min"": 768, ""max"": 991}, {""key"": ""small"", ""min"": 480, ""max"": 767}, {""key"": ""tiny"", ""min"": 0, ""max"": 479}]","[""raw/published/resources/03c1fa8b77cf-dentvitalis33.schunk.6ecbf8a934abc739.js""]",,,
derived,e-1072,e-1072,SCROLL_INTO_VIEW,"[""/testimonianze""]",e-1072-derived-step-1,1,False,0,200,0,1000,STYLE_OPACITY,True,"{""id"": ""N/A"", ""appliesTo"": ""TRIGGER_ELEMENT"", ""useEventTarget"": true}",outQuart,"{""delay"": 0, ""easing"": ""outQuart"", ""duration"": 1000, ""target"": {""id"": ""N/A"", ""appliesTo"": ""TRIGGER_ELEMENT"", ""useEventTarget"": true}, ""value"": 1}","[{""key"": ""main"", ""min"": 992, ""max"": 10000}, {""key"": ""medium"", ""min"": 768, ""max"": 991}, {""key"": ""small"", ""min"": 480, ""max"": 767}, {""key"": ""tiny"", ""min"": 0, ""max"": 479}]","[""raw/published/resources/03c1fa8b77cf-dentvitalis33.schunk.6ecbf8a934abc739.js""]",,,
derived,e-1074,e-1074,SCROLL_INTO_VIEW,"[""/faq""]",e-1074-derived-step-0,0,True,,400,0,0,STYLE_OPACITY,True,"{""id"": ""N/A"", ""appliesTo"": ""TRIGGER_ELEMENT"", ""useEventTarget"": true}",,"{""delay"": 0, ""duration"": 0, ""target"": {""id"": ""N/A"", ""appliesTo"": ""TRIGGER_ELEMENT"", ""useEventTarget"": true}, ""value"": 0}","[{""key"": ""main"", ""min"": 992, ""max"": 10000}, {""key"": ""medium"", ""min"": 768, ""max"": 991}, {""key"": ""small"", ""min"": 480, ""max"": 767}, {""key"": ""tiny"", ""min"": 0, ""max"": 479}]","[""raw/published/resources/03c1fa8b77cf-dentvitalis33.schunk.6ecbf8a934abc739.js""]",,,
derived,e-1074,e-1074,SCROLL_INTO_VIEW,"[""/faq""]",e-1074-derived-step-1,1,False,0,400,0,0,TRANSFORM_MOVE,True,"{""id"": ""N/A"", ""appliesTo"": ""TRIGGER_ELEMENT"", ""useEventTarget"": true}",,"{""delay"": 0, ""duration"": 0, ""target"": {""id"": ""N/A"", ""appliesTo"": ""TRIGGER_ELEMENT"", ""useEventTarget"": true}, ""xValue"": 0, ""yValue"": 100, ""xUnit"": ""PX"", ""yUnit"": ""PX"", ""zUnit"": ""PX""}","[{""key"": ""main"", ""min"": 992, ""max"": 10000}, {""key"": ""medium"", ""min"": 768, ""max"": 991}, {""key"": ""small"", ""min"": 480, ""max"": 767}, {""key"": ""tiny"", ""min"": 0, ""max"": 479}]","[""raw/published/resources/03c1fa8b77cf-dentvitalis33.schunk.6ecbf8a934abc739.js""]",,,
derived,e-1074,e-1074,SCROLL_INTO_VIEW,"[""/faq""]",e-1074-derived-step-2,2,False,0,400,0,1000,TRANSFORM_MOVE,True,"{""id"": ""N/A"", ""appliesTo"": ""TRIGGER_ELEMENT"", ""useEventTarget"": true}",outQuart,"{""delay"": 0, ""easing"": ""outQuart"", ""duration"": 1000, ""target"": {""id"": ""N/A"", ""appliesTo"": ""TRIGGER_ELEMENT"", ""useEventTarget"": true}, ""xValue"": 0, ""yValue"": 0, ""xUnit"": ""PX"", ""yUnit"": ""PX"", ""zUnit"": ""PX""}","[{""key"": ""main"", ""min"": 992, ""max"": 10000}, {""key"": ""medium"", ""min"": 768, ""max"": 991}, {""key"": ""small"", ""min"": 480, ""max"": 767}, {""key"": ""tiny"", ""min"": 0, ""max"": 479}]","[""raw/published/resources/03c1fa8b77cf-dentvitalis33.schunk.6ecbf8a934abc739.js""]",,,
derived,e-1074,e-1074,SCROLL_INTO_VIEW,"[""/faq""]",e-1074-derived-step-3,2,False,0,400,0,1000,STYLE_OPACITY,True,"{""id"": ""N/A"", ""appliesTo"": ""TRIGGER_ELEMENT"", ""useEventTarget"": true}",outQuart,"{""delay"": 0, ""easing"": ""outQuart"", ""duration"": 1000, ""target"": {""id"": ""N/A"", ""appliesTo"": ""TRIGGER_ELEMENT"", ""useEventTarget"": true}, ""value"": 1}","[{""key"": ""main"", ""min"": 992, ""max"": 10000}, {""key"": ""medium"", ""min"": 768, ""max"": 991}, {""key"": ""small"", ""min"": 480, ""max"": 767}, {""key"": ""tiny"", ""min"": 0, ""max"": 479}]","[""raw/published/resources/03c1fa8b77cf-dentvitalis33.schunk.6ecbf8a934abc739.js""]",,,
derived,e-1076,e-1076,SCROLL_INTO_VIEW,"[""/faq""]",e-1076-derived-step-0,0,True,,600,0,0,STYLE_OPACITY,True,"{""id"": ""N/A"", ""appliesTo"": ""TRIGGER_ELEMENT"", ""useEventTarget"": true}",,"{""delay"": 0, ""duration"": 0, ""target"": {""id"": ""N/A"", ""appliesTo"": ""TRIGGER_ELEMENT"", ""useEventTarget"": true}, ""value"": 0}","[{""key"": ""main"", ""min"": 992, ""max"": 10000}, {""key"": ""medium"", ""min"": 768, ""max"": 991}, {""key"": ""small"", ""min"": 480, ""max"": 767}, {""key"": ""tiny"", ""min"": 0, ""max"": 479}]","[""raw/published/resources/03c1fa8b77cf-dentvitalis33.schunk.6ecbf8a934abc739.js""]",,,
derived,e-1076,e-1076,SCROLL_INTO_VIEW,"[""/faq""]",e-1076-derived-step-1,1,False,0,600,0,0,TRANSFORM_MOVE,True,"{""id"": ""N/A"", ""appliesTo"": ""TRIGGER_ELEMENT"", ""useEventTarget"": true}",,"{""delay"": 0, ""duration"": 0, ""target"": {""id"": ""N/A"", ""appliesTo"": ""TRIGGER_ELEMENT"", ""useEventTarget"": true}, ""xValue"": 0, ""yValue"": 100, ""xUnit"": ""PX"", ""yUnit"": ""PX"", ""zUnit"": ""PX""}","[{""key"": ""main"", ""min"": 992, ""max"": 10000}, {""key"": ""medium"", ""min"": 768, ""max"": 991}, {""key"": ""small"", ""min"": 480, ""max"": 767}, {""key"": ""tiny"", ""min"": 0, ""max"": 479}]","[""raw/published/resources/03c1fa8b77cf-dentvitalis33.schunk.6ecbf8a934abc739.js""]",,,
derived,e-1076,e-1076,SCROLL_INTO_VIEW,"[""/faq""]",e-1076-derived-step-2,2,False,0,600,0,1000,TRANSFORM_MOVE,True,"{""id"": ""N/A"", ""appliesTo"": ""TRIGGER_ELEMENT"", ""useEventTarget"": true}",outQuart,"{""delay"": 0, ""easing"": ""outQuart"", ""duration"": 1000, ""target"": {""id"": ""N/A"", ""appliesTo"": ""TRIGGER_ELEMENT"", ""useEventTarget"": true}, ""xValue"": 0, ""yValue"": 0, ""xUnit"": ""PX"", ""yUnit"": ""PX"", ""zUnit"": ""PX""}","[{""key"": ""main"", ""min"": 992, ""max"": 10000}, {""key"": ""medium"", ""min"": 768, ""max"": 991}, {""key"": ""small"", ""min"": 480, ""max"": 767}, {""key"": ""tiny"", ""min"": 0, ""max"": 479}]","[""raw/published/resources/03c1fa8b77cf-dentvitalis33.schunk.6ecbf8a934abc739.js""]",,,
derived,e-1076,e-1076,SCROLL_INTO_VIEW,"[""/faq""]",e-1076-derived-step-3,2,False,0,600,0,1000,STYLE_OPACITY,True,"{""id"": ""N/A"", ""appliesTo"": ""TRIGGER_ELEMENT"", ""useEventTarget"": true}",outQuart,"{""delay"": 0, ""easing"": ""outQuart"", ""duration"": 1000, ""target"": {""id"": ""N/A"", ""appliesTo"": ""TRIGGER_ELEMENT"", ""useEventTarget"": true}, ""value"": 1}","[{""key"": ""main"", ""min"": 992, ""max"": 10000}, {""key"": ""medium"", ""min"": 768, ""max"": 991}, {""key"": ""small"", ""min"": 480, ""max"": 767}, {""key"": ""tiny"", ""min"": 0, ""max"": 479}]","[""raw/published/resources/03c1fa8b77cf-dentvitalis33.schunk.6ecbf8a934abc739.js""]",,,
derived,e-1078,e-1078,SCROLL_INTO_VIEW,"[""/faq""]",e-1078-derived-step-0,0,True,,200,0,0,STYLE_OPACITY,True,"{""id"": ""N/A"", ""appliesTo"": ""TRIGGER_ELEMENT"", ""useEventTarget"": true}",,"{""delay"": 0, ""duration"": 0, ""target"": {""id"": ""N/A"", ""appliesTo"": ""TRIGGER_ELEMENT"", ""useEventTarget"": true}, ""value"": 0}","[{""key"": ""main"", ""min"": 992, ""max"": 10000}, {""key"": ""medium"", ""min"": 768, ""max"": 991}, {""key"": ""small"", ""min"": 480, ""max"": 767}, {""key"": ""tiny"", ""min"": 0, ""max"": 479}]","[""raw/published/resources/03c1fa8b77cf-dentvitalis33.schunk.6ecbf8a934abc739.js""]",,,
derived,e-1078,e-1078,SCROLL_INTO_VIEW,"[""/faq""]",e-1078-derived-step-1,1,False,0,200,0,1000,STYLE_OPACITY,True,"{""id"": ""N/A"", ""appliesTo"": ""TRIGGER_ELEMENT"", ""useEventTarget"": true}",outQuart,"{""delay"": 0, ""easing"": ""outQuart"", ""duration"": 1000, ""target"": {""id"": ""N/A"", ""appliesTo"": ""TRIGGER_ELEMENT"", ""useEventTarget"": true}, ""value"": 1}","[{""key"": ""main"", ""min"": 992, ""max"": 10000}, {""key"": ""medium"", ""min"": 768, ""max"": 991}, {""key"": ""small"", ""min"": 480, ""max"": 767}, {""key"": ""tiny"", ""min"": 0, ""max"": 479}]","[""raw/published/resources/03c1fa8b77cf-dentvitalis33.schunk.6ecbf8a934abc739.js""]",,,
derived,e-1080,e-1080,SCROLL_INTO_VIEW,"[""/domande-e-risposte""]",e-1080-derived-step-0,0,True,,400,0,0,STYLE_OPACITY,True,"{""id"": ""N/A"", ""appliesTo"": ""TRIGGER_ELEMENT"", ""useEventTarget"": true}",,"{""delay"": 0, ""duration"": 0, ""target"": {""id"": ""N/A"", ""appliesTo"": ""TRIGGER_ELEMENT"", ""useEventTarget"": true}, ""value"": 0}","[{""key"": ""main"", ""min"": 992, ""max"": 10000}, {""key"": ""medium"", ""min"": 768, ""max"": 991}, {""key"": ""small"", ""min"": 480, ""max"": 767}, {""key"": ""tiny"", ""min"": 0, ""max"": 479}]","[""raw/published/resources/03c1fa8b77cf-dentvitalis33.schunk.6ecbf8a934abc739.js""]",,,
derived,e-1080,e-1080,SCROLL_INTO_VIEW,"[""/domande-e-risposte""]",e-1080-derived-step-1,1,False,0,400,0,0,TRANSFORM_MOVE,True,"{""id"": ""N/A"", ""appliesTo"": ""TRIGGER_ELEMENT"", ""useEventTarget"": true}",,"{""delay"": 0, ""duration"": 0, ""target"": {""id"": ""N/A"", ""appliesTo"": ""TRIGGER_ELEMENT"", ""useEventTarget"": true}, ""xValue"": 0, ""yValue"": 100, ""xUnit"": ""PX"", ""yUnit"": ""PX"", ""zUnit"": ""PX""}","[{""key"": ""main"", ""min"": 992, ""max"": 10000}, {""key"": ""medium"", ""min"": 768, ""max"": 991}, {""key"": ""small"", ""min"": 480, ""max"": 767}, {""key"": ""tiny"", ""min"": 0, ""max"": 479}]","[""raw/published/resources/03c1fa8b77cf-dentvitalis33.schunk.6ecbf8a934abc739.js""]",,,
derived,e-1080,e-1080,SCROLL_INTO_VIEW,"[""/domande-e-risposte""]",e-1080-derived-step-2,2,False,0,400,0,1000,TRANSFORM_MOVE,True,"{""id"": ""N/A"", ""appliesTo"": ""TRIGGER_ELEMENT"", ""useEventTarget"": true}",outQuart,"{""delay"": 0, ""easing"": ""outQuart"", ""duration"": 1000, ""target"": {""id"": ""N/A"", ""appliesTo"": ""TRIGGER_ELEMENT"", ""useEventTarget"": true}, ""xValue"": 0, ""yValue"": 0, ""xUnit"": ""PX"", ""yUnit"": ""PX"", ""zUnit"": ""PX""}","[{""key"": ""main"", ""min"": 992, ""max"": 10000}, {""key"": ""medium"", ""min"": 768, ""max"": 991}, {""key"": ""small"", ""min"": 480, ""max"": 767}, {""key"": ""tiny"", ""min"": 0, ""max"": 479}]","[""raw/published/resources/03c1fa8b77cf-dentvitalis33.schunk.6ecbf8a934abc739.js""]",,,
derived,e-1080,e-1080,SCROLL_INTO_VIEW,"[""/domande-e-risposte""]",e-1080-derived-step-3,2,False,0,400,0,1000,STYLE_OPACITY,True,"{""id"": ""N/A"", ""appliesTo"": ""TRIGGER_ELEMENT"", ""useEventTarget"": true}",outQuart,"{""delay"": 0, ""easing"": ""outQuart"", ""duration"": 1000, ""target"": {""id"": ""N/A"", ""appliesTo"": ""TRIGGER_ELEMENT"", ""useEventTarget"": true}, ""value"": 1}","[{""key"": ""main"", ""min"": 992, ""max"": 10000}, {""key"": ""medium"", ""min"": 768, ""max"": 991}, {""key"": ""small"", ""min"": 480, ""max"": 767}, {""key"": ""tiny"", ""min"": 0, ""max"": 479}]","[""raw/published/resources/03c1fa8b77cf-dentvitalis33.schunk.6ecbf8a934abc739.js""]",,,
derived,e-1082,e-1082,SCROLL_INTO_VIEW,"[""/domande-e-risposte""]",e-1082-derived-step-0,0,True,,600,0,0,STYLE_OPACITY,True,"{""id"": ""N/A"", ""appliesTo"": ""TRIGGER_ELEMENT"", ""useEventTarget"": true}",,"{""delay"": 0, ""duration"": 0, ""target"": {""id"": ""N/A"", ""appliesTo"": ""TRIGGER_ELEMENT"", ""useEventTarget"": true}, ""value"": 0}","[{""key"": ""main"", ""min"": 992, ""max"": 10000}, {""key"": ""medium"", ""min"": 768, ""max"": 991}, {""key"": ""small"", ""min"": 480, ""max"": 767}, {""key"": ""tiny"", ""min"": 0, ""max"": 479}]","[""raw/published/resources/03c1fa8b77cf-dentvitalis33.schunk.6ecbf8a934abc739.js""]",,,
derived,e-1082,e-1082,SCROLL_INTO_VIEW,"[""/domande-e-risposte""]",e-1082-derived-step-1,1,False,0,600,0,0,TRANSFORM_MOVE,True,"{""id"": ""N/A"", ""appliesTo"": ""TRIGGER_ELEMENT"", ""useEventTarget"": true}",,"{""delay"": 0, ""duration"": 0, ""target"": {""id"": ""N/A"", ""appliesTo"": ""TRIGGER_ELEMENT"", ""useEventTarget"": true}, ""xValue"": 0, ""yValue"": 100, ""xUnit"": ""PX"", ""yUnit"": ""PX"", ""zUnit"": ""PX""}","[{""key"": ""main"", ""min"": 992, ""max"": 10000}, {""key"": ""medium"", ""min"": 768, ""max"": 991}, {""key"": ""small"", ""min"": 480, ""max"": 767}, {""key"": ""tiny"", ""min"": 0, ""max"": 479}]","[""raw/published/resources/03c1fa8b77cf-dentvitalis33.schunk.6ecbf8a934abc739.js""]",,,
derived,e-1082,e-1082,SCROLL_INTO_VIEW,"[""/domande-e-risposte""]",e-1082-derived-step-2,2,False,0,600,0,1000,TRANSFORM_MOVE,True,"{""id"": ""N/A"", ""appliesTo"": ""TRIGGER_ELEMENT"", ""useEventTarget"": true}",outQuart,"{""delay"": 0, ""easing"": ""outQuart"", ""duration"": 1000, ""target"": {""id"": ""N/A"", ""appliesTo"": ""TRIGGER_ELEMENT"", ""useEventTarget"": true}, ""xValue"": 0, ""yValue"": 0, ""xUnit"": ""PX"", ""yUnit"": ""PX"", ""zUnit"": ""PX""}","[{""key"": ""main"", ""min"": 992, ""max"": 10000}, {""key"": ""medium"", ""min"": 768, ""max"": 991}, {""key"": ""small"", ""min"": 480, ""max"": 767}, {""key"": ""tiny"", ""min"": 0, ""max"": 479}]","[""raw/published/resources/03c1fa8b77cf-dentvitalis33.schunk.6ecbf8a934abc739.js""]",,,
derived,e-1082,e-1082,SCROLL_INTO_VIEW,"[""/domande-e-risposte""]",e-1082-derived-step-3,2,False,0,600,0,1000,STYLE_OPACITY,True,"{""id"": ""N/A"", ""appliesTo"": ""TRIGGER_ELEMENT"", ""useEventTarget"": true}",outQuart,"{""delay"": 0, ""easing"": ""outQuart"", ""duration"": 1000, ""target"": {""id"": ""N/A"", ""appliesTo"": ""TRIGGER_ELEMENT"", ""useEventTarget"": true}, ""value"": 1}","[{""key"": ""main"", ""min"": 992, ""max"": 10000}, {""key"": ""medium"", ""min"": 768, ""max"": 991}, {""key"": ""small"", ""min"": 480, ""max"": 767}, {""key"": ""tiny"", ""min"": 0, ""max"": 479}]","[""raw/published/resources/03c1fa8b77cf-dentvitalis33.schunk.6ecbf8a934abc739.js""]",,,
derived,e-1084,e-1084,SCROLL_INTO_VIEW,"[""/domande-e-risposte""]",e-1084-derived-step-0,0,True,,200,0,0,STYLE_OPACITY,True,"{""id"": ""N/A"", ""appliesTo"": ""TRIGGER_ELEMENT"", ""useEventTarget"": true}",,"{""delay"": 0, ""duration"": 0, ""target"": {""id"": ""N/A"", ""appliesTo"": ""TRIGGER_ELEMENT"", ""useEventTarget"": true}, ""value"": 0}","[{""key"": ""main"", ""min"": 992, ""max"": 10000}, {""key"": ""medium"", ""min"": 768, ""max"": 991}, {""key"": ""small"", ""min"": 480, ""max"": 767}, {""key"": ""tiny"", ""min"": 0, ""max"": 479}]","[""raw/published/resources/03c1fa8b77cf-dentvitalis33.schunk.6ecbf8a934abc739.js""]",,,
derived,e-1084,e-1084,SCROLL_INTO_VIEW,"[""/domande-e-risposte""]",e-1084-derived-step-1,1,False,0,200,0,1000,STYLE_OPACITY,True,"{""id"": ""N/A"", ""appliesTo"": ""TRIGGER_ELEMENT"", ""useEventTarget"": true}",outQuart,"{""delay"": 0, ""easing"": ""outQuart"", ""duration"": 1000, ""target"": {""id"": ""N/A"", ""appliesTo"": ""TRIGGER_ELEMENT"", ""useEventTarget"": true}, ""value"": 1}","[{""key"": ""main"", ""min"": 992, ""max"": 10000}, {""key"": ""medium"", ""min"": 768, ""max"": 991}, {""key"": ""small"", ""min"": 480, ""max"": 767}, {""key"": ""tiny"", ""min"": 0, ""max"": 479}]","[""raw/published/resources/03c1fa8b77cf-dentvitalis33.schunk.6ecbf8a934abc739.js""]",,,
derived,e-1086,e-1086,SCROLL_INTO_VIEW,"[""/contatti""]",e-1086-derived-step-0,0,True,,400,0,0,STYLE_OPACITY,True,"{""id"": ""N/A"", ""appliesTo"": ""TRIGGER_ELEMENT"", ""useEventTarget"": true}",,"{""delay"": 0, ""duration"": 0, ""target"": {""id"": ""N/A"", ""appliesTo"": ""TRIGGER_ELEMENT"", ""useEventTarget"": true}, ""value"": 0}","[{""key"": ""main"", ""min"": 992, ""max"": 10000}, {""key"": ""medium"", ""min"": 768, ""max"": 991}, {""key"": ""small"", ""min"": 480, ""max"": 767}, {""key"": ""tiny"", ""min"": 0, ""max"": 479}]","[""raw/published/resources/03c1fa8b77cf-dentvitalis33.schunk.6ecbf8a934abc739.js""]",,,
derived,e-1086,e-1086,SCROLL_INTO_VIEW,"[""/contatti""]",e-1086-derived-step-1,1,False,0,400,0,0,TRANSFORM_MOVE,True,"{""id"": ""N/A"", ""appliesTo"": ""TRIGGER_ELEMENT"", ""useEventTarget"": true}",,"{""delay"": 0, ""duration"": 0, ""target"": {""id"": ""N/A"", ""appliesTo"": ""TRIGGER_ELEMENT"", ""useEventTarget"": true}, ""xValue"": 0, ""yValue"": 100, ""xUnit"": ""PX"", ""yUnit"": ""PX"", ""zUnit"": ""PX""}","[{""key"": ""main"", ""min"": 992, ""max"": 10000}, {""key"": ""medium"", ""min"": 768, ""max"": 991}, {""key"": ""small"", ""min"": 480, ""max"": 767}, {""key"": ""tiny"", ""min"": 0, ""max"": 479}]","[""raw/published/resources/03c1fa8b77cf-dentvitalis33.schunk.6ecbf8a934abc739.js""]",,,
derived,e-1086,e-1086,SCROLL_INTO_VIEW,"[""/contatti""]",e-1086-derived-step-2,2,False,0,400,0,1000,TRANSFORM_MOVE,True,"{""id"": ""N/A"", ""appliesTo"": ""TRIGGER_ELEMENT"", ""useEventTarget"": true}",outQuart,"{""delay"": 0, ""easing"": ""outQuart"", ""duration"": 1000, ""target"": {""id"": ""N/A"", ""appliesTo"": ""TRIGGER_ELEMENT"", ""useEventTarget"": true}, ""xValue"": 0, ""yValue"": 0, ""xUnit"": ""PX"", ""yUnit"": ""PX"", ""zUnit"": ""PX""}","[{""key"": ""main"", ""min"": 992, ""max"": 10000}, {""key"": ""medium"", ""min"": 768, ""max"": 991}, {""key"": ""small"", ""min"": 480, ""max"": 767}, {""key"": ""tiny"", ""min"": 0, ""max"": 479}]","[""raw/published/resources/03c1fa8b77cf-dentvitalis33.schunk.6ecbf8a934abc739.js""]",,,
derived,e-1086,e-1086,SCROLL_INTO_VIEW,"[""/contatti""]",e-1086-derived-step-3,2,False,0,400,0,1000,STYLE_OPACITY,True,"{""id"": ""N/A"", ""appliesTo"": ""TRIGGER_ELEMENT"", ""useEventTarget"": true}",outQuart,"{""delay"": 0, ""easing"": ""outQuart"", ""duration"": 1000, ""target"": {""id"": ""N/A"", ""appliesTo"": ""TRIGGER_ELEMENT"", ""useEventTarget"": true}, ""value"": 1}","[{""key"": ""main"", ""min"": 992, ""max"": 10000}, {""key"": ""medium"", ""min"": 768, ""max"": 991}, {""key"": ""small"", ""min"": 480, ""max"": 767}, {""key"": ""tiny"", ""min"": 0, ""max"": 479}]","[""raw/published/resources/03c1fa8b77cf-dentvitalis33.schunk.6ecbf8a934abc739.js""]",,,
derived,e-1088,e-1088,SCROLL_INTO_VIEW,"[""/contatti""]",e-1088-derived-step-0,0,True,,600,0,0,STYLE_OPACITY,True,"{""id"": ""N/A"", ""appliesTo"": ""TRIGGER_ELEMENT"", ""useEventTarget"": true}",,"{""delay"": 0, ""duration"": 0, ""target"": {""id"": ""N/A"", ""appliesTo"": ""TRIGGER_ELEMENT"", ""useEventTarget"": true}, ""value"": 0}","[{""key"": ""main"", ""min"": 992, ""max"": 10000}, {""key"": ""medium"", ""min"": 768, ""max"": 991}, {""key"": ""small"", ""min"": 480, ""max"": 767}, {""key"": ""tiny"", ""min"": 0, ""max"": 479}]","[""raw/published/resources/03c1fa8b77cf-dentvitalis33.schunk.6ecbf8a934abc739.js""]",,,
derived,e-1088,e-1088,SCROLL_INTO_VIEW,"[""/contatti""]",e-1088-derived-step-1,1,False,0,600,0,0,TRANSFORM_MOVE,True,"{""id"": ""N/A"", ""appliesTo"": ""TRIGGER_ELEMENT"", ""useEventTarget"": true}",,"{""delay"": 0, ""duration"": 0, ""target"": {""id"": ""N/A"", ""appliesTo"": ""TRIGGER_ELEMENT"", ""useEventTarget"": true}, ""xValue"": 0, ""yValue"": 100, ""xUnit"": ""PX"", ""yUnit"": ""PX"", ""zUnit"": ""PX""}","[{""key"": ""main"", ""min"": 992, ""max"": 10000}, {""key"": ""medium"", ""min"": 768, ""max"": 991}, {""key"": ""small"", ""min"": 480, ""max"": 767}, {""key"": ""tiny"", ""min"": 0, ""max"": 479}]","[""raw/published/resources/03c1fa8b77cf-dentvitalis33.schunk.6ecbf8a934abc739.js""]",,,
derived,e-1088,e-1088,SCROLL_INTO_VIEW,"[""/contatti""]",e-1088-derived-step-2,2,False,0,600,0,1000,TRANSFORM_MOVE,True,"{""id"": ""N/A"", ""appliesTo"": ""TRIGGER_ELEMENT"", ""useEventTarget"": true}",outQuart,"{""delay"": 0, ""easing"": ""outQuart"", ""duration"": 1000, ""target"": {""id"": ""N/A"", ""appliesTo"": ""TRIGGER_ELEMENT"", ""useEventTarget"": true}, ""xValue"": 0, ""yValue"": 0, ""xUnit"": ""PX"", ""yUnit"": ""PX"", ""zUnit"": ""PX""}","[{""key"": ""main"", ""min"": 992, ""max"": 10000}, {""key"": ""medium"", ""min"": 768, ""max"": 991}, {""key"": ""small"", ""min"": 480, ""max"": 767}, {""key"": ""tiny"", ""min"": 0, ""max"": 479}]","[""raw/published/resources/03c1fa8b77cf-dentvitalis33.schunk.6ecbf8a934abc739.js""]",,,
derived,e-1088,e-1088,SCROLL_INTO_VIEW,"[""/contatti""]",e-1088-derived-step-3,2,False,0,600,0,1000,STYLE_OPACITY,True,"{""id"": ""N/A"", ""appliesTo"": ""TRIGGER_ELEMENT"", ""useEventTarget"": true}",outQuart,"{""delay"": 0, ""easing"": ""outQuart"", ""duration"": 1000, ""target"": {""id"": ""N/A"", ""appliesTo"": ""TRIGGER_ELEMENT"", ""useEventTarget"": true}, ""value"": 1}","[{""key"": ""main"", ""min"": 992, ""max"": 10000}, {""key"": ""medium"", ""min"": 768, ""max"": 991}, {""key"": ""small"", ""min"": 480, ""max"": 767}, {""key"": ""tiny"", ""min"": 0, ""max"": 479}]","[""raw/published/resources/03c1fa8b77cf-dentvitalis33.schunk.6ecbf8a934abc739.js""]",,,
derived,e-1090,e-1090,SCROLL_INTO_VIEW,"[""/contatti""]",e-1090-derived-step-0,0,True,,200,0,0,STYLE_OPACITY,True,"{""id"": ""N/A"", ""appliesTo"": ""TRIGGER_ELEMENT"", ""useEventTarget"": true}",,"{""delay"": 0, ""duration"": 0, ""target"": {""id"": ""N/A"", ""appliesTo"": ""TRIGGER_ELEMENT"", ""useEventTarget"": true}, ""value"": 0}","[{""key"": ""main"", ""min"": 992, ""max"": 10000}, {""key"": ""medium"", ""min"": 768, ""max"": 991}, {""key"": ""small"", ""min"": 480, ""max"": 767}, {""key"": ""tiny"", ""min"": 0, ""max"": 479}]","[""raw/published/resources/03c1fa8b77cf-dentvitalis33.schunk.6ecbf8a934abc739.js""]",,,
derived,e-1090,e-1090,SCROLL_INTO_VIEW,"[""/contatti""]",e-1090-derived-step-1,1,False,0,200,0,1000,STYLE_OPACITY,True,"{""id"": ""N/A"", ""appliesTo"": ""TRIGGER_ELEMENT"", ""useEventTarget"": true}",outQuart,"{""delay"": 0, ""easing"": ""outQuart"", ""duration"": 1000, ""target"": {""id"": ""N/A"", ""appliesTo"": ""TRIGGER_ELEMENT"", ""useEventTarget"": true}, ""value"": 1}","[{""key"": ""main"", ""min"": 992, ""max"": 10000}, {""key"": ""medium"", ""min"": 768, ""max"": 991}, {""key"": ""small"", ""min"": 480, ""max"": 767}, {""key"": ""tiny"", ""min"": 0, ""max"": 479}]","[""raw/published/resources/03c1fa8b77cf-dentvitalis33.schunk.6ecbf8a934abc739.js""]",,,
derived,e-1092,e-1092,SCROLL_INTO_VIEW,[],e-1092-derived-step-0,0,True,,400,0,0,STYLE_OPACITY,True,"{""id"": ""N/A"", ""appliesTo"": ""TRIGGER_ELEMENT"", ""useEventTarget"": true}",,"{""delay"": 0, ""duration"": 0, ""target"": {""id"": ""N/A"", ""appliesTo"": ""TRIGGER_ELEMENT"", ""useEventTarget"": true}, ""value"": 0}","[{""key"": ""main"", ""min"": 992, ""max"": 10000}, {""key"": ""medium"", ""min"": 768, ""max"": 991}, {""key"": ""small"", ""min"": 480, ""max"": 767}, {""key"": ""tiny"", ""min"": 0, ""max"": 479}]","[""raw/published/resources/03c1fa8b77cf-dentvitalis33.schunk.6ecbf8a934abc739.js""]",,,
derived,e-1092,e-1092,SCROLL_INTO_VIEW,[],e-1092-derived-step-1,1,False,0,400,0,0,TRANSFORM_SCALE,True,"{""id"": ""N/A"", ""appliesTo"": ""TRIGGER_ELEMENT"", ""useEventTarget"": true}",,"{""delay"": 0, ""duration"": 0, ""target"": {""id"": ""N/A"", ""appliesTo"": ""TRIGGER_ELEMENT"", ""useEventTarget"": true}, ""xValue"": 0.7500000000000001, ""yValue"": 0.7500000000000001}","[{""key"": ""main"", ""min"": 992, ""max"": 10000}, {""key"": ""medium"", ""min"": 768, ""max"": 991}, {""key"": ""small"", ""min"": 480, ""max"": 767}, {""key"": ""tiny"", ""min"": 0, ""max"": 479}]","[""raw/published/resources/03c1fa8b77cf-dentvitalis33.schunk.6ecbf8a934abc739.js""]",,,
derived,e-1092,e-1092,SCROLL_INTO_VIEW,[],e-1092-derived-step-2,2,False,0,400,0,1000,TRANSFORM_SCALE,True,"{""id"": ""N/A"", ""appliesTo"": ""TRIGGER_ELEMENT"", ""useEventTarget"": true}",outQuart,"{""delay"": 0, ""easing"": ""outQuart"", ""duration"": 1000, ""target"": {""id"": ""N/A"", ""appliesTo"": ""TRIGGER_ELEMENT"", ""useEventTarget"": true}, ""xValue"": 1, ""yValue"": 1}","[{""key"": ""main"", ""min"": 992, ""max"": 10000}, {""key"": ""medium"", ""min"": 768, ""max"": 991}, {""key"": ""small"", ""min"": 480, ""max"": 767}, {""key"": ""tiny"", ""min"": 0, ""max"": 479}]","[""raw/published/resources/03c1fa8b77cf-dentvitalis33.schunk.6ecbf8a934abc739.js""]",,,
derived,e-1092,e-1092,SCROLL_INTO_VIEW,[],e-1092-derived-step-3,2,False,0,400,0,1000,STYLE_OPACITY,True,"{""id"": ""N/A"", ""appliesTo"": ""TRIGGER_ELEMENT"", ""useEventTarget"": true}",outQuart,"{""delay"": 0, ""easing"": ""outQuart"", ""duration"": 1000, ""target"": {""id"": ""N/A"", ""appliesTo"": ""TRIGGER_ELEMENT"", ""useEventTarget"": true}, ""value"": 1}","[{""key"": ""main"", ""min"": 992, ""max"": 10000}, {""key"": ""medium"", ""min"": 768, ""max"": 991}, {""key"": ""small"", ""min"": 480, ""max"": 767}, {""key"": ""tiny"", ""min"": 0, ""max"": 479}]","[""raw/published/resources/03c1fa8b77cf-dentvitalis33.schunk.6ecbf8a934abc739.js""]",,,
derived,e-1094,e-1094,SCROLL_INTO_VIEW,[],e-1094-derived-step-0,0,True,,600,0,0,STYLE_OPACITY,True,"{""id"": ""N/A"", ""appliesTo"": ""TRIGGER_ELEMENT"", ""useEventTarget"": true}",,"{""delay"": 0, ""duration"": 0, ""target"": {""id"": ""N/A"", ""appliesTo"": ""TRIGGER_ELEMENT"", ""useEventTarget"": true}, ""value"": 0}","[{""key"": ""main"", ""min"": 992, ""max"": 10000}, {""key"": ""medium"", ""min"": 768, ""max"": 991}, {""key"": ""small"", ""min"": 480, ""max"": 767}, {""key"": ""tiny"", ""min"": 0, ""max"": 479}]","[""raw/published/resources/03c1fa8b77cf-dentvitalis33.schunk.6ecbf8a934abc739.js""]",,,
derived,e-1094,e-1094,SCROLL_INTO_VIEW,[],e-1094-derived-step-1,1,False,0,600,0,0,TRANSFORM_SCALE,True,"{""id"": ""N/A"", ""appliesTo"": ""TRIGGER_ELEMENT"", ""useEventTarget"": true}",,"{""delay"": 0, ""duration"": 0, ""target"": {""id"": ""N/A"", ""appliesTo"": ""TRIGGER_ELEMENT"", ""useEventTarget"": true}, ""xValue"": 0.7500000000000001, ""yValue"": 0.7500000000000001}","[{""key"": ""main"", ""min"": 992, ""max"": 10000}, {""key"": ""medium"", ""min"": 768, ""max"": 991}, {""key"": ""small"", ""min"": 480, ""max"": 767}, {""key"": ""tiny"", ""min"": 0, ""max"": 479}]","[""raw/published/resources/03c1fa8b77cf-dentvitalis33.schunk.6ecbf8a934abc739.js""]",,,
derived,e-1094,e-1094,SCROLL_INTO_VIEW,[],e-1094-derived-step-2,2,False,0,600,0,1000,TRANSFORM_SCALE,True,"{""id"": ""N/A"", ""appliesTo"": ""TRIGGER_ELEMENT"", ""useEventTarget"": true}",outQuart,"{""delay"": 0, ""easing"": ""outQuart"", ""duration"": 1000, ""target"": {""id"": ""N/A"", ""appliesTo"": ""TRIGGER_ELEMENT"", ""useEventTarget"": true}, ""xValue"": 1, ""yValue"": 1}","[{""key"": ""main"", ""min"": 992, ""max"": 10000}, {""key"": ""medium"", ""min"": 768, ""max"": 991}, {""key"": ""small"", ""min"": 480, ""max"": 767}, {""key"": ""tiny"", ""min"": 0, ""max"": 479}]","[""raw/published/resources/03c1fa8b77cf-dentvitalis33.schunk.6ecbf8a934abc739.js""]",,,
derived,e-1094,e-1094,SCROLL_INTO_VIEW,[],e-1094-derived-step-3,2,False,0,600,0,1000,STYLE_OPACITY,True,"{""id"": ""N/A"", ""appliesTo"": ""TRIGGER_ELEMENT"", ""useEventTarget"": true}",outQuart,"{""delay"": 0, ""easing"": ""outQuart"", ""duration"": 1000, ""target"": {""id"": ""N/A"", ""appliesTo"": ""TRIGGER_ELEMENT"", ""useEventTarget"": true}, ""value"": 1}","[{""key"": ""main"", ""min"": 992, ""max"": 10000}, {""key"": ""medium"", ""min"": 768, ""max"": 991}, {""key"": ""small"", ""min"": 480, ""max"": 767}, {""key"": ""tiny"", ""min"": 0, ""max"": 479}]","[""raw/published/resources/03c1fa8b77cf-dentvitalis33.schunk.6ecbf8a934abc739.js""]",,,
derived,e-1096,e-1096,SCROLL_INTO_VIEW,[],e-1096-derived-step-0,0,True,,200,0,0,STYLE_OPACITY,True,"{""id"": ""N/A"", ""appliesTo"": ""TRIGGER_ELEMENT"", ""useEventTarget"": true}",,"{""delay"": 0, ""duration"": 0, ""target"": {""id"": ""N/A"", ""appliesTo"": ""TRIGGER_ELEMENT"", ""useEventTarget"": true}, ""value"": 0}","[{""key"": ""main"", ""min"": 992, ""max"": 10000}, {""key"": ""medium"", ""min"": 768, ""max"": 991}, {""key"": ""small"", ""min"": 480, ""max"": 767}, {""key"": ""tiny"", ""min"": 0, ""max"": 479}]","[""raw/published/resources/03c1fa8b77cf-dentvitalis33.schunk.6ecbf8a934abc739.js""]",,,
derived,e-1096,e-1096,SCROLL_INTO_VIEW,[],e-1096-derived-step-1,1,False,0,200,0,1000,STYLE_OPACITY,True,"{""id"": ""N/A"", ""appliesTo"": ""TRIGGER_ELEMENT"", ""useEventTarget"": true}",outQuart,"{""delay"": 0, ""easing"": ""outQuart"", ""duration"": 1000, ""target"": {""id"": ""N/A"", ""appliesTo"": ""TRIGGER_ELEMENT"", ""useEventTarget"": true}, ""value"": 1}","[{""key"": ""main"", ""min"": 992, ""max"": 10000}, {""key"": ""medium"", ""min"": 768, ""max"": 991}, {""key"": ""small"", ""min"": 480, ""max"": 767}, {""key"": ""tiny"", ""min"": 0, ""max"": 479}]","[""raw/published/resources/03c1fa8b77cf-dentvitalis33.schunk.6ecbf8a934abc739.js""]",,,
derived,e-1098,e-1098,SCROLL_INTO_VIEW,"[""/informazioni/alloggio""]",e-1098-derived-step-0,0,True,,400,0,0,STYLE_OPACITY,True,"{""id"": ""N/A"", ""appliesTo"": ""TRIGGER_ELEMENT"", ""useEventTarget"": true}",,"{""delay"": 0, ""duration"": 0, ""target"": {""id"": ""N/A"", ""appliesTo"": ""TRIGGER_ELEMENT"", ""useEventTarget"": true}, ""value"": 0}","[{""key"": ""main"", ""min"": 992, ""max"": 10000}, {""key"": ""medium"", ""min"": 768, ""max"": 991}, {""key"": ""small"", ""min"": 480, ""max"": 767}, {""key"": ""tiny"", ""min"": 0, ""max"": 479}]","[""raw/published/resources/03c1fa8b77cf-dentvitalis33.schunk.6ecbf8a934abc739.js""]",,,
derived,e-1098,e-1098,SCROLL_INTO_VIEW,"[""/informazioni/alloggio""]",e-1098-derived-step-1,1,False,0,400,0,0,TRANSFORM_MOVE,True,"{""id"": ""N/A"", ""appliesTo"": ""TRIGGER_ELEMENT"", ""useEventTarget"": true}",,"{""delay"": 0, ""duration"": 0, ""target"": {""id"": ""N/A"", ""appliesTo"": ""TRIGGER_ELEMENT"", ""useEventTarget"": true}, ""xValue"": 0, ""yValue"": 100, ""xUnit"": ""PX"", ""yUnit"": ""PX"", ""zUnit"": ""PX""}","[{""key"": ""main"", ""min"": 992, ""max"": 10000}, {""key"": ""medium"", ""min"": 768, ""max"": 991}, {""key"": ""small"", ""min"": 480, ""max"": 767}, {""key"": ""tiny"", ""min"": 0, ""max"": 479}]","[""raw/published/resources/03c1fa8b77cf-dentvitalis33.schunk.6ecbf8a934abc739.js""]",,,
derived,e-1098,e-1098,SCROLL_INTO_VIEW,"[""/informazioni/alloggio""]",e-1098-derived-step-2,2,False,0,400,0,1000,TRANSFORM_MOVE,True,"{""id"": ""N/A"", ""appliesTo"": ""TRIGGER_ELEMENT"", ""useEventTarget"": true}",outQuart,"{""delay"": 0, ""easing"": ""outQuart"", ""duration"": 1000, ""target"": {""id"": ""N/A"", ""appliesTo"": ""TRIGGER_ELEMENT"", ""useEventTarget"": true}, ""xValue"": 0, ""yValue"": 0, ""xUnit"": ""PX"", ""yUnit"": ""PX"", ""zUnit"": ""PX""}","[{""key"": ""main"", ""min"": 992, ""max"": 10000}, {""key"": ""medium"", ""min"": 768, ""max"": 991}, {""key"": ""small"", ""min"": 480, ""max"": 767}, {""key"": ""tiny"", ""min"": 0, ""max"": 479}]","[""raw/published/resources/03c1fa8b77cf-dentvitalis33.schunk.6ecbf8a934abc739.js""]",,,
derived,e-1098,e-1098,SCROLL_INTO_VIEW,"[""/informazioni/alloggio""]",e-1098-derived-step-3,2,False,0,400,0,1000,STYLE_OPACITY,True,"{""id"": ""N/A"", ""appliesTo"": ""TRIGGER_ELEMENT"", ""useEventTarget"": true}",outQuart,"{""delay"": 0, ""easing"": ""outQuart"", ""duration"": 1000, ""target"": {""id"": ""N/A"", ""appliesTo"": ""TRIGGER_ELEMENT"", ""useEventTarget"": true}, ""value"": 1}","[{""key"": ""main"", ""min"": 992, ""max"": 10000}, {""key"": ""medium"", ""min"": 768, ""max"": 991}, {""key"": ""small"", ""min"": 480, ""max"": 767}, {""key"": ""tiny"", ""min"": 0, ""max"": 479}]","[""raw/published/resources/03c1fa8b77cf-dentvitalis33.schunk.6ecbf8a934abc739.js""]",,,
derived,e-1100,e-1100,SCROLL_INTO_VIEW,"[""/informazioni/alloggio""]",e-1100-derived-step-0,0,True,,600,0,0,STYLE_OPACITY,True,"{""id"": ""N/A"", ""appliesTo"": ""TRIGGER_ELEMENT"", ""useEventTarget"": true}",,"{""delay"": 0, ""duration"": 0, ""target"": {""id"": ""N/A"", ""appliesTo"": ""TRIGGER_ELEMENT"", ""useEventTarget"": true}, ""value"": 0}","[{""key"": ""main"", ""min"": 992, ""max"": 10000}, {""key"": ""medium"", ""min"": 768, ""max"": 991}, {""key"": ""small"", ""min"": 480, ""max"": 767}, {""key"": ""tiny"", ""min"": 0, ""max"": 479}]","[""raw/published/resources/03c1fa8b77cf-dentvitalis33.schunk.6ecbf8a934abc739.js""]",,,
derived,e-1100,e-1100,SCROLL_INTO_VIEW,"[""/informazioni/alloggio""]",e-1100-derived-step-1,1,False,0,600,0,0,TRANSFORM_MOVE,True,"{""id"": ""N/A"", ""appliesTo"": ""TRIGGER_ELEMENT"", ""useEventTarget"": true}",,"{""delay"": 0, ""duration"": 0, ""target"": {""id"": ""N/A"", ""appliesTo"": ""TRIGGER_ELEMENT"", ""useEventTarget"": true}, ""xValue"": 0, ""yValue"": 100, ""xUnit"": ""PX"", ""yUnit"": ""PX"", ""zUnit"": ""PX""}","[{""key"": ""main"", ""min"": 992, ""max"": 10000}, {""key"": ""medium"", ""min"": 768, ""max"": 991}, {""key"": ""small"", ""min"": 480, ""max"": 767}, {""key"": ""tiny"", ""min"": 0, ""max"": 479}]","[""raw/published/resources/03c1fa8b77cf-dentvitalis33.schunk.6ecbf8a934abc739.js""]",,,
derived,e-1100,e-1100,SCROLL_INTO_VIEW,"[""/informazioni/alloggio""]",e-1100-derived-step-2,2,False,0,600,0,1000,TRANSFORM_MOVE,True,"{""id"": ""N/A"", ""appliesTo"": ""TRIGGER_ELEMENT"", ""useEventTarget"": true}",outQuart,"{""delay"": 0, ""easing"": ""outQuart"", ""duration"": 1000, ""target"": {""id"": ""N/A"", ""appliesTo"": ""TRIGGER_ELEMENT"", ""useEventTarget"": true}, ""xValue"": 0, ""yValue"": 0, ""xUnit"": ""PX"", ""yUnit"": ""PX"", ""zUnit"": ""PX""}","[{""key"": ""main"", ""min"": 992, ""max"": 10000}, {""key"": ""medium"", ""min"": 768, ""max"": 991}, {""key"": ""small"", ""min"": 480, ""max"": 767}, {""key"": ""tiny"", ""min"": 0, ""max"": 479}]","[""raw/published/resources/03c1fa8b77cf-dentvitalis33.schunk.6ecbf8a934abc739.js""]",,,
derived,e-1100,e-1100,SCROLL_INTO_VIEW,"[""/informazioni/alloggio""]",e-1100-derived-step-3,2,False,0,600,0,1000,STYLE_OPACITY,True,"{""id"": ""N/A"", ""appliesTo"": ""TRIGGER_ELEMENT"", ""useEventTarget"": true}",outQuart,"{""delay"": 0, ""easing"": ""outQuart"", ""duration"": 1000, ""target"": {""id"": ""N/A"", ""appliesTo"": ""TRIGGER_ELEMENT"", ""useEventTarget"": true}, ""value"": 1}","[{""key"": ""main"", ""min"": 992, ""max"": 10000}, {""key"": ""medium"", ""min"": 768, ""max"": 991}, {""key"": ""small"", ""min"": 480, ""max"": 767}, {""key"": ""tiny"", ""min"": 0, ""max"": 479}]","[""raw/published/resources/03c1fa8b77cf-dentvitalis33.schunk.6ecbf8a934abc739.js""]",,,
derived,e-1102,e-1102,SCROLL_INTO_VIEW,"[""/informazioni/alloggio""]",e-1102-derived-step-0,0,True,,200,0,0,STYLE_OPACITY,True,"{""id"": ""N/A"", ""appliesTo"": ""TRIGGER_ELEMENT"", ""useEventTarget"": true}",,"{""delay"": 0, ""duration"": 0, ""target"": {""id"": ""N/A"", ""appliesTo"": ""TRIGGER_ELEMENT"", ""useEventTarget"": true}, ""value"": 0}","[{""key"": ""main"", ""min"": 992, ""max"": 10000}, {""key"": ""medium"", ""min"": 768, ""max"": 991}, {""key"": ""small"", ""min"": 480, ""max"": 767}, {""key"": ""tiny"", ""min"": 0, ""max"": 479}]","[""raw/published/resources/03c1fa8b77cf-dentvitalis33.schunk.6ecbf8a934abc739.js""]",,,
derived,e-1102,e-1102,SCROLL_INTO_VIEW,"[""/informazioni/alloggio""]",e-1102-derived-step-1,1,False,0,200,0,1000,STYLE_OPACITY,True,"{""id"": ""N/A"", ""appliesTo"": ""TRIGGER_ELEMENT"", ""useEventTarget"": true}",outQuart,"{""delay"": 0, ""easing"": ""outQuart"", ""duration"": 1000, ""target"": {""id"": ""N/A"", ""appliesTo"": ""TRIGGER_ELEMENT"", ""useEventTarget"": true}, ""value"": 1}","[{""key"": ""main"", ""min"": 992, ""max"": 10000}, {""key"": ""medium"", ""min"": 768, ""max"": 991}, {""key"": ""small"", ""min"": 480, ""max"": 767}, {""key"": ""tiny"", ""min"": 0, ""max"": 479}]","[""raw/published/resources/03c1fa8b77cf-dentvitalis33.schunk.6ecbf8a934abc739.js""]",,,
derived,e-1104,e-1104,SCROLL_INTO_VIEW,[],e-1104-derived-step-0,0,True,,400,0,0,STYLE_OPACITY,True,"{""id"": ""N/A"", ""appliesTo"": ""TRIGGER_ELEMENT"", ""useEventTarget"": true}",,"{""delay"": 0, ""duration"": 0, ""target"": {""id"": ""N/A"", ""appliesTo"": ""TRIGGER_ELEMENT"", ""useEventTarget"": true}, ""value"": 0}","[{""key"": ""main"", ""min"": 992, ""max"": 10000}, {""key"": ""medium"", ""min"": 768, ""max"": 991}, {""key"": ""small"", ""min"": 480, ""max"": 767}, {""key"": ""tiny"", ""min"": 0, ""max"": 479}]","[""raw/published/resources/03c1fa8b77cf-dentvitalis33.schunk.6ecbf8a934abc739.js""]",,,
derived,e-1104,e-1104,SCROLL_INTO_VIEW,[],e-1104-derived-step-1,1,False,0,400,0,0,TRANSFORM_SCALE,True,"{""id"": ""N/A"", ""appliesTo"": ""TRIGGER_ELEMENT"", ""useEventTarget"": true}",,"{""delay"": 0, ""duration"": 0, ""target"": {""id"": ""N/A"", ""appliesTo"": ""TRIGGER_ELEMENT"", ""useEventTarget"": true}, ""xValue"": 0.7500000000000001, ""yValue"": 0.7500000000000001}","[{""key"": ""main"", ""min"": 992, ""max"": 10000}, {""key"": ""medium"", ""min"": 768, ""max"": 991}, {""key"": ""small"", ""min"": 480, ""max"": 767}, {""key"": ""tiny"", ""min"": 0, ""max"": 479}]","[""raw/published/resources/03c1fa8b77cf-dentvitalis33.schunk.6ecbf8a934abc739.js""]",,,
derived,e-1104,e-1104,SCROLL_INTO_VIEW,[],e-1104-derived-step-2,2,False,0,400,0,1000,TRANSFORM_SCALE,True,"{""id"": ""N/A"", ""appliesTo"": ""TRIGGER_ELEMENT"", ""useEventTarget"": true}",outQuart,"{""delay"": 0, ""easing"": ""outQuart"", ""duration"": 1000, ""target"": {""id"": ""N/A"", ""appliesTo"": ""TRIGGER_ELEMENT"", ""useEventTarget"": true}, ""xValue"": 1, ""yValue"": 1}","[{""key"": ""main"", ""min"": 992, ""max"": 10000}, {""key"": ""medium"", ""min"": 768, ""max"": 991}, {""key"": ""small"", ""min"": 480, ""max"": 767}, {""key"": ""tiny"", ""min"": 0, ""max"": 479}]","[""raw/published/resources/03c1fa8b77cf-dentvitalis33.schunk.6ecbf8a934abc739.js""]",,,
derived,e-1104,e-1104,SCROLL_INTO_VIEW,[],e-1104-derived-step-3,2,False,0,400,0,1000,STYLE_OPACITY,True,"{""id"": ""N/A"", ""appliesTo"": ""TRIGGER_ELEMENT"", ""useEventTarget"": true}",outQuart,"{""delay"": 0, ""easing"": ""outQuart"", ""duration"": 1000, ""target"": {""id"": ""N/A"", ""appliesTo"": ""TRIGGER_ELEMENT"", ""useEventTarget"": true}, ""value"": 1}","[{""key"": ""main"", ""min"": 992, ""max"": 10000}, {""key"": ""medium"", ""min"": 768, ""max"": 991}, {""key"": ""small"", ""min"": 480, ""max"": 767}, {""key"": ""tiny"", ""min"": 0, ""max"": 479}]","[""raw/published/resources/03c1fa8b77cf-dentvitalis33.schunk.6ecbf8a934abc739.js""]",,,
derived,e-1106,e-1106,SCROLL_INTO_VIEW,[],e-1106-derived-step-0,0,True,,600,0,0,STYLE_OPACITY,True,"{""id"": ""N/A"", ""appliesTo"": ""TRIGGER_ELEMENT"", ""useEventTarget"": true}",,"{""delay"": 0, ""duration"": 0, ""target"": {""id"": ""N/A"", ""appliesTo"": ""TRIGGER_ELEMENT"", ""useEventTarget"": true}, ""value"": 0}","[{""key"": ""main"", ""min"": 992, ""max"": 10000}, {""key"": ""medium"", ""min"": 768, ""max"": 991}, {""key"": ""small"", ""min"": 480, ""max"": 767}, {""key"": ""tiny"", ""min"": 0, ""max"": 479}]","[""raw/published/resources/03c1fa8b77cf-dentvitalis33.schunk.6ecbf8a934abc739.js""]",,,
derived,e-1106,e-1106,SCROLL_INTO_VIEW,[],e-1106-derived-step-1,1,False,0,600,0,0,TRANSFORM_SCALE,True,"{""id"": ""N/A"", ""appliesTo"": ""TRIGGER_ELEMENT"", ""useEventTarget"": true}",,"{""delay"": 0, ""duration"": 0, ""target"": {""id"": ""N/A"", ""appliesTo"": ""TRIGGER_ELEMENT"", ""useEventTarget"": true}, ""xValue"": 0.7500000000000001, ""yValue"": 0.7500000000000001}","[{""key"": ""main"", ""min"": 992, ""max"": 10000}, {""key"": ""medium"", ""min"": 768, ""max"": 991}, {""key"": ""small"", ""min"": 480, ""max"": 767}, {""key"": ""tiny"", ""min"": 0, ""max"": 479}]","[""raw/published/resources/03c1fa8b77cf-dentvitalis33.schunk.6ecbf8a934abc739.js""]",,,
derived,e-1106,e-1106,SCROLL_INTO_VIEW,[],e-1106-derived-step-2,2,False,0,600,0,1000,TRANSFORM_SCALE,True,"{""id"": ""N/A"", ""appliesTo"": ""TRIGGER_ELEMENT"", ""useEventTarget"": true}",outQuart,"{""delay"": 0, ""easing"": ""outQuart"", ""duration"": 1000, ""target"": {""id"": ""N/A"", ""appliesTo"": ""TRIGGER_ELEMENT"", ""useEventTarget"": true}, ""xValue"": 1, ""yValue"": 1}","[{""key"": ""main"", ""min"": 992, ""max"": 10000}, {""key"": ""medium"", ""min"": 768, ""max"": 991}, {""key"": ""small"", ""min"": 480, ""max"": 767}, {""key"": ""tiny"", ""min"": 0, ""max"": 479}]","[""raw/published/resources/03c1fa8b77cf-dentvitalis33.schunk.6ecbf8a934abc739.js""]",,,
derived,e-1106,e-1106,SCROLL_INTO_VIEW,[],e-1106-derived-step-3,2,False,0,600,0,1000,STYLE_OPACITY,True,"{""id"": ""N/A"", ""appliesTo"": ""TRIGGER_ELEMENT"", ""useEventTarget"": true}",outQuart,"{""delay"": 0, ""easing"": ""outQuart"", ""duration"": 1000, ""target"": {""id"": ""N/A"", ""appliesTo"": ""TRIGGER_ELEMENT"", ""useEventTarget"": true}, ""value"": 1}","[{""key"": ""main"", ""min"": 992, ""max"": 10000}, {""key"": ""medium"", ""min"": 768, ""max"": 991}, {""key"": ""small"", ""min"": 480, ""max"": 767}, {""key"": ""tiny"", ""min"": 0, ""max"": 479}]","[""raw/published/resources/03c1fa8b77cf-dentvitalis33.schunk.6ecbf8a934abc739.js""]",,,
derived,e-1108,e-1108,SCROLL_INTO_VIEW,[],e-1108-derived-step-0,0,True,,200,0,0,STYLE_OPACITY,True,"{""id"": ""N/A"", ""appliesTo"": ""TRIGGER_ELEMENT"", ""useEventTarget"": true}",,"{""delay"": 0, ""duration"": 0, ""target"": {""id"": ""N/A"", ""appliesTo"": ""TRIGGER_ELEMENT"", ""useEventTarget"": true}, ""value"": 0}","[{""key"": ""main"", ""min"": 992, ""max"": 10000}, {""key"": ""medium"", ""min"": 768, ""max"": 991}, {""key"": ""small"", ""min"": 480, ""max"": 767}, {""key"": ""tiny"", ""min"": 0, ""max"": 479}]","[""raw/published/resources/03c1fa8b77cf-dentvitalis33.schunk.6ecbf8a934abc739.js""]",,,
derived,e-1108,e-1108,SCROLL_INTO_VIEW,[],e-1108-derived-step-1,1,False,0,200,0,1000,STYLE_OPACITY,True,"{""id"": ""N/A"", ""appliesTo"": ""TRIGGER_ELEMENT"", ""useEventTarget"": true}",outQuart,"{""delay"": 0, ""easing"": ""outQuart"", ""duration"": 1000, ""target"": {""id"": ""N/A"", ""appliesTo"": ""TRIGGER_ELEMENT"", ""useEventTarget"": true}, ""value"": 1}","[{""key"": ""main"", ""min"": 992, ""max"": 10000}, {""key"": ""medium"", ""min"": 768, ""max"": 991}, {""key"": ""small"", ""min"": 480, ""max"": 767}, {""key"": ""tiny"", ""min"": 0, ""max"": 479}]","[""raw/published/resources/03c1fa8b77cf-dentvitalis33.schunk.6ecbf8a934abc739.js""]",,,
derived,e-1110,e-1110,SCROLL_INTO_VIEW,"[""/informazioni/trasporto""]",e-1110-derived-step-0,0,True,,400,0,0,STYLE_OPACITY,True,"{""id"": ""N/A"", ""appliesTo"": ""TRIGGER_ELEMENT"", ""useEventTarget"": true}",,"{""delay"": 0, ""duration"": 0, ""target"": {""id"": ""N/A"", ""appliesTo"": ""TRIGGER_ELEMENT"", ""useEventTarget"": true}, ""value"": 0}","[{""key"": ""main"", ""min"": 992, ""max"": 10000}, {""key"": ""medium"", ""min"": 768, ""max"": 991}, {""key"": ""small"", ""min"": 480, ""max"": 767}, {""key"": ""tiny"", ""min"": 0, ""max"": 479}]","[""raw/published/resources/03c1fa8b77cf-dentvitalis33.schunk.6ecbf8a934abc739.js""]",,,
derived,e-1110,e-1110,SCROLL_INTO_VIEW,"[""/informazioni/trasporto""]",e-1110-derived-step-1,1,False,0,400,0,0,TRANSFORM_MOVE,True,"{""id"": ""N/A"", ""appliesTo"": ""TRIGGER_ELEMENT"", ""useEventTarget"": true}",,"{""delay"": 0, ""duration"": 0, ""target"": {""id"": ""N/A"", ""appliesTo"": ""TRIGGER_ELEMENT"", ""useEventTarget"": true}, ""xValue"": 0, ""yValue"": 100, ""xUnit"": ""PX"", ""yUnit"": ""PX"", ""zUnit"": ""PX""}","[{""key"": ""main"", ""min"": 992, ""max"": 10000}, {""key"": ""medium"", ""min"": 768, ""max"": 991}, {""key"": ""small"", ""min"": 480, ""max"": 767}, {""key"": ""tiny"", ""min"": 0, ""max"": 479}]","[""raw/published/resources/03c1fa8b77cf-dentvitalis33.schunk.6ecbf8a934abc739.js""]",,,
derived,e-1110,e-1110,SCROLL_INTO_VIEW,"[""/informazioni/trasporto""]",e-1110-derived-step-2,2,False,0,400,0,1000,TRANSFORM_MOVE,True,"{""id"": ""N/A"", ""appliesTo"": ""TRIGGER_ELEMENT"", ""useEventTarget"": true}",outQuart,"{""delay"": 0, ""easing"": ""outQuart"", ""duration"": 1000, ""target"": {""id"": ""N/A"", ""appliesTo"": ""TRIGGER_ELEMENT"", ""useEventTarget"": true}, ""xValue"": 0, ""yValue"": 0, ""xUnit"": ""PX"", ""yUnit"": ""PX"", ""zUnit"": ""PX""}","[{""key"": ""main"", ""min"": 992, ""max"": 10000}, {""key"": ""medium"", ""min"": 768, ""max"": 991}, {""key"": ""small"", ""min"": 480, ""max"": 767}, {""key"": ""tiny"", ""min"": 0, ""max"": 479}]","[""raw/published/resources/03c1fa8b77cf-dentvitalis33.schunk.6ecbf8a934abc739.js""]",,,
derived,e-1110,e-1110,SCROLL_INTO_VIEW,"[""/informazioni/trasporto""]",e-1110-derived-step-3,2,False,0,400,0,1000,STYLE_OPACITY,True,"{""id"": ""N/A"", ""appliesTo"": ""TRIGGER_ELEMENT"", ""useEventTarget"": true}",outQuart,"{""delay"": 0, ""easing"": ""outQuart"", ""duration"": 1000, ""target"": {""id"": ""N/A"", ""appliesTo"": ""TRIGGER_ELEMENT"", ""useEventTarget"": true}, ""value"": 1}","[{""key"": ""main"", ""min"": 992, ""max"": 10000}, {""key"": ""medium"", ""min"": 768, ""max"": 991}, {""key"": ""small"", ""min"": 480, ""max"": 767}, {""key"": ""tiny"", ""min"": 0, ""max"": 479}]","[""raw/published/resources/03c1fa8b77cf-dentvitalis33.schunk.6ecbf8a934abc739.js""]",,,
derived,e-1112,e-1112,SCROLL_INTO_VIEW,"[""/informazioni/trasporto""]",e-1112-derived-step-0,0,True,,600,0,0,STYLE_OPACITY,True,"{""id"": ""N/A"", ""appliesTo"": ""TRIGGER_ELEMENT"", ""useEventTarget"": true}",,"{""delay"": 0, ""duration"": 0, ""target"": {""id"": ""N/A"", ""appliesTo"": ""TRIGGER_ELEMENT"", ""useEventTarget"": true}, ""value"": 0}","[{""key"": ""main"", ""min"": 992, ""max"": 10000}, {""key"": ""medium"", ""min"": 768, ""max"": 991}, {""key"": ""small"", ""min"": 480, ""max"": 767}, {""key"": ""tiny"", ""min"": 0, ""max"": 479}]","[""raw/published/resources/03c1fa8b77cf-dentvitalis33.schunk.6ecbf8a934abc739.js""]",,,
derived,e-1112,e-1112,SCROLL_INTO_VIEW,"[""/informazioni/trasporto""]",e-1112-derived-step-1,1,False,0,600,0,0,TRANSFORM_MOVE,True,"{""id"": ""N/A"", ""appliesTo"": ""TRIGGER_ELEMENT"", ""useEventTarget"": true}",,"{""delay"": 0, ""duration"": 0, ""target"": {""id"": ""N/A"", ""appliesTo"": ""TRIGGER_ELEMENT"", ""useEventTarget"": true}, ""xValue"": 0, ""yValue"": 100, ""xUnit"": ""PX"", ""yUnit"": ""PX"", ""zUnit"": ""PX""}","[{""key"": ""main"", ""min"": 992, ""max"": 10000}, {""key"": ""medium"", ""min"": 768, ""max"": 991}, {""key"": ""small"", ""min"": 480, ""max"": 767}, {""key"": ""tiny"", ""min"": 0, ""max"": 479}]","[""raw/published/resources/03c1fa8b77cf-dentvitalis33.schunk.6ecbf8a934abc739.js""]",,,
derived,e-1112,e-1112,SCROLL_INTO_VIEW,"[""/informazioni/trasporto""]",e-1112-derived-step-2,2,False,0,600,0,1000,TRANSFORM_MOVE,True,"{""id"": ""N/A"", ""appliesTo"": ""TRIGGER_ELEMENT"", ""useEventTarget"": true}",outQuart,"{""delay"": 0, ""easing"": ""outQuart"", ""duration"": 1000, ""target"": {""id"": ""N/A"", ""appliesTo"": ""TRIGGER_ELEMENT"", ""useEventTarget"": true}, ""xValue"": 0, ""yValue"": 0, ""xUnit"": ""PX"", ""yUnit"": ""PX"", ""zUnit"": ""PX""}","[{""key"": ""main"", ""min"": 992, ""max"": 10000}, {""key"": ""medium"", ""min"": 768, ""max"": 991}, {""key"": ""small"", ""min"": 480, ""max"": 767}, {""key"": ""tiny"", ""min"": 0, ""max"": 479}]","[""raw/published/resources/03c1fa8b77cf-dentvitalis33.schunk.6ecbf8a934abc739.js""]",,,
derived,e-1112,e-1112,SCROLL_INTO_VIEW,"[""/informazioni/trasporto""]",e-1112-derived-step-3,2,False,0,600,0,1000,STYLE_OPACITY,True,"{""id"": ""N/A"", ""appliesTo"": ""TRIGGER_ELEMENT"", ""useEventTarget"": true}",outQuart,"{""delay"": 0, ""easing"": ""outQuart"", ""duration"": 1000, ""target"": {""id"": ""N/A"", ""appliesTo"": ""TRIGGER_ELEMENT"", ""useEventTarget"": true}, ""value"": 1}","[{""key"": ""main"", ""min"": 992, ""max"": 10000}, {""key"": ""medium"", ""min"": 768, ""max"": 991}, {""key"": ""small"", ""min"": 480, ""max"": 767}, {""key"": ""tiny"", ""min"": 0, ""max"": 479}]","[""raw/published/resources/03c1fa8b77cf-dentvitalis33.schunk.6ecbf8a934abc739.js""]",,,
derived,e-1114,e-1114,SCROLL_INTO_VIEW,"[""/informazioni/trasporto""]",e-1114-derived-step-0,0,True,,200,0,0,STYLE_OPACITY,True,"{""id"": ""N/A"", ""appliesTo"": ""TRIGGER_ELEMENT"", ""useEventTarget"": true}",,"{""delay"": 0, ""duration"": 0, ""target"": {""id"": ""N/A"", ""appliesTo"": ""TRIGGER_ELEMENT"", ""useEventTarget"": true}, ""value"": 0}","[{""key"": ""main"", ""min"": 992, ""max"": 10000}, {""key"": ""medium"", ""min"": 768, ""max"": 991}, {""key"": ""small"", ""min"": 480, ""max"": 767}, {""key"": ""tiny"", ""min"": 0, ""max"": 479}]","[""raw/published/resources/03c1fa8b77cf-dentvitalis33.schunk.6ecbf8a934abc739.js""]",,,
derived,e-1114,e-1114,SCROLL_INTO_VIEW,"[""/informazioni/trasporto""]",e-1114-derived-step-1,1,False,0,200,0,1000,STYLE_OPACITY,True,"{""id"": ""N/A"", ""appliesTo"": ""TRIGGER_ELEMENT"", ""useEventTarget"": true}",outQuart,"{""delay"": 0, ""easing"": ""outQuart"", ""duration"": 1000, ""target"": {""id"": ""N/A"", ""appliesTo"": ""TRIGGER_ELEMENT"", ""useEventTarget"": true}, ""value"": 1}","[{""key"": ""main"", ""min"": 992, ""max"": 10000}, {""key"": ""medium"", ""min"": 768, ""max"": 991}, {""key"": ""small"", ""min"": 480, ""max"": 767}, {""key"": ""tiny"", ""min"": 0, ""max"": 479}]","[""raw/published/resources/03c1fa8b77cf-dentvitalis33.schunk.6ecbf8a934abc739.js""]",,,
derived,e-1116,e-1116,SCROLL_INTO_VIEW,"[""/"", ""/chi-siamo"", ""/informazioni-per-pazienti"", ""/prestazioni-dentali""]",e-1116-derived-step-0,0,True,,200,0,0,STYLE_OPACITY,True,"{""id"": ""N/A"", ""appliesTo"": ""TRIGGER_ELEMENT"", ""useEventTarget"": true}",,"{""delay"": 0, ""duration"": 0, ""target"": {""id"": ""N/A"", ""appliesTo"": ""TRIGGER_ELEMENT"", ""useEventTarget"": true}, ""value"": 0}","[{""key"": ""medium"", ""min"": 768, ""max"": 991}, {""key"": ""small"", ""min"": 480, ""max"": 767}, {""key"": ""tiny"", ""min"": 0, ""max"": 479}]","[""raw/published/resources/03c1fa8b77cf-dentvitalis33.schunk.6ecbf8a934abc739.js""]",,,
derived,e-1116,e-1116,SCROLL_INTO_VIEW,"[""/"", ""/chi-siamo"", ""/informazioni-per-pazienti"", ""/prestazioni-dentali""]",e-1116-derived-step-1,1,False,0,200,0,0,TRANSFORM_MOVE,True,"{""id"": ""N/A"", ""appliesTo"": ""TRIGGER_ELEMENT"", ""useEventTarget"": true}",,"{""delay"": 0, ""duration"": 0, ""target"": {""id"": ""N/A"", ""appliesTo"": ""TRIGGER_ELEMENT"", ""useEventTarget"": true}, ""xValue"": 0, ""yValue"": 100, ""xUnit"": ""PX"", ""yUnit"": ""PX"", ""zUnit"": ""PX""}","[{""key"": ""medium"", ""min"": 768, ""max"": 991}, {""key"": ""small"", ""min"": 480, ""max"": 767}, {""key"": ""tiny"", ""min"": 0, ""max"": 479}]","[""raw/published/resources/03c1fa8b77cf-dentvitalis33.schunk.6ecbf8a934abc739.js""]",,,
derived,e-1116,e-1116,SCROLL_INTO_VIEW,"[""/"", ""/chi-siamo"", ""/informazioni-per-pazienti"", ""/prestazioni-dentali""]",e-1116-derived-step-2,2,False,0,200,0,1000,TRANSFORM_MOVE,True,"{""id"": ""N/A"", ""appliesTo"": ""TRIGGER_ELEMENT"", ""useEventTarget"": true}",outQuart,"{""delay"": 0, ""easing"": ""outQuart"", ""duration"": 1000, ""target"": {""id"": ""N/A"", ""appliesTo"": ""TRIGGER_ELEMENT"", ""useEventTarget"": true}, ""xValue"": 0, ""yValue"": 0, ""xUnit"": ""PX"", ""yUnit"": ""PX"", ""zUnit"": ""PX""}","[{""key"": ""medium"", ""min"": 768, ""max"": 991}, {""key"": ""small"", ""min"": 480, ""max"": 767}, {""key"": ""tiny"", ""min"": 0, ""max"": 479}]","[""raw/published/resources/03c1fa8b77cf-dentvitalis33.schunk.6ecbf8a934abc739.js""]",,,
derived,e-1116,e-1116,SCROLL_INTO_VIEW,"[""/"", ""/chi-siamo"", ""/informazioni-per-pazienti"", ""/prestazioni-dentali""]",e-1116-derived-step-3,2,False,0,200,0,1000,STYLE_OPACITY,True,"{""id"": ""N/A"", ""appliesTo"": ""TRIGGER_ELEMENT"", ""useEventTarget"": true}",outQuart,"{""delay"": 0, ""easing"": ""outQuart"", ""duration"": 1000, ""target"": {""id"": ""N/A"", ""appliesTo"": ""TRIGGER_ELEMENT"", ""useEventTarget"": true}, ""value"": 1}","[{""key"": ""medium"", ""min"": 768, ""max"": 991}, {""key"": ""small"", ""min"": 480, ""max"": 767}, {""key"": ""tiny"", ""min"": 0, ""max"": 479}]","[""raw/published/resources/03c1fa8b77cf-dentvitalis33.schunk.6ecbf8a934abc739.js""]",,,
