variable_id,variable_name,css_name,source,rule_id,selector,property,value,important,conditions,page_candidates,native_style,component_candidates,status,candidate_mapping_status,native_style_id
variable-636803fe-8821-1ae5-1950-9634a6a61fbc,svijetla-call,--svijetla-call,raw/published/inline/695e1eeeb10c5fb8eeaba87c-style-18.css,css-6721781d9b12,html body .home-2-form-section .dv-native-form .gumb-vise,background-color,var(--svijetla-call),True,[],[],[],[],extracted,derived,
variable-636803fe-8821-1ae5-1950-9634a6a61fbc,svijetla-call,--svijetla-call,raw/published/inline/695e1eeeb10c5fb8eeaba87c-style-18.css,css-3675a1b0a064,"html body .home-2-form-section .dv-native-form .gumb-vise:hover,
html body .home-2-form-section .dv-native-form .gumb-vise:focus-visible",background-color,"color-mix(in srgb, var(--svijetla-call) 92%, var(--crna))",True,[],[],[],[],extracted,derived,
variable-7871740f-ec68-7438-41c4-7e0c36e94c3b,Crna,--crna,raw/published/inline/695e1eeeb10c5fb8eeaba87c-style-18.css,css-3675a1b0a064,"html body .home-2-form-section .dv-native-form .gumb-vise:hover,
html body .home-2-form-section .dv-native-form .gumb-vise:focus-visible",background-color,"color-mix(in srgb, var(--svijetla-call) 92%, var(--crna))",True,[],[],[],[],extracted,derived,
variable-1409a02f-5e45-fc0b-413b-160f609caa56,tamana-call,--tamana-call,raw/published/inline/695e1eeeb10c5fb8eeaba87c-style-18.css,css-a7c1848a051a,html body #dv-inquiry-modal .dv-native-form .gumb-vise,background-color,var(--tamana-call),True,[],[],[],[],extracted,derived,
variable-4a7968e2-7904-2751-1793-11f0211814b6,Svjetlija plava,--svjetlija-plava,raw/published/inline/695e1eeeb10c5fb8eeaba87c-style-18.css,css-8aaafd8257b8,"html body #dv-inquiry-modal .dv-native-form .gumb-vise:hover,
html body #dv-inquiry-modal .dv-native-form .gumb-vise:focus-visible",background-color,var(--svjetlija-plava),True,[],[],[],[],extracted,derived,
variable-636803fe-8821-1ae5-1950-9634a6a61fbc,svijetla-call,--svijetla-call,raw/published/inline/695e1eeeb10c5fb8eeaba87c-style-23.css,css-caef5588bf10,section.section-contatti .home-2-form-section .home-2-form .dv-native-form .gumb-vise,background-color,var(--svijetla-call),True,[],[],[],[],extracted,derived,
variable-4a7968e2-7904-2751-1793-11f0211814b6,Svjetlija plava,--svjetlija-plava,raw/published/inline/695e1eeeb10c5fb8eeaba87c-style-23.css,css-d77d57367d61,"section.section-contatti .home-2-form-section .home-2-form .dv-native-form .gumb-vise:hover,
section.section-contatti .home-2-form-section .home-2-form .dv-native-form .gumb-vise:focus-visible",background-color,var(--svjetlija-plava),True,[],[],[],[],extracted,derived,
variable-1409a02f-5e45-fc0b-413b-160f609caa56,tamana-call,--tamana-call,raw/published/inline/695e1eeeb10c5fb8eeaba87c-style-28.css,css-9ef92569dcbe,#dv-inquiry-modal .gumb-vise,background,var(--tamana-call),True,[],[],[],[],extracted,derived,
variable-4a7968e2-7904-2751-1793-11f0211814b6,Svjetlija plava,--svjetlija-plava,raw/published/inline/695e1eeeb10c5fb8eeaba87c-style-28.css,css-3a0ec808e86f,"#dv-inquiry-modal .gumb-vise:hover,
#dv-inquiry-modal .gumb-vise:focus-visible",background,var(--svjetlija-plava),True,[],[],[],[],extracted,derived,
variable-636803fe-8821-1ae5-1950-9634a6a61fbc,svijetla-call,--svijetla-call,raw/published/inline/695e1eeeb10c5fb8eeaba87c-style-9.css,css-6b8a49433f1f,"html body section.section-contatti .home-2-form-section .home-2-form .dv-native-form .gumb-vise:hover,
html body section.section-contatti .home-2-form-section .home-2-form .dv-native-form .gumb-vise:focus-visible",background-color,"color-mix(in srgb, var(--svijetla-call) 92%, var(--crna))",True,[],[],[],[],extracted,derived,
variable-7871740f-ec68-7438-41c4-7e0c36e94c3b,Crna,--crna,raw/published/inline/695e1eeeb10c5fb8eeaba87c-style-9.css,css-6b8a49433f1f,"html body section.section-contatti .home-2-form-section .home-2-form .dv-native-form .gumb-vise:hover,
html body section.section-contatti .home-2-form-section .home-2-form .dv-native-form .gumb-vise:focus-visible",background-color,"color-mix(in srgb, var(--svijetla-call) 92%, var(--crna))",True,[],[],[],[],extracted,derived,
variable-1409a02f-5e45-fc0b-413b-160f609caa56,tamana-call,--tamana-call,raw/published/resources/2ae2f8951fc8-dentvitalis33.shared.f8a4284a1.css,css-24dcc965e1d0,.banner-section,background-color,var(--tamana-call),False,[],"[""/""]","[{""id"": ""e6e85a02-c3d6-08eb-5df3-a2c1c099f1e9"", ""name"": ""Banner Section"", ""isComboClass"": false}]",[],extracted,derived,
variable-096e3c41-aba9-e979-277d-482de4374333,Transparent,--transparent,raw/published/resources/2ae2f8951fc8-dentvitalis33.shared.f8a4284a1.css,css-cba0df026e30,.banner-section.hero,background-color,var(--transparent),False,[],"[""/""]","[{""id"": ""502e717e-6870-a4bc-00aa-0f9441d13e7c"", ""name"": ""hero"", ""isComboClass"": true}]",[],extracted,derived,
variable-7871740f-ec68-7438-41c4-7e0c36e94c3b,Crna,--crna,raw/published/resources/2ae2f8951fc8-dentvitalis33.shared.f8a4284a1.css,css-fca2a8fd5843,.nav-dropdown-link,color,var(--crna),False,[],"[""/condizioni-di-utilizzo"", ""/informativa-sulla-privacy"", ""/informazioni-per-pazienti"", ""/chi-siamo"", ""/prestazioni-dentali"", ""/informazioni/trasporto"", ""/informazioni/alloggio"", ""/testimonianze"", ""/contatti"", ""/faq"", ""/domande-e-risposte"", ""/informazioni/listino-prezzi"", ""/informazioni/garanzie"", ""/informazioni/pagamento-flessibile"", ""/informazioni/tempi-del-trattamento"", ""/informazioni/prima-visita-gratuita"", ""/prestazioni/sedazione-cosciente"", ""/su-di-noi/impianti-di-nuova-generazione"", ""/su-di-noi/materiali-e-apparecchiature"", ""/su-di-noi/laboratorio-odontotecnico"", ""/su-di-noi/come-raggiungerci"", ""/su-di-noi/tutto-in-un-unico-luogo"", ""/su-di-noi/i-nostri-specialisti"", ""/prestazioni/corone-faccette-ponti-e-protesi"", ""/prestazioni/sbiancamento-dei-denti"", ""/prestazioni/premium-ponte-fisso-su-impianti"", ""/prestazioni/protesi-definitiva-ancorata-su-4-impianti"", ""/""]","[{""id"": ""e6e85a02-c3d6-08eb-5df3-a2c1c099f1ef"", ""name"": ""Nav Dropdown Link"", ""isComboClass"": false}]","[{""id"": ""82b2ce1d-fc74-8408-a46c-893c2f6ef824"", ""name"": ""navigacija""}]",extracted,derived,
variable-1409a02f-5e45-fc0b-413b-160f609caa56,tamana-call,--tamana-call,raw/published/resources/2ae2f8951fc8-dentvitalis33.shared.f8a4284a1.css,css-9e0cf6a0fbd1,.nav-dropdown-link:hover,color,var(--tamana-call),False,[],"[""/condizioni-di-utilizzo"", ""/informativa-sulla-privacy"", ""/informazioni-per-pazienti"", ""/chi-siamo"", ""/prestazioni-dentali"", ""/informazioni/trasporto"", ""/informazioni/alloggio"", ""/testimonianze"", ""/contatti"", ""/faq"", ""/domande-e-risposte"", ""/informazioni/listino-prezzi"", ""/informazioni/garanzie"", ""/informazioni/pagamento-flessibile"", ""/informazioni/tempi-del-trattamento"", ""/informazioni/prima-visita-gratuita"", ""/prestazioni/sedazione-cosciente"", ""/su-di-noi/impianti-di-nuova-generazione"", ""/su-di-noi/materiali-e-apparecchiature"", ""/su-di-noi/laboratorio-odontotecnico"", ""/su-di-noi/come-raggiungerci"", ""/su-di-noi/tutto-in-un-unico-luogo"", ""/su-di-noi/i-nostri-specialisti"", ""/prestazioni/corone-faccette-ponti-e-protesi"", ""/prestazioni/sbiancamento-dei-denti"", ""/prestazioni/premium-ponte-fisso-su-impianti"", ""/prestazioni/protesi-definitiva-ancorata-su-4-impianti"", ""/""]",[],[],extracted,derived,
variable-1409a02f-5e45-fc0b-413b-160f609caa56,tamana-call,--tamana-call,raw/published/resources/2ae2f8951fc8-dentvitalis33.shared.f8a4284a1.css,css-1daadb22de65,.nav-dropdown-link.w--current,color,var(--tamana-call),False,[],"[""/informazioni/trasporto"", ""/informazioni/alloggio"", ""/informazioni/listino-prezzi"", ""/informazioni/garanzie"", ""/informazioni/pagamento-flessibile"", ""/informazioni/tempi-del-trattamento"", ""/informazioni/prima-visita-gratuita"", ""/prestazioni/sedazione-cosciente"", ""/su-di-noi/impianti-di-nuova-generazione"", ""/su-di-noi/materiali-e-apparecchiature"", ""/su-di-noi/laboratorio-odontotecnico"", ""/su-di-noi/come-raggiungerci"", ""/su-di-noi/tutto-in-un-unico-luogo"", ""/su-di-noi/i-nostri-specialisti"", ""/prestazioni/corone-faccette-ponti-e-protesi"", ""/prestazioni/sbiancamento-dei-denti"", ""/prestazioni/premium-ponte-fisso-su-impianti"", ""/prestazioni/protesi-definitiva-ancorata-su-4-impianti""]",[],[],extracted,derived,
variable-c91afa07-c094-dcd9-4b58-ef280f217e72,Siva crta transparent,--siva-crta-transparent,raw/published/resources/2ae2f8951fc8-dentvitalis33.shared.f8a4284a1.css,css-ad0ca40902a5,.navbar,border-bottom,1px solid var(--siva-crta-transparent),False,[],"[""/condizioni-di-utilizzo"", ""/informativa-sulla-privacy"", ""/informazioni-per-pazienti"", ""/chi-siamo"", ""/prestazioni-dentali"", ""/informazioni/trasporto"", ""/informazioni/alloggio"", ""/testimonianze"", ""/contatti"", ""/faq"", ""/domande-e-risposte"", ""/informazioni/listino-prezzi"", ""/informazioni/garanzie"", ""/informazioni/pagamento-flessibile"", ""/informazioni/tempi-del-trattamento"", ""/informazioni/prima-visita-gratuita"", ""/prestazioni/sedazione-cosciente"", ""/su-di-noi/impianti-di-nuova-generazione"", ""/su-di-noi/materiali-e-apparecchiature"", ""/su-di-noi/laboratorio-odontotecnico"", ""/su-di-noi/come-raggiungerci"", ""/su-di-noi/tutto-in-un-unico-luogo"", ""/su-di-noi/i-nostri-specialisti"", ""/prestazioni/corone-faccette-ponti-e-protesi"", ""/prestazioni/sbiancamento-dei-denti"", ""/prestazioni/premium-ponte-fisso-su-impianti"", ""/prestazioni/protesi-definitiva-ancorata-su-4-impianti"", ""/""]","[{""id"": ""e6e85a02-c3d6-08eb-5df3-a2c1c099f1f6"", ""name"": ""Navbar"", ""isComboClass"": false}]","[{""id"": ""82b2ce1d-fc74-8408-a46c-893c2f6ef824"", ""name"": ""navigacija""}]",extracted,derived,
variable-42628c23-e7e6-e965-dc67-74f46506df43,Bijela,--bijela,raw/published/resources/2ae2f8951fc8-dentvitalis33.shared.f8a4284a1.css,css-ad0ca40902a5,.navbar,background-color,var(--bijela),False,[],"[""/condizioni-di-utilizzo"", ""/informativa-sulla-privacy"", ""/informazioni-per-pazienti"", ""/chi-siamo"", ""/prestazioni-dentali"", ""/informazioni/trasporto"", ""/informazioni/alloggio"", ""/testimonianze"", ""/contatti"", ""/faq"", ""/domande-e-risposte"", ""/informazioni/listino-prezzi"", ""/informazioni/garanzie"", ""/informazioni/pagamento-flessibile"", ""/informazioni/tempi-del-trattamento"", ""/informazioni/prima-visita-gratuita"", ""/prestazioni/sedazione-cosciente"", ""/su-di-noi/impianti-di-nuova-generazione"", ""/su-di-noi/materiali-e-apparecchiature"", ""/su-di-noi/laboratorio-odontotecnico"", ""/su-di-noi/come-raggiungerci"", ""/su-di-noi/tutto-in-un-unico-luogo"", ""/su-di-noi/i-nostri-specialisti"", ""/prestazioni/corone-faccette-ponti-e-protesi"", ""/prestazioni/sbiancamento-dei-denti"", ""/prestazioni/premium-ponte-fisso-su-impianti"", ""/prestazioni/protesi-definitiva-ancorata-su-4-impianti"", ""/""]","[{""id"": ""e6e85a02-c3d6-08eb-5df3-a2c1c099f1f6"", ""name"": ""Navbar"", ""isComboClass"": false}]","[{""id"": ""82b2ce1d-fc74-8408-a46c-893c2f6ef824"", ""name"": ""navigacija""}]",extracted,derived,
variable-636803fe-8821-1ae5-1950-9634a6a61fbc,svijetla-call,--svijetla-call,raw/published/resources/2ae2f8951fc8-dentvitalis33.shared.f8a4284a1.css,css-74045cc5cb67,.nav-dropdown-link-line,background-color,var(--svijetla-call),False,[],"[""/condizioni-di-utilizzo"", ""/informativa-sulla-privacy"", ""/informazioni-per-pazienti"", ""/chi-siamo"", ""/prestazioni-dentali"", ""/informazioni/trasporto"", ""/informazioni/alloggio"", ""/testimonianze"", ""/contatti"", ""/faq"", ""/domande-e-risposte"", ""/informazioni/listino-prezzi"", ""/informazioni/garanzie"", ""/informazioni/pagamento-flessibile"", ""/informazioni/tempi-del-trattamento"", ""/informazioni/prima-visita-gratuita"", ""/prestazioni/sedazione-cosciente"", ""/su-di-noi/impianti-di-nuova-generazione"", ""/su-di-noi/materiali-e-apparecchiature"", ""/su-di-noi/laboratorio-odontotecnico"", ""/su-di-noi/come-raggiungerci"", ""/su-di-noi/tutto-in-un-unico-luogo"", ""/su-di-noi/i-nostri-specialisti"", ""/prestazioni/corone-faccette-ponti-e-protesi"", ""/prestazioni/sbiancamento-dei-denti"", ""/prestazioni/premium-ponte-fisso-su-impianti"", ""/prestazioni/protesi-definitiva-ancorata-su-4-impianti"", ""/""]","[{""id"": ""e6e85a02-c3d6-08eb-5df3-a2c1c099f1f7"", ""name"": ""Nav Dropdown Link Line"", ""isComboClass"": false}]","[{""id"": ""82b2ce1d-fc74-8408-a46c-893c2f6ef824"", ""name"": ""navigacija""}]",extracted,derived,
variable-42628c23-e7e6-e965-dc67-74f46506df43,Bijela,--bijela,raw/published/resources/2ae2f8951fc8-dentvitalis33.shared.f8a4284a1.css,css-4c73d987b8b9,.footer,background-color,var(--bijela),False,[],"[""/condizioni-di-utilizzo"", ""/informativa-sulla-privacy"", ""/informazioni-per-pazienti"", ""/chi-siamo"", ""/prestazioni-dentali"", ""/informazioni/trasporto"", ""/informazioni/alloggio"", ""/testimonianze"", ""/contatti"", ""/faq"", ""/domande-e-risposte"", ""/informazioni/listino-prezzi"", ""/informazioni/garanzie"", ""/informazioni/pagamento-flessibile"", ""/informazioni/tempi-del-trattamento"", ""/informazioni/prima-visita-gratuita"", ""/prestazioni/sedazione-cosciente"", ""/su-di-noi/impianti-di-nuova-generazione"", ""/su-di-noi/materiali-e-apparecchiature"", ""/su-di-noi/laboratorio-odontotecnico"", ""/su-di-noi/come-raggiungerci"", ""/su-di-noi/tutto-in-un-unico-luogo"", ""/su-di-noi/i-nostri-specialisti"", ""/prestazioni/corone-faccette-ponti-e-protesi"", ""/prestazioni/sbiancamento-dei-denti"", ""/prestazioni/premium-ponte-fisso-su-impianti"", ""/prestazioni/protesi-definitiva-ancorata-su-4-impianti"", ""/""]","[{""id"": ""e6e85a02-c3d6-08eb-5df3-a2c1c099f200"", ""name"": ""Footer"", ""isComboClass"": false}]","[{""id"": ""cdb4010a-fc4d-930a-8493-bc7524d3344d"", ""name"": ""Footer""}]",extracted,derived,
variable-a1b95303-e2d2-d513-3d9a-c4726e49c0d8,zakrivljenost,--zakrivljenost,raw/published/resources/2ae2f8951fc8-dentvitalis33.shared.f8a4284a1.css,css-943d1af7f8ec,.secondary-button.header-button,border-radius,var(--zakrivljenost),False,[],"[""/condizioni-di-utilizzo"", ""/informativa-sulla-privacy"", ""/informazioni-per-pazienti"", ""/chi-siamo"", ""/prestazioni-dentali"", ""/informazioni/trasporto"", ""/informazioni/alloggio"", ""/testimonianze"", ""/contatti"", ""/faq"", ""/domande-e-risposte"", ""/informazioni/listino-prezzi"", ""/informazioni/garanzie"", ""/informazioni/pagamento-flessibile"", ""/informazioni/tempi-del-trattamento"", ""/informazioni/prima-visita-gratuita"", ""/prestazioni/sedazione-cosciente"", ""/su-di-noi/impianti-di-nuova-generazione"", ""/su-di-noi/materiali-e-apparecchiature"", ""/su-di-noi/laboratorio-odontotecnico"", ""/su-di-noi/come-raggiungerci"", ""/su-di-noi/tutto-in-un-unico-luogo"", ""/su-di-noi/i-nostri-specialisti"", ""/prestazioni/corone-faccette-ponti-e-protesi"", ""/prestazioni/sbiancamento-dei-denti"", ""/prestazioni/premium-ponte-fisso-su-impianti"", ""/prestazioni/protesi-definitiva-ancorata-su-4-impianti"", ""/""]","[{""id"": ""e6e85a02-c3d6-08eb-5df3-a2c1c099f284"", ""name"": ""Header Button"", ""isComboClass"": true}]","[{""id"": ""82b2ce1d-fc74-8408-a46c-893c2f6ef824"", ""name"": ""navigacija""}]",extracted,derived,
variable-1409a02f-5e45-fc0b-413b-160f609caa56,tamana-call,--tamana-call,raw/published/resources/2ae2f8951fc8-dentvitalis33.shared.f8a4284a1.css,css-943d1af7f8ec,.secondary-button.header-button,background-color,var(--tamana-call),False,[],"[""/condizioni-di-utilizzo"", ""/informativa-sulla-privacy"", ""/informazioni-per-pazienti"", ""/chi-siamo"", ""/prestazioni-dentali"", ""/informazioni/trasporto"", ""/informazioni/alloggio"", ""/testimonianze"", ""/contatti"", ""/faq"", ""/domande-e-risposte"", ""/informazioni/listino-prezzi"", ""/informazioni/garanzie"", ""/informazioni/pagamento-flessibile"", ""/informazioni/tempi-del-trattamento"", ""/informazioni/prima-visita-gratuita"", ""/prestazioni/sedazione-cosciente"", ""/su-di-noi/impianti-di-nuova-generazione"", ""/su-di-noi/materiali-e-apparecchiature"", ""/su-di-noi/laboratorio-odontotecnico"", ""/su-di-noi/come-raggiungerci"", ""/su-di-noi/tutto-in-un-unico-luogo"", ""/su-di-noi/i-nostri-specialisti"", ""/prestazioni/corone-faccette-ponti-e-protesi"", ""/prestazioni/sbiancamento-dei-denti"", ""/prestazioni/premium-ponte-fisso-su-impianti"", ""/prestazioni/protesi-definitiva-ancorata-su-4-impianti"", ""/""]","[{""id"": ""e6e85a02-c3d6-08eb-5df3-a2c1c099f284"", ""name"": ""Header Button"", ""isComboClass"": true}]","[{""id"": ""82b2ce1d-fc74-8408-a46c-893c2f6ef824"", ""name"": ""navigacija""}]",extracted,derived,
variable-42628c23-e7e6-e965-dc67-74f46506df43,Bijela,--bijela,raw/published/resources/2ae2f8951fc8-dentvitalis33.shared.f8a4284a1.css,css-943d1af7f8ec,.secondary-button.header-button,color,var(--bijela),False,[],"[""/condizioni-di-utilizzo"", ""/informativa-sulla-privacy"", ""/informazioni-per-pazienti"", ""/chi-siamo"", ""/prestazioni-dentali"", ""/informazioni/trasporto"", ""/informazioni/alloggio"", ""/testimonianze"", ""/contatti"", ""/faq"", ""/domande-e-risposte"", ""/informazioni/listino-prezzi"", ""/informazioni/garanzie"", ""/informazioni/pagamento-flessibile"", ""/informazioni/tempi-del-trattamento"", ""/informazioni/prima-visita-gratuita"", ""/prestazioni/sedazione-cosciente"", ""/su-di-noi/impianti-di-nuova-generazione"", ""/su-di-noi/materiali-e-apparecchiature"", ""/su-di-noi/laboratorio-odontotecnico"", ""/su-di-noi/come-raggiungerci"", ""/su-di-noi/tutto-in-un-unico-luogo"", ""/su-di-noi/i-nostri-specialisti"", ""/prestazioni/corone-faccette-ponti-e-protesi"", ""/prestazioni/sbiancamento-dei-denti"", ""/prestazioni/premium-ponte-fisso-su-impianti"", ""/prestazioni/protesi-definitiva-ancorata-su-4-impianti"", ""/""]","[{""id"": ""e6e85a02-c3d6-08eb-5df3-a2c1c099f284"", ""name"": ""Header Button"", ""isComboClass"": true}]","[{""id"": ""82b2ce1d-fc74-8408-a46c-893c2f6ef824"", ""name"": ""navigacija""}]",extracted,derived,
variable-a1b95303-e2d2-d513-3d9a-c4726e49c0d8,zakrivljenost,--zakrivljenost,raw/published/resources/2ae2f8951fc8-dentvitalis33.shared.f8a4284a1.css,css-be70fc9280dd,.nav-dropdown-toggle,border-radius,var(--zakrivljenost),False,[],"[""/condizioni-di-utilizzo"", ""/informativa-sulla-privacy"", ""/informazioni-per-pazienti"", ""/chi-siamo"", ""/prestazioni-dentali"", ""/informazioni/trasporto"", ""/informazioni/alloggio"", ""/testimonianze"", ""/contatti"", ""/faq"", ""/domande-e-risposte"", ""/informazioni/listino-prezzi"", ""/informazioni/garanzie"", ""/informazioni/pagamento-flessibile"", ""/informazioni/tempi-del-trattamento"", ""/informazioni/prima-visita-gratuita"", ""/prestazioni/sedazione-cosciente"", ""/su-di-noi/impianti-di-nuova-generazione"", ""/su-di-noi/materiali-e-apparecchiature"", ""/su-di-noi/laboratorio-odontotecnico"", ""/su-di-noi/come-raggiungerci"", ""/su-di-noi/tutto-in-un-unico-luogo"", ""/su-di-noi/i-nostri-specialisti"", ""/prestazioni/corone-faccette-ponti-e-protesi"", ""/prestazioni/sbiancamento-dei-denti"", ""/prestazioni/premium-ponte-fisso-su-impianti"", ""/prestazioni/protesi-definitiva-ancorata-su-4-impianti"", ""/""]","[{""id"": ""e6e85a02-c3d6-08eb-5df3-a2c1c099f24e"", ""name"": ""Nav Dropdown Toggle"", ""isComboClass"": false}]","[{""id"": ""82b2ce1d-fc74-8408-a46c-893c2f6ef824"", ""name"": ""navigacija""}]",extracted,derived,
variable-7871740f-ec68-7438-41c4-7e0c36e94c3b,Crna,--crna,raw/published/resources/2ae2f8951fc8-dentvitalis33.shared.f8a4284a1.css,css-be70fc9280dd,.nav-dropdown-toggle,color,var(--crna),False,[],"[""/condizioni-di-utilizzo"", ""/informativa-sulla-privacy"", ""/informazioni-per-pazienti"", ""/chi-siamo"", ""/prestazioni-dentali"", ""/informazioni/trasporto"", ""/informazioni/alloggio"", ""/testimonianze"", ""/contatti"", ""/faq"", ""/domande-e-risposte"", ""/informazioni/listino-prezzi"", ""/informazioni/garanzie"", ""/informazioni/pagamento-flessibile"", ""/informazioni/tempi-del-trattamento"", ""/informazioni/prima-visita-gratuita"", ""/prestazioni/sedazione-cosciente"", ""/su-di-noi/impianti-di-nuova-generazione"", ""/su-di-noi/materiali-e-apparecchiature"", ""/su-di-noi/laboratorio-odontotecnico"", ""/su-di-noi/come-raggiungerci"", ""/su-di-noi/tutto-in-un-unico-luogo"", ""/su-di-noi/i-nostri-specialisti"", ""/prestazioni/corone-faccette-ponti-e-protesi"", ""/prestazioni/sbiancamento-dei-denti"", ""/prestazioni/premium-ponte-fisso-su-impianti"", ""/prestazioni/protesi-definitiva-ancorata-su-4-impianti"", ""/""]","[{""id"": ""e6e85a02-c3d6-08eb-5df3-a2c1c099f24e"", ""name"": ""Nav Dropdown Toggle"", ""isComboClass"": false}]","[{""id"": ""82b2ce1d-fc74-8408-a46c-893c2f6ef824"", ""name"": ""navigacija""}]",extracted,derived,
variable-636803fe-8821-1ae5-1950-9634a6a61fbc,svijetla-call,--svijetla-call,raw/published/resources/2ae2f8951fc8-dentvitalis33.shared.f8a4284a1.css,css-417b2fcec01a,.nav-dropdown-toggle:hover,background-color,var(--svijetla-call),False,[],"[""/condizioni-di-utilizzo"", ""/informativa-sulla-privacy"", ""/informazioni-per-pazienti"", ""/chi-siamo"", ""/prestazioni-dentali"", ""/informazioni/trasporto"", ""/informazioni/alloggio"", ""/testimonianze"", ""/contatti"", ""/faq"", ""/domande-e-risposte"", ""/informazioni/listino-prezzi"", ""/informazioni/garanzie"", ""/informazioni/pagamento-flessibile"", ""/informazioni/tempi-del-trattamento"", ""/informazioni/prima-visita-gratuita"", ""/prestazioni/sedazione-cosciente"", ""/su-di-noi/impianti-di-nuova-generazione"", ""/su-di-noi/materiali-e-apparecchiature"", ""/su-di-noi/laboratorio-odontotecnico"", ""/su-di-noi/come-raggiungerci"", ""/su-di-noi/tutto-in-un-unico-luogo"", ""/su-di-noi/i-nostri-specialisti"", ""/prestazioni/corone-faccette-ponti-e-protesi"", ""/prestazioni/sbiancamento-dei-denti"", ""/prestazioni/premium-ponte-fisso-su-impianti"", ""/prestazioni/protesi-definitiva-ancorata-su-4-impianti"", ""/""]",[],[],extracted,derived,
variable-42628c23-e7e6-e965-dc67-74f46506df43,Bijela,--bijela,raw/published/resources/2ae2f8951fc8-dentvitalis33.shared.f8a4284a1.css,css-417b2fcec01a,.nav-dropdown-toggle:hover,color,var(--bijela),False,[],"[""/condizioni-di-utilizzo"", ""/informativa-sulla-privacy"", ""/informazioni-per-pazienti"", ""/chi-siamo"", ""/prestazioni-dentali"", ""/informazioni/trasporto"", ""/informazioni/alloggio"", ""/testimonianze"", ""/contatti"", ""/faq"", ""/domande-e-risposte"", ""/informazioni/listino-prezzi"", ""/informazioni/garanzie"", ""/informazioni/pagamento-flessibile"", ""/informazioni/tempi-del-trattamento"", ""/informazioni/prima-visita-gratuita"", ""/prestazioni/sedazione-cosciente"", ""/su-di-noi/impianti-di-nuova-generazione"", ""/su-di-noi/materiali-e-apparecchiature"", ""/su-di-noi/laboratorio-odontotecnico"", ""/su-di-noi/come-raggiungerci"", ""/su-di-noi/tutto-in-un-unico-luogo"", ""/su-di-noi/i-nostri-specialisti"", ""/prestazioni/corone-faccette-ponti-e-protesi"", ""/prestazioni/sbiancamento-dei-denti"", ""/prestazioni/premium-ponte-fisso-su-impianti"", ""/prestazioni/protesi-definitiva-ancorata-su-4-impianti"", ""/""]",[],[],extracted,derived,
variable-7871740f-ec68-7438-41c4-7e0c36e94c3b,Crna,--crna,raw/published/resources/2ae2f8951fc8-dentvitalis33.shared.f8a4284a1.css,css-f81e82b01471,.nav-link,color,var(--crna),False,[],"[""/condizioni-di-utilizzo"", ""/informativa-sulla-privacy"", ""/informazioni-per-pazienti"", ""/chi-siamo"", ""/prestazioni-dentali"", ""/informazioni/trasporto"", ""/informazioni/alloggio"", ""/testimonianze"", ""/contatti"", ""/faq"", ""/domande-e-risposte"", ""/informazioni/listino-prezzi"", ""/informazioni/garanzie"", ""/informazioni/pagamento-flessibile"", ""/informazioni/tempi-del-trattamento"", ""/informazioni/prima-visita-gratuita"", ""/prestazioni/sedazione-cosciente"", ""/su-di-noi/impianti-di-nuova-generazione"", ""/su-di-noi/materiali-e-apparecchiature"", ""/su-di-noi/laboratorio-odontotecnico"", ""/su-di-noi/come-raggiungerci"", ""/su-di-noi/tutto-in-un-unico-luogo"", ""/su-di-noi/i-nostri-specialisti"", ""/prestazioni/corone-faccette-ponti-e-protesi"", ""/prestazioni/sbiancamento-dei-denti"", ""/prestazioni/premium-ponte-fisso-su-impianti"", ""/prestazioni/protesi-definitiva-ancorata-su-4-impianti"", ""/""]","[{""id"": ""e6e85a02-c3d6-08eb-5df3-a2c1c099f268"", ""name"": ""Nav Link"", ""isComboClass"": false}]","[{""id"": ""82b2ce1d-fc74-8408-a46c-893c2f6ef824"", ""name"": ""navigacija""}]",extracted,derived,
variable-636803fe-8821-1ae5-1950-9634a6a61fbc,svijetla-call,--svijetla-call,raw/published/resources/2ae2f8951fc8-dentvitalis33.shared.f8a4284a1.css,css-52d05cc536c0,.nav-link:hover,color,var(--svijetla-call),False,[],"[""/condizioni-di-utilizzo"", ""/informativa-sulla-privacy"", ""/informazioni-per-pazienti"", ""/chi-siamo"", ""/prestazioni-dentali"", ""/informazioni/trasporto"", ""/informazioni/alloggio"", ""/testimonianze"", ""/contatti"", ""/faq"", ""/domande-e-risposte"", ""/informazioni/listino-prezzi"", ""/informazioni/garanzie"", ""/informazioni/pagamento-flessibile"", ""/informazioni/tempi-del-trattamento"", ""/informazioni/prima-visita-gratuita"", ""/prestazioni/sedazione-cosciente"", ""/su-di-noi/impianti-di-nuova-generazione"", ""/su-di-noi/materiali-e-apparecchiature"", ""/su-di-noi/laboratorio-odontotecnico"", ""/su-di-noi/come-raggiungerci"", ""/su-di-noi/tutto-in-un-unico-luogo"", ""/su-di-noi/i-nostri-specialisti"", ""/prestazioni/corone-faccette-ponti-e-protesi"", ""/prestazioni/sbiancamento-dei-denti"", ""/prestazioni/premium-ponte-fisso-su-impianti"", ""/prestazioni/protesi-definitiva-ancorata-su-4-impianti"", ""/""]",[],[],extracted,derived,
variable-636803fe-8821-1ae5-1950-9634a6a61fbc,svijetla-call,--svijetla-call,raw/published/resources/2ae2f8951fc8-dentvitalis33.shared.f8a4284a1.css,css-6661542011a9,.nav-link.w--current,color,var(--svijetla-call),False,[],"[""/testimonianze"", ""/contatti"", ""/faq"", ""/domande-e-risposte""]",[],[],extracted,derived,
variable-b5706ac6-958b-58c2-4db2-ec8832f33e78,pozadina,--pozadina,raw/published/resources/2ae2f8951fc8-dentvitalis33.shared.f8a4284a1.css,css-117b5e6baa80,.body,background-color,var(--pozadina),False,[],"[""/informazioni/trasporto"", ""/informazioni/alloggio"", ""/testimonianze"", ""/contatti"", ""/faq"", ""/domande-e-risposte"", ""/informazioni/listino-prezzi"", ""/informazioni/garanzie"", ""/informazioni/pagamento-flessibile"", ""/informazioni/tempi-del-trattamento"", ""/informazioni/prima-visita-gratuita"", ""/prestazioni/sedazione-cosciente"", ""/su-di-noi/impianti-di-nuova-generazione"", ""/su-di-noi/materiali-e-apparecchiature"", ""/su-di-noi/laboratorio-odontotecnico"", ""/su-di-noi/come-raggiungerci"", ""/su-di-noi/tutto-in-un-unico-luogo"", ""/su-di-noi/i-nostri-specialisti"", ""/prestazioni/corone-faccette-ponti-e-protesi"", ""/prestazioni/sbiancamento-dei-denti"", ""/prestazioni/premium-ponte-fisso-su-impianti"", ""/prestazioni/protesi-definitiva-ancorata-su-4-impianti"", ""/""]","[{""id"": ""d4dc2fcb-582c-6f4b-b967-5b632673c1f6"", ""name"": ""Body"", ""isComboClass"": false}]",[],extracted,derived,
variable-7871740f-ec68-7438-41c4-7e0c36e94c3b,Crna,--crna,raw/published/resources/2ae2f8951fc8-dentvitalis33.shared.f8a4284a1.css,css-117b5e6baa80,.body,color,var(--crna),False,[],"[""/informazioni/trasporto"", ""/informazioni/alloggio"", ""/testimonianze"", ""/contatti"", ""/faq"", ""/domande-e-risposte"", ""/informazioni/listino-prezzi"", ""/informazioni/garanzie"", ""/informazioni/pagamento-flessibile"", ""/informazioni/tempi-del-trattamento"", ""/informazioni/prima-visita-gratuita"", ""/prestazioni/sedazione-cosciente"", ""/su-di-noi/impianti-di-nuova-generazione"", ""/su-di-noi/materiali-e-apparecchiature"", ""/su-di-noi/laboratorio-odontotecnico"", ""/su-di-noi/come-raggiungerci"", ""/su-di-noi/tutto-in-un-unico-luogo"", ""/su-di-noi/i-nostri-specialisti"", ""/prestazioni/corone-faccette-ponti-e-protesi"", ""/prestazioni/sbiancamento-dei-denti"", ""/prestazioni/premium-ponte-fisso-su-impianti"", ""/prestazioni/protesi-definitiva-ancorata-su-4-impianti"", ""/""]","[{""id"": ""d4dc2fcb-582c-6f4b-b967-5b632673c1f6"", ""name"": ""Body"", ""isComboClass"": false}]",[],extracted,derived,
variable-1409a02f-5e45-fc0b-413b-160f609caa56,tamana-call,--tamana-call,raw/published/resources/2ae2f8951fc8-dentvitalis33.shared.f8a4284a1.css,css-9fa911b81a1b,.gradient,background-image,"linear-gradient(270deg, #19242e8c, #487ba400 10%, #e3e3e300 38%, var(--tamana-call))",False,[],"[""/""]","[{""id"": ""8c6cb48f-c970-c747-49b1-caf68c1f90d1"", ""name"": ""gradient"", ""isComboClass"": false}]",[],extracted,derived,
variable-636803fe-8821-1ae5-1950-9634a6a61fbc,svijetla-call,--svijetla-call,raw/published/resources/2ae2f8951fc8-dentvitalis33.shared.f8a4284a1.css,css-140b67485a25,.home-service-card,border-bottom,10px none var(--svijetla-call),False,[],"[""/prestazioni/corone-faccette-ponti-e-protesi"", ""/prestazioni/sbiancamento-dei-denti"", ""/prestazioni/premium-ponte-fisso-su-impianti"", ""/prestazioni/protesi-definitiva-ancorata-su-4-impianti"", ""/""]","[{""id"": ""ef0f789e-27c6-4ba8-0a82-1b75d11b17fe"", ""name"": ""Home Service Card"", ""isComboClass"": false}]","[{""id"": ""4e75e80f-18e3-7eb0-519d-3b33dc5a3c5c"", ""name"": ""Section Informazioni""}, {""id"": ""11f7cd79-d19d-6f76-04ff-ce57e5706c5a"", ""name"": ""kartica Premium: ponte fisso su impianti""}, {""id"": ""9db036bc-9bac-25ca-e571-158aa48dd517"", ""name"": ""kartica Facilissimo: sbiancamento dei denti""}, {""id"": ""1d7ffbd5-8dbd-bf93-8a74-9fdeb3200f80"", ""name"": ""kartica Corone, faccette, ponti e protesi""}, {""id"": ""d430cc2c-555c-6d7a-ff18-8922771fa88e"", ""name"": ""kartica Imperdibile: protesi definitiva ancorata su 4 impianti""}, {""id"": ""80120cd6-e65f-28c3-91c4-db8ef46ae663"", ""name"": ""kartica Sedazione cosciente""}]",extracted,derived,
variable-636803fe-8821-1ae5-1950-9634a6a61fbc,svijetla-call,--svijetla-call,raw/published/resources/2ae2f8951fc8-dentvitalis33.shared.f8a4284a1.css,css-140b67485a25,.home-service-card,border-left,10px none var(--svijetla-call),False,[],"[""/prestazioni/corone-faccette-ponti-e-protesi"", ""/prestazioni/sbiancamento-dei-denti"", ""/prestazioni/premium-ponte-fisso-su-impianti"", ""/prestazioni/protesi-definitiva-ancorata-su-4-impianti"", ""/""]","[{""id"": ""ef0f789e-27c6-4ba8-0a82-1b75d11b17fe"", ""name"": ""Home Service Card"", ""isComboClass"": false}]","[{""id"": ""4e75e80f-18e3-7eb0-519d-3b33dc5a3c5c"", ""name"": ""Section Informazioni""}, {""id"": ""11f7cd79-d19d-6f76-04ff-ce57e5706c5a"", ""name"": ""kartica Premium: ponte fisso su impianti""}, {""id"": ""9db036bc-9bac-25ca-e571-158aa48dd517"", ""name"": ""kartica Facilissimo: sbiancamento dei denti""}, {""id"": ""1d7ffbd5-8dbd-bf93-8a74-9fdeb3200f80"", ""name"": ""kartica Corone, faccette, ponti e protesi""}, {""id"": ""d430cc2c-555c-6d7a-ff18-8922771fa88e"", ""name"": ""kartica Imperdibile: protesi definitiva ancorata su 4 impianti""}, {""id"": ""80120cd6-e65f-28c3-91c4-db8ef46ae663"", ""name"": ""kartica Sedazione cosciente""}]",extracted,derived,
variable-4a7968e2-7904-2751-1793-11f0211814b6,Svjetlija plava,--svjetlija-plava,raw/published/resources/2ae2f8951fc8-dentvitalis33.shared.f8a4284a1.css,css-6207741d5c9e,.home-service-card.informazioni,border-left,10px solid var(--svjetlija-plava),False,[],"[""/""]","[{""id"": ""03c7d448-06b0-3f63-2d88-20832266ac85"", ""name"": ""informazioni"", ""isComboClass"": true}]","[{""id"": ""4e75e80f-18e3-7eb0-519d-3b33dc5a3c5c"", ""name"": ""Section Informazioni""}, {""id"": ""2218f1d9-b81b-56c5-3884-620b224831a9"", ""name"": ""Section FAQ""}]",extracted,derived,
variable-7871740f-ec68-7438-41c4-7e0c36e94c3b,Crna,--crna,raw/published/resources/2ae2f8951fc8-dentvitalis33.shared.f8a4284a1.css,css-ffce318b3424,.div-block-3,color,var(--crna),False,[],[],"[{""id"": ""0eabc2d2-b94d-6f0e-3542-8df1367f08ec"", ""name"": ""Div Block 3"", ""isComboClass"": false}]","[{""id"": ""a6383e85-b972-e425-5602-e5554d54c939"", ""name"": ""banner-card""}]",extracted,derived,
variable-636803fe-8821-1ae5-1950-9634a6a61fbc,svijetla-call,--svijetla-call,raw/published/resources/2ae2f8951fc8-dentvitalis33.shared.f8a4284a1.css,css-4284aee9d0ff,.primary-button-2,background-color,var(--svijetla-call),False,[],[],"[{""id"": ""58e2fb74-2d44-b0f9-1b3b-48ccdd8df033"", ""name"": ""Primary Button 2"", ""isComboClass"": false}]",[],extracted,derived,
variable-1409a02f-5e45-fc0b-413b-160f609caa56,tamana-call,--tamana-call,raw/published/resources/2ae2f8951fc8-dentvitalis33.shared.f8a4284a1.css,css-4284aee9d0ff,.primary-button-2,color,var(--tamana-call),False,[],[],"[{""id"": ""58e2fb74-2d44-b0f9-1b3b-48ccdd8df033"", ""name"": ""Primary Button 2"", ""isComboClass"": false}]",[],extracted,derived,
variable-1409a02f-5e45-fc0b-413b-160f609caa56,tamana-call,--tamana-call,raw/published/resources/2ae2f8951fc8-dentvitalis33.shared.f8a4284a1.css,css-f64d36cecf1c,.primary-button-2:hover,background-color,var(--tamana-call),False,[],[],[],[],extracted,derived,
variable-42628c23-e7e6-e965-dc67-74f46506df43,Bijela,--bijela,raw/published/resources/2ae2f8951fc8-dentvitalis33.shared.f8a4284a1.css,css-f64d36cecf1c,.primary-button-2:hover,color,var(--bijela),False,[],[],[],[],extracted,derived,
variable-7871740f-ec68-7438-41c4-7e0c36e94c3b,Crna,--crna,raw/published/resources/2ae2f8951fc8-dentvitalis33.shared.f8a4284a1.css,css-a828ed5775cc,.text-block-11,color,var(--crna),False,[],"[""/condizioni-di-utilizzo"", ""/informativa-sulla-privacy"", ""/informazioni/trasporto"", ""/informazioni/alloggio"", ""/testimonianze"", ""/contatti"", ""/faq"", ""/domande-e-risposte"", ""/informazioni/listino-prezzi"", ""/informazioni/garanzie"", ""/informazioni/pagamento-flessibile"", ""/informazioni/tempi-del-trattamento"", ""/informazioni/prima-visita-gratuita"", ""/prestazioni/sedazione-cosciente"", ""/su-di-noi/impianti-di-nuova-generazione"", ""/su-di-noi/materiali-e-apparecchiature"", ""/su-di-noi/laboratorio-odontotecnico"", ""/su-di-noi/come-raggiungerci"", ""/su-di-noi/tutto-in-un-unico-luogo"", ""/su-di-noi/i-nostri-specialisti"", ""/prestazioni/corone-faccette-ponti-e-protesi"", ""/prestazioni/sbiancamento-dei-denti"", ""/prestazioni/premium-ponte-fisso-su-impianti"", ""/prestazioni/protesi-definitiva-ancorata-su-4-impianti""]","[{""id"": ""54a7d5a9-217e-cb33-783f-45efeac9fa5a"", ""name"": ""Text Block 11"", ""isComboClass"": false}]","[{""id"": ""a6383e85-b972-e425-5602-e5554d54c939"", ""name"": ""banner-card""}, {""id"": ""12779da6-57f4-1edc-0b0f-c14d7c69e8c1"", ""name"": ""sidebar""}, {""id"": ""01415f8e-f1dc-065f-6696-5928ab24121b"", ""name"": ""Sidebar informazioni""}, {""id"": ""735f2c84-7518-48f7-693c-0197067ecaaf"", ""name"": ""sidebar Prestazioni""}]",extracted,derived,
variable-1409a02f-5e45-fc0b-413b-160f609caa56,tamana-call,--tamana-call,raw/published/resources/2ae2f8951fc8-dentvitalis33.shared.f8a4284a1.css,css-7e137a6d05d4,.values-block,background-color,var(--tamana-call),False,[],"[""/""]","[{""id"": ""d5635f45-a7aa-59f4-9aa9-bdd2ee704ecb"", ""name"": ""Values Block"", ""isComboClass"": false}]","[{""id"": ""587b085b-0eb5-6f0e-763d-212fecd904e0"", ""name"": ""Section Benvenuti""}, {""id"": ""c5b4d3d6-9300-613f-7c22-f4b3d5b0c351"", ""name"": ""Section Testimonianze""}]",extracted,derived,
variable-096e3c41-aba9-e979-277d-482de4374333,Transparent,--transparent,raw/published/resources/2ae2f8951fc8-dentvitalis33.shared.f8a4284a1.css,css-3bac2dc75945,.values-block.no-round,background-color,var(--transparent),False,[],"[""/""]","[{""id"": ""b715a3d7-25ad-f042-7f2d-dfbc46e919de"", ""name"": ""no round"", ""isComboClass"": true}]","[{""id"": ""587b085b-0eb5-6f0e-763d-212fecd904e0"", ""name"": ""Section Benvenuti""}, {""id"": ""c5b4d3d6-9300-613f-7c22-f4b3d5b0c351"", ""name"": ""Section Testimonianze""}]",extracted,derived,
variable-dbdd3ccf-b77c-6a3e-60b2-7e92aed7de59,siva-crta,--siva-crta,raw/published/resources/2ae2f8951fc8-dentvitalis33.shared.f8a4284a1.css,css-d8e90568ca0f,.values-list-item,border-bottom,1px solid var(--siva-crta),False,[],"[""/""]","[{""id"": ""d5635f45-a7aa-59f4-9aa9-bdd2ee704ecd"", ""name"": ""Values List Item"", ""isComboClass"": false}]","[{""id"": ""587b085b-0eb5-6f0e-763d-212fecd904e0"", ""name"": ""Section Benvenuti""}]",extracted,derived,
variable-636803fe-8821-1ae5-1950-9634a6a61fbc,svijetla-call,--svijetla-call,raw/published/resources/2ae2f8951fc8-dentvitalis33.shared.f8a4284a1.css,css-af019a99af76,.live-icon-chat,background-color,var(--svijetla-call),False,[],"[""/condizioni-di-utilizzo"", ""/informativa-sulla-privacy"", ""/informazioni-per-pazienti"", ""/chi-siamo"", ""/prestazioni-dentali"", ""/informazioni/trasporto"", ""/informazioni/alloggio"", ""/testimonianze"", ""/contatti"", ""/faq"", ""/domande-e-risposte"", ""/informazioni/listino-prezzi"", ""/informazioni/garanzie"", ""/informazioni/pagamento-flessibile"", ""/informazioni/tempi-del-trattamento"", ""/informazioni/prima-visita-gratuita"", ""/prestazioni/sedazione-cosciente"", ""/su-di-noi/impianti-di-nuova-generazione"", ""/su-di-noi/materiali-e-apparecchiature"", ""/su-di-noi/laboratorio-odontotecnico"", ""/su-di-noi/come-raggiungerci"", ""/su-di-noi/tutto-in-un-unico-luogo"", ""/su-di-noi/i-nostri-specialisti"", ""/prestazioni/corone-faccette-ponti-e-protesi"", ""/prestazioni/sbiancamento-dei-denti"", ""/prestazioni/premium-ponte-fisso-su-impianti"", ""/prestazioni/protesi-definitiva-ancorata-su-4-impianti"", ""/""]","[{""id"": ""83f2cc56-3a29-3903-e59c-0711f389e2cc"", ""name"": ""live-icon-chat"", ""isComboClass"": false}]","[{""id"": ""511a527c-0818-f243-94fb-c91d2b84e74a"", ""name"": ""WhatsApp""}]",extracted,derived,
variable-42628c23-e7e6-e965-dc67-74f46506df43,Bijela,--bijela,raw/published/resources/2ae2f8951fc8-dentvitalis33.shared.f8a4284a1.css,css-4111b4dec82f,.text-block-12,color,var(--bijela),False,[],"[""/condizioni-di-utilizzo"", ""/informativa-sulla-privacy"", ""/informazioni-per-pazienti"", ""/chi-siamo"", ""/prestazioni-dentali"", ""/informazioni/trasporto"", ""/informazioni/alloggio"", ""/testimonianze"", ""/contatti"", ""/faq"", ""/domande-e-risposte"", ""/informazioni/listino-prezzi"", ""/informazioni/garanzie"", ""/informazioni/pagamento-flessibile"", ""/informazioni/tempi-del-trattamento"", ""/informazioni/prima-visita-gratuita"", ""/prestazioni/sedazione-cosciente"", ""/su-di-noi/impianti-di-nuova-generazione"", ""/su-di-noi/materiali-e-apparecchiature"", ""/su-di-noi/laboratorio-odontotecnico"", ""/su-di-noi/come-raggiungerci"", ""/su-di-noi/tutto-in-un-unico-luogo"", ""/su-di-noi/i-nostri-specialisti"", ""/prestazioni/corone-faccette-ponti-e-protesi"", ""/prestazioni/sbiancamento-dei-denti"", ""/prestazioni/premium-ponte-fisso-su-impianti"", ""/prestazioni/protesi-definitiva-ancorata-su-4-impianti"", ""/""]","[{""id"": ""9e5c2c31-9b76-acd6-6d33-1681ce27d05d"", ""name"": ""Text Block 12"", ""isComboClass"": false}]","[{""id"": ""511a527c-0818-f243-94fb-c91d2b84e74a"", ""name"": ""WhatsApp""}]",extracted,derived,
variable-42628c23-e7e6-e965-dc67-74f46506df43,Bijela,--bijela,raw/published/resources/2ae2f8951fc8-dentvitalis33.shared.f8a4284a1.css,css-0ab2838c54a1,.huge-paragraph.bijeli,color,var(--bijela),False,[],"[""/condizioni-di-utilizzo"", ""/informativa-sulla-privacy"", ""/informazioni-per-pazienti"", ""/chi-siamo"", ""/prestazioni-dentali"", ""/informazioni/trasporto"", ""/informazioni/alloggio"", ""/testimonianze"", ""/contatti"", ""/faq"", ""/domande-e-risposte"", ""/informazioni/listino-prezzi"", ""/informazioni/garanzie"", ""/informazioni/pagamento-flessibile"", ""/informazioni/tempi-del-trattamento"", ""/informazioni/prima-visita-gratuita"", ""/prestazioni/sedazione-cosciente"", ""/su-di-noi/impianti-di-nuova-generazione"", ""/su-di-noi/materiali-e-apparecchiature"", ""/su-di-noi/laboratorio-odontotecnico"", ""/su-di-noi/come-raggiungerci"", ""/su-di-noi/tutto-in-un-unico-luogo"", ""/su-di-noi/i-nostri-specialisti"", ""/prestazioni/corone-faccette-ponti-e-protesi"", ""/prestazioni/sbiancamento-dei-denti"", ""/prestazioni/premium-ponte-fisso-su-impianti"", ""/prestazioni/protesi-definitiva-ancorata-su-4-impianti"", ""/""]","[{""id"": ""47f118d1-0820-78d4-c479-e2d6d7aeca90"", ""name"": ""bijeli"", ""isComboClass"": true}]","[{""id"": ""82b2ce1d-fc74-8408-a46c-893c2f6ef824"", ""name"": ""navigacija""}, {""id"": ""c5b4d3d6-9300-613f-7c22-f4b3d5b0c351"", ""name"": ""Section Testimonianze""}, {""id"": ""b3f8e1d2-757e-d6a0-6dbb-b11ab1a23dc2"", ""name"": ""Section Contatti""}, {""id"": ""1b710e68-38ef-1a3b-db46-5efe98f74ee5"", ""name"": ""Fiksni kontakti mobile""}]",extracted,derived,
variable-1409a02f-5e45-fc0b-413b-160f609caa56,tamana-call,--tamana-call,raw/published/resources/2ae2f8951fc8-dentvitalis33.shared.f8a4284a1.css,css-95e8865fadb6,.podloga,background-color,var(--tamana-call),False,[],"[""/condizioni-di-utilizzo"", ""/informativa-sulla-privacy"", ""/informazioni-per-pazienti"", ""/chi-siamo"", ""/prestazioni-dentali"", ""/informazioni/trasporto"", ""/informazioni/alloggio"", ""/testimonianze"", ""/contatti"", ""/faq"", ""/domande-e-risposte"", ""/informazioni/listino-prezzi"", ""/informazioni/garanzie"", ""/informazioni/pagamento-flessibile"", ""/informazioni/tempi-del-trattamento"", ""/informazioni/prima-visita-gratuita"", ""/prestazioni/sedazione-cosciente"", ""/su-di-noi/impianti-di-nuova-generazione"", ""/su-di-noi/materiali-e-apparecchiature"", ""/su-di-noi/laboratorio-odontotecnico"", ""/su-di-noi/come-raggiungerci"", ""/su-di-noi/tutto-in-un-unico-luogo"", ""/su-di-noi/i-nostri-specialisti"", ""/prestazioni/corone-faccette-ponti-e-protesi"", ""/prestazioni/sbiancamento-dei-denti"", ""/prestazioni/premium-ponte-fisso-su-impianti"", ""/prestazioni/protesi-definitiva-ancorata-su-4-impianti"", ""/""]","[{""id"": ""438b381f-e438-e2d8-5f35-a7a91491adb2"", ""name"": ""podloga"", ""isComboClass"": false}]","[{""id"": ""1b710e68-38ef-1a3b-db46-5efe98f74ee5"", ""name"": ""Fiksni kontakti mobile""}]",extracted,derived,
variable-7871740f-ec68-7438-41c4-7e0c36e94c3b,Crna,--crna,raw/published/resources/2ae2f8951fc8-dentvitalis33.shared.f8a4284a1.css,css-7baba35c3d08,.icon-embed-xxsmall,color,var(--crna),False,[],"[""/condizioni-di-utilizzo"", ""/informativa-sulla-privacy"", ""/informazioni-per-pazienti"", ""/chi-siamo"", ""/prestazioni-dentali"", ""/informazioni/trasporto"", ""/informazioni/alloggio"", ""/testimonianze"", ""/contatti"", ""/faq"", ""/domande-e-risposte"", ""/informazioni/listino-prezzi"", ""/informazioni/garanzie"", ""/informazioni/pagamento-flessibile"", ""/informazioni/tempi-del-trattamento"", ""/informazioni/prima-visita-gratuita"", ""/prestazioni/sedazione-cosciente"", ""/su-di-noi/impianti-di-nuova-generazione"", ""/su-di-noi/materiali-e-apparecchiature"", ""/su-di-noi/laboratorio-odontotecnico"", ""/su-di-noi/come-raggiungerci"", ""/su-di-noi/tutto-in-un-unico-luogo"", ""/su-di-noi/i-nostri-specialisti"", ""/prestazioni/corone-faccette-ponti-e-protesi"", ""/prestazioni/sbiancamento-dei-denti"", ""/prestazioni/premium-ponte-fisso-su-impianti"", ""/prestazioni/protesi-definitiva-ancorata-su-4-impianti"", ""/""]","[{""id"": ""438b381f-e438-e2d8-5f35-a7a91491adb4"", ""name"": ""icon-embed-xxsmall"", ""isComboClass"": false}]","[{""id"": ""82b2ce1d-fc74-8408-a46c-893c2f6ef824"", ""name"": ""navigacija""}, {""id"": ""1b710e68-38ef-1a3b-db46-5efe98f74ee5"", ""name"": ""Fiksni kontakti mobile""}]",extracted,derived,
variable-42628c23-e7e6-e965-dc67-74f46506df43,Bijela,--bijela,raw/published/resources/2ae2f8951fc8-dentvitalis33.shared.f8a4284a1.css,css-3ce7b46a7e43,.icon-embed-xxsmall.bijeli,color,var(--bijela),False,[],"[""/condizioni-di-utilizzo"", ""/informativa-sulla-privacy"", ""/informazioni-per-pazienti"", ""/chi-siamo"", ""/prestazioni-dentali"", ""/informazioni/trasporto"", ""/informazioni/alloggio"", ""/testimonianze"", ""/contatti"", ""/faq"", ""/domande-e-risposte"", ""/informazioni/listino-prezzi"", ""/informazioni/garanzie"", ""/informazioni/pagamento-flessibile"", ""/informazioni/tempi-del-trattamento"", ""/informazioni/prima-visita-gratuita"", ""/prestazioni/sedazione-cosciente"", ""/su-di-noi/impianti-di-nuova-generazione"", ""/su-di-noi/materiali-e-apparecchiature"", ""/su-di-noi/laboratorio-odontotecnico"", ""/su-di-noi/come-raggiungerci"", ""/su-di-noi/tutto-in-un-unico-luogo"", ""/su-di-noi/i-nostri-specialisti"", ""/prestazioni/corone-faccette-ponti-e-protesi"", ""/prestazioni/sbiancamento-dei-denti"", ""/prestazioni/premium-ponte-fisso-su-impianti"", ""/prestazioni/protesi-definitiva-ancorata-su-4-impianti"", ""/""]","[{""id"": ""9201ec30-44d5-13b2-4752-2f0b970cf2c2"", ""name"": ""bijeli"", ""isComboClass"": true}]","[{""id"": ""82b2ce1d-fc74-8408-a46c-893c2f6ef824"", ""name"": ""navigacija""}, {""id"": ""c5b4d3d6-9300-613f-7c22-f4b3d5b0c351"", ""name"": ""Section Testimonianze""}, {""id"": ""b3f8e1d2-757e-d6a0-6dbb-b11ab1a23dc2"", ""name"": ""Section Contatti""}, {""id"": ""1b710e68-38ef-1a3b-db46-5efe98f74ee5"", ""name"": ""Fiksni kontakti mobile""}]",extracted,derived,
variable-a1b95303-e2d2-d513-3d9a-c4726e49c0d8,zakrivljenost,--zakrivljenost,raw/published/resources/2ae2f8951fc8-dentvitalis33.shared.f8a4284a1.css,css-699a83264e6c,.gumb-upit,border-radius,var(--zakrivljenost),False,[],"[""/condizioni-di-utilizzo"", ""/informativa-sulla-privacy"", ""/informazioni-per-pazienti"", ""/chi-siamo"", ""/prestazioni-dentali"", ""/informazioni/trasporto"", ""/informazioni/alloggio"", ""/testimonianze"", ""/contatti"", ""/faq"", ""/domande-e-risposte"", ""/informazioni/listino-prezzi"", ""/informazioni/garanzie"", ""/informazioni/pagamento-flessibile"", ""/informazioni/tempi-del-trattamento"", ""/informazioni/prima-visita-gratuita"", ""/prestazioni/sedazione-cosciente"", ""/su-di-noi/impianti-di-nuova-generazione"", ""/su-di-noi/materiali-e-apparecchiature"", ""/su-di-noi/laboratorio-odontotecnico"", ""/su-di-noi/come-raggiungerci"", ""/su-di-noi/tutto-in-un-unico-luogo"", ""/su-di-noi/i-nostri-specialisti"", ""/prestazioni/corone-faccette-ponti-e-protesi"", ""/prestazioni/sbiancamento-dei-denti"", ""/prestazioni/premium-ponte-fisso-su-impianti"", ""/prestazioni/protesi-definitiva-ancorata-su-4-impianti"", ""/""]","[{""id"": ""438b381f-e438-e2d8-5f35-a7a91491adb5"", ""name"": ""Gumb upit"", ""isComboClass"": false}]","[{""id"": ""82b2ce1d-fc74-8408-a46c-893c2f6ef824"", ""name"": ""navigacija""}, {""id"": ""1b710e68-38ef-1a3b-db46-5efe98f74ee5"", ""name"": ""Fiksni kontakti mobile""}]",extracted,derived,
variable-1409a02f-5e45-fc0b-413b-160f609caa56,tamana-call,--tamana-call,raw/published/resources/2ae2f8951fc8-dentvitalis33.shared.f8a4284a1.css,css-699a83264e6c,.gumb-upit,background-color,var(--tamana-call),False,[],"[""/condizioni-di-utilizzo"", ""/informativa-sulla-privacy"", ""/informazioni-per-pazienti"", ""/chi-siamo"", ""/prestazioni-dentali"", ""/informazioni/trasporto"", ""/informazioni/alloggio"", ""/testimonianze"", ""/contatti"", ""/faq"", ""/domande-e-risposte"", ""/informazioni/listino-prezzi"", ""/informazioni/garanzie"", ""/informazioni/pagamento-flessibile"", ""/informazioni/tempi-del-trattamento"", ""/informazioni/prima-visita-gratuita"", ""/prestazioni/sedazione-cosciente"", ""/su-di-noi/impianti-di-nuova-generazione"", ""/su-di-noi/materiali-e-apparecchiature"", ""/su-di-noi/laboratorio-odontotecnico"", ""/su-di-noi/come-raggiungerci"", ""/su-di-noi/tutto-in-un-unico-luogo"", ""/su-di-noi/i-nostri-specialisti"", ""/prestazioni/corone-faccette-ponti-e-protesi"", ""/prestazioni/sbiancamento-dei-denti"", ""/prestazioni/premium-ponte-fisso-su-impianti"", ""/prestazioni/protesi-definitiva-ancorata-su-4-impianti"", ""/""]","[{""id"": ""438b381f-e438-e2d8-5f35-a7a91491adb5"", ""name"": ""Gumb upit"", ""isComboClass"": false}]","[{""id"": ""82b2ce1d-fc74-8408-a46c-893c2f6ef824"", ""name"": ""navigacija""}, {""id"": ""1b710e68-38ef-1a3b-db46-5efe98f74ee5"", ""name"": ""Fiksni kontakti mobile""}]",extracted,derived,
variable-4a7968e2-7904-2751-1793-11f0211814b6,Svjetlija plava,--svjetlija-plava,raw/published/resources/2ae2f8951fc8-dentvitalis33.shared.f8a4284a1.css,css-9cfcb37a7c7f,.gumb-upit:hover,background-color,var(--svjetlija-plava),False,[],"[""/condizioni-di-utilizzo"", ""/informativa-sulla-privacy"", ""/informazioni-per-pazienti"", ""/chi-siamo"", ""/prestazioni-dentali"", ""/informazioni/trasporto"", ""/informazioni/alloggio"", ""/testimonianze"", ""/contatti"", ""/faq"", ""/domande-e-risposte"", ""/informazioni/listino-prezzi"", ""/informazioni/garanzie"", ""/informazioni/pagamento-flessibile"", ""/informazioni/tempi-del-trattamento"", ""/informazioni/prima-visita-gratuita"", ""/prestazioni/sedazione-cosciente"", ""/su-di-noi/impianti-di-nuova-generazione"", ""/su-di-noi/materiali-e-apparecchiature"", ""/su-di-noi/laboratorio-odontotecnico"", ""/su-di-noi/come-raggiungerci"", ""/su-di-noi/tutto-in-un-unico-luogo"", ""/su-di-noi/i-nostri-specialisti"", ""/prestazioni/corone-faccette-ponti-e-protesi"", ""/prestazioni/sbiancamento-dei-denti"", ""/prestazioni/premium-ponte-fisso-su-impianti"", ""/prestazioni/protesi-definitiva-ancorata-su-4-impianti"", ""/""]",[],[],extracted,derived,
variable-42628c23-e7e6-e965-dc67-74f46506df43,Bijela,--bijela,raw/published/resources/2ae2f8951fc8-dentvitalis33.shared.f8a4284a1.css,css-9486c2da098f,.medjunaslov-h2.bijeli,color,var(--bijela),False,[],"[""/condizioni-di-utilizzo"", ""/informativa-sulla-privacy"", ""/informazioni-per-pazienti"", ""/chi-siamo"", ""/prestazioni-dentali"", ""/informazioni/trasporto"", ""/informazioni/alloggio"", ""/testimonianze"", ""/contatti"", ""/faq"", ""/domande-e-risposte"", ""/informazioni/listino-prezzi"", ""/informazioni/garanzie"", ""/informazioni/pagamento-flessibile"", ""/informazioni/tempi-del-trattamento"", ""/informazioni/prima-visita-gratuita"", ""/prestazioni/sedazione-cosciente"", ""/su-di-noi/impianti-di-nuova-generazione"", ""/su-di-noi/materiali-e-apparecchiature"", ""/su-di-noi/laboratorio-odontotecnico"", ""/su-di-noi/come-raggiungerci"", ""/su-di-noi/tutto-in-un-unico-luogo"", ""/su-di-noi/i-nostri-specialisti"", ""/prestazioni/corone-faccette-ponti-e-protesi"", ""/prestazioni/sbiancamento-dei-denti"", ""/prestazioni/premium-ponte-fisso-su-impianti"", ""/prestazioni/protesi-definitiva-ancorata-su-4-impianti"", ""/""]","[{""id"": ""a520306e-ddbc-62c2-b64e-231f984bf8b9"", ""name"": ""bijeli"", ""isComboClass"": true}]","[{""id"": ""82b2ce1d-fc74-8408-a46c-893c2f6ef824"", ""name"": ""navigacija""}, {""id"": ""c5b4d3d6-9300-613f-7c22-f4b3d5b0c351"", ""name"": ""Section Testimonianze""}, {""id"": ""b3f8e1d2-757e-d6a0-6dbb-b11ab1a23dc2"", ""name"": ""Section Contatti""}, {""id"": ""1b710e68-38ef-1a3b-db46-5efe98f74ee5"", ""name"": ""Fiksni kontakti mobile""}]",extracted,derived,
variable-1409a02f-5e45-fc0b-413b-160f609caa56,tamana-call,--tamana-call,raw/published/resources/2ae2f8951fc8-dentvitalis33.shared.f8a4284a1.css,css-e1276ff81e9d,.medjunaslov-h3.bold,color,var(--tamana-call),False,[],"[""/informazioni-per-pazienti"", ""/chi-siamo"", ""/prestazioni-dentali"", ""/prestazioni/corone-faccette-ponti-e-protesi"", ""/prestazioni/sbiancamento-dei-denti"", ""/prestazioni/premium-ponte-fisso-su-impianti"", ""/prestazioni/protesi-definitiva-ancorata-su-4-impianti"", ""/""]","[{""id"": ""3998c1c1-af1f-2a10-bd53-db31c25b8565"", ""name"": ""bold"", ""isComboClass"": true}]","[{""id"": ""48eb149b-bbbd-805c-69ed-1266a634337f"", ""name"": ""Section Tradizione""}, {""id"": ""11f7cd79-d19d-6f76-04ff-ce57e5706c5a"", ""name"": ""kartica Premium: ponte fisso su impianti""}, {""id"": ""9db036bc-9bac-25ca-e571-158aa48dd517"", ""name"": ""kartica Facilissimo: sbiancamento dei denti""}, {""id"": ""1d7ffbd5-8dbd-bf93-8a74-9fdeb3200f80"", ""name"": ""kartica Corone, faccette, ponti e protesi""}, {""id"": ""d430cc2c-555c-6d7a-ff18-8922771fa88e"", ""name"": ""kartica Imperdibile: protesi definitiva ancorata su 4 impianti""}, {""id"": ""1d728e57-fa68-61c7-a4b3-55aca79d3e43"", ""name"": ""Directory cards - Home layout""}, {""id"": ""32a193c4-2226-c41d-04a5-7c80a45fc9bd"", ""name"": ""Directory cards - Su di noi""}, {""id"": ""189b6a3e-5614-be7c-f080-f6f0e377e820"", ""name"": ""Directory cards - Su di noi 2""}, {""id"": ""a48c8fee-76f0-7240-0500-30f49cec6908"", ""name"": ""Directory cards - Informazioni""}, {""id"": ""ddb95103-2171-39b2-bd7f-9df9bbf9b63c"", ""name"": ""Directory cards - Informazioni 2""}, {""id"": ""80120cd6-e65f-28c3-91c4-db8ef46ae663"", ""name"": ""kartica Sedazione cosciente""}]",extracted,derived,
variable-b5706ac6-958b-58c2-4db2-ec8832f33e78,pozadina,--pozadina,raw/published/resources/2ae2f8951fc8-dentvitalis33.shared.f8a4284a1.css,css-0a34fda659f8,.nadnaslov.bijeli,color,var(--pozadina),False,[],"[""/condizioni-di-utilizzo"", ""/informativa-sulla-privacy"", ""/informazioni-per-pazienti"", ""/chi-siamo"", ""/prestazioni-dentali"", ""/informazioni/trasporto"", ""/informazioni/alloggio"", ""/testimonianze"", ""/contatti"", ""/faq"", ""/domande-e-risposte"", ""/informazioni/listino-prezzi"", ""/informazioni/garanzie"", ""/informazioni/pagamento-flessibile"", ""/informazioni/tempi-del-trattamento"", ""/informazioni/prima-visita-gratuita"", ""/prestazioni/sedazione-cosciente"", ""/su-di-noi/impianti-di-nuova-generazione"", ""/su-di-noi/materiali-e-apparecchiature"", ""/su-di-noi/laboratorio-odontotecnico"", ""/su-di-noi/come-raggiungerci"", ""/su-di-noi/tutto-in-un-unico-luogo"", ""/su-di-noi/i-nostri-specialisti"", ""/prestazioni/corone-faccette-ponti-e-protesi"", ""/prestazioni/sbiancamento-dei-denti"", ""/prestazioni/premium-ponte-fisso-su-impianti"", ""/prestazioni/protesi-definitiva-ancorata-su-4-impianti"", ""/""]","[{""id"": ""c032deee-7b68-1d62-2db8-487362ab7a62"", ""name"": ""bijeli"", ""isComboClass"": true}]","[{""id"": ""82b2ce1d-fc74-8408-a46c-893c2f6ef824"", ""name"": ""navigacija""}, {""id"": ""c5b4d3d6-9300-613f-7c22-f4b3d5b0c351"", ""name"": ""Section Testimonianze""}, {""id"": ""b3f8e1d2-757e-d6a0-6dbb-b11ab1a23dc2"", ""name"": ""Section Contatti""}, {""id"": ""1b710e68-38ef-1a3b-db46-5efe98f74ee5"", ""name"": ""Fiksni kontakti mobile""}]",extracted,derived,
variable-b5706ac6-958b-58c2-4db2-ec8832f33e78,pozadina,--pozadina,raw/published/resources/2ae2f8951fc8-dentvitalis33.shared.f8a4284a1.css,css-80197961f5c8,.div-block-11,background-image,"linear-gradient(90deg, var(--transparent), var(--pozadina) 50%)",False,[],"[""/""]","[{""id"": ""d4bdd89f-f1f9-f8d0-1147-03f90b5aa38c"", ""name"": ""Div Block 11"", ""isComboClass"": false}]","[{""id"": ""587b085b-0eb5-6f0e-763d-212fecd904e0"", ""name"": ""Section Benvenuti""}]",extracted,derived,
variable-096e3c41-aba9-e979-277d-482de4374333,Transparent,--transparent,raw/published/resources/2ae2f8951fc8-dentvitalis33.shared.f8a4284a1.css,css-80197961f5c8,.div-block-11,background-image,"linear-gradient(90deg, var(--transparent), var(--pozadina) 50%)",False,[],"[""/""]","[{""id"": ""d4bdd89f-f1f9-f8d0-1147-03f90b5aa38c"", ""name"": ""Div Block 11"", ""isComboClass"": false}]","[{""id"": ""587b085b-0eb5-6f0e-763d-212fecd904e0"", ""name"": ""Section Benvenuti""}]",extracted,derived,
variable-1409a02f-5e45-fc0b-413b-160f609caa56,tamana-call,--tamana-call,raw/published/resources/2ae2f8951fc8-dentvitalis33.shared.f8a4284a1.css,css-0b00a79c1138,.gumb-vise,border,1px none var(--tamana-call),False,[],"[""/condizioni-di-utilizzo"", ""/informativa-sulla-privacy"", ""/informazioni-per-pazienti"", ""/chi-siamo"", ""/prestazioni-dentali"", ""/informazioni/trasporto"", ""/informazioni/alloggio"", ""/testimonianze"", ""/contatti"", ""/faq"", ""/domande-e-risposte"", ""/informazioni/listino-prezzi"", ""/informazioni/garanzie"", ""/informazioni/pagamento-flessibile"", ""/informazioni/tempi-del-trattamento"", ""/informazioni/prima-visita-gratuita"", ""/prestazioni/sedazione-cosciente"", ""/su-di-noi/impianti-di-nuova-generazione"", ""/su-di-noi/materiali-e-apparecchiature"", ""/su-di-noi/laboratorio-odontotecnico"", ""/su-di-noi/come-raggiungerci"", ""/su-di-noi/tutto-in-un-unico-luogo"", ""/su-di-noi/i-nostri-specialisti"", ""/prestazioni/corone-faccette-ponti-e-protesi"", ""/prestazioni/sbiancamento-dei-denti"", ""/prestazioni/premium-ponte-fisso-su-impianti"", ""/prestazioni/protesi-definitiva-ancorata-su-4-impianti"", ""/""]","[{""id"": ""696a51c4-dafc-9145-bbed-cbdc5cbc67bb"", ""name"": ""Gumb-vise"", ""isComboClass"": false}]","[{""id"": ""a6383e85-b972-e425-5602-e5554d54c939"", ""name"": ""banner-card""}, {""id"": ""587b085b-0eb5-6f0e-763d-212fecd904e0"", ""name"": ""Section Benvenuti""}, {""id"": ""c5b4d3d6-9300-613f-7c22-f4b3d5b0c351"", ""name"": ""Section Testimonianze""}, {""id"": ""4e75e80f-18e3-7eb0-519d-3b33dc5a3c5c"", ""name"": ""Section Informazioni""}, {""id"": ""2218f1d9-b81b-56c5-3884-620b224831a9"", ""name"": ""Section FAQ""}, {""id"": ""b3f8e1d2-757e-d6a0-6dbb-b11ab1a23dc2"", ""name"": ""Section Contatti""}]",extracted,derived,
variable-1409a02f-5e45-fc0b-413b-160f609caa56,tamana-call,--tamana-call,raw/published/resources/2ae2f8951fc8-dentvitalis33.shared.f8a4284a1.css,css-0b00a79c1138,.gumb-vise,background-color,var(--tamana-call),False,[],"[""/condizioni-di-utilizzo"", ""/informativa-sulla-privacy"", ""/informazioni-per-pazienti"", ""/chi-siamo"", ""/prestazioni-dentali"", ""/informazioni/trasporto"", ""/informazioni/alloggio"", ""/testimonianze"", ""/contatti"", ""/faq"", ""/domande-e-risposte"", ""/informazioni/listino-prezzi"", ""/informazioni/garanzie"", ""/informazioni/pagamento-flessibile"", ""/informazioni/tempi-del-trattamento"", ""/informazioni/prima-visita-gratuita"", ""/prestazioni/sedazione-cosciente"", ""/su-di-noi/impianti-di-nuova-generazione"", ""/su-di-noi/materiali-e-apparecchiature"", ""/su-di-noi/laboratorio-odontotecnico"", ""/su-di-noi/come-raggiungerci"", ""/su-di-noi/tutto-in-un-unico-luogo"", ""/su-di-noi/i-nostri-specialisti"", ""/prestazioni/corone-faccette-ponti-e-protesi"", ""/prestazioni/sbiancamento-dei-denti"", ""/prestazioni/premium-ponte-fisso-su-impianti"", ""/prestazioni/protesi-definitiva-ancorata-su-4-impianti"", ""/""]","[{""id"": ""696a51c4-dafc-9145-bbed-cbdc5cbc67bb"", ""name"": ""Gumb-vise"", ""isComboClass"": false}]","[{""id"": ""a6383e85-b972-e425-5602-e5554d54c939"", ""name"": ""banner-card""}, {""id"": ""587b085b-0eb5-6f0e-763d-212fecd904e0"", ""name"": ""Section Benvenuti""}, {""id"": ""c5b4d3d6-9300-613f-7c22-f4b3d5b0c351"", ""name"": ""Section Testimonianze""}, {""id"": ""4e75e80f-18e3-7eb0-519d-3b33dc5a3c5c"", ""name"": ""Section Informazioni""}, {""id"": ""2218f1d9-b81b-56c5-3884-620b224831a9"", ""name"": ""Section FAQ""}, {""id"": ""b3f8e1d2-757e-d6a0-6dbb-b11ab1a23dc2"", ""name"": ""Section Contatti""}]",extracted,derived,
variable-42628c23-e7e6-e965-dc67-74f46506df43,Bijela,--bijela,raw/published/resources/2ae2f8951fc8-dentvitalis33.shared.f8a4284a1.css,css-0b00a79c1138,.gumb-vise,color,var(--bijela),False,[],"[""/condizioni-di-utilizzo"", ""/informativa-sulla-privacy"", ""/informazioni-per-pazienti"", ""/chi-siamo"", ""/prestazioni-dentali"", ""/informazioni/trasporto"", ""/informazioni/alloggio"", ""/testimonianze"", ""/contatti"", ""/faq"", ""/domande-e-risposte"", ""/informazioni/listino-prezzi"", ""/informazioni/garanzie"", ""/informazioni/pagamento-flessibile"", ""/informazioni/tempi-del-trattamento"", ""/informazioni/prima-visita-gratuita"", ""/prestazioni/sedazione-cosciente"", ""/su-di-noi/impianti-di-nuova-generazione"", ""/su-di-noi/materiali-e-apparecchiature"", ""/su-di-noi/laboratorio-odontotecnico"", ""/su-di-noi/come-raggiungerci"", ""/su-di-noi/tutto-in-un-unico-luogo"", ""/su-di-noi/i-nostri-specialisti"", ""/prestazioni/corone-faccette-ponti-e-protesi"", ""/prestazioni/sbiancamento-dei-denti"", ""/prestazioni/premium-ponte-fisso-su-impianti"", ""/prestazioni/protesi-definitiva-ancorata-su-4-impianti"", ""/""]","[{""id"": ""696a51c4-dafc-9145-bbed-cbdc5cbc67bb"", ""name"": ""Gumb-vise"", ""isComboClass"": false}]","[{""id"": ""a6383e85-b972-e425-5602-e5554d54c939"", ""name"": ""banner-card""}, {""id"": ""587b085b-0eb5-6f0e-763d-212fecd904e0"", ""name"": ""Section Benvenuti""}, {""id"": ""c5b4d3d6-9300-613f-7c22-f4b3d5b0c351"", ""name"": ""Section Testimonianze""}, {""id"": ""4e75e80f-18e3-7eb0-519d-3b33dc5a3c5c"", ""name"": ""Section Informazioni""}, {""id"": ""2218f1d9-b81b-56c5-3884-620b224831a9"", ""name"": ""Section FAQ""}, {""id"": ""b3f8e1d2-757e-d6a0-6dbb-b11ab1a23dc2"", ""name"": ""Section Contatti""}]",extracted,derived,
variable-dbdd3ccf-b77c-6a3e-60b2-7e92aed7de59,siva-crta,--siva-crta,raw/published/resources/2ae2f8951fc8-dentvitalis33.shared.f8a4284a1.css,css-d69feeadbd97,.gumb-vise:hover,border-color,var(--siva-crta),False,[],"[""/condizioni-di-utilizzo"", ""/informativa-sulla-privacy"", ""/informazioni-per-pazienti"", ""/chi-siamo"", ""/prestazioni-dentali"", ""/informazioni/trasporto"", ""/informazioni/alloggio"", ""/testimonianze"", ""/contatti"", ""/faq"", ""/domande-e-risposte"", ""/informazioni/listino-prezzi"", ""/informazioni/garanzie"", ""/informazioni/pagamento-flessibile"", ""/informazioni/tempi-del-trattamento"", ""/informazioni/prima-visita-gratuita"", ""/prestazioni/sedazione-cosciente"", ""/su-di-noi/impianti-di-nuova-generazione"", ""/su-di-noi/materiali-e-apparecchiature"", ""/su-di-noi/laboratorio-odontotecnico"", ""/su-di-noi/come-raggiungerci"", ""/su-di-noi/tutto-in-un-unico-luogo"", ""/su-di-noi/i-nostri-specialisti"", ""/prestazioni/corone-faccette-ponti-e-protesi"", ""/prestazioni/sbiancamento-dei-denti"", ""/prestazioni/premium-ponte-fisso-su-impianti"", ""/prestazioni/protesi-definitiva-ancorata-su-4-impianti"", ""/""]",[],[],extracted,derived,
variable-4a7968e2-7904-2751-1793-11f0211814b6,Svjetlija plava,--svjetlija-plava,raw/published/resources/2ae2f8951fc8-dentvitalis33.shared.f8a4284a1.css,css-d69feeadbd97,.gumb-vise:hover,background-color,var(--svjetlija-plava),False,[],"[""/condizioni-di-utilizzo"", ""/informativa-sulla-privacy"", ""/informazioni-per-pazienti"", ""/chi-siamo"", ""/prestazioni-dentali"", ""/informazioni/trasporto"", ""/informazioni/alloggio"", ""/testimonianze"", ""/contatti"", ""/faq"", ""/domande-e-risposte"", ""/informazioni/listino-prezzi"", ""/informazioni/garanzie"", ""/informazioni/pagamento-flessibile"", ""/informazioni/tempi-del-trattamento"", ""/informazioni/prima-visita-gratuita"", ""/prestazioni/sedazione-cosciente"", ""/su-di-noi/impianti-di-nuova-generazione"", ""/su-di-noi/materiali-e-apparecchiature"", ""/su-di-noi/laboratorio-odontotecnico"", ""/su-di-noi/come-raggiungerci"", ""/su-di-noi/tutto-in-un-unico-luogo"", ""/su-di-noi/i-nostri-specialisti"", ""/prestazioni/corone-faccette-ponti-e-protesi"", ""/prestazioni/sbiancamento-dei-denti"", ""/prestazioni/premium-ponte-fisso-su-impianti"", ""/prestazioni/protesi-definitiva-ancorata-su-4-impianti"", ""/""]",[],[],extracted,derived,
variable-42628c23-e7e6-e965-dc67-74f46506df43,Bijela,--bijela,raw/published/resources/2ae2f8951fc8-dentvitalis33.shared.f8a4284a1.css,css-d69feeadbd97,.gumb-vise:hover,color,var(--bijela),False,[],"[""/condizioni-di-utilizzo"", ""/informativa-sulla-privacy"", ""/informazioni-per-pazienti"", ""/chi-siamo"", ""/prestazioni-dentali"", ""/informazioni/trasporto"", ""/informazioni/alloggio"", ""/testimonianze"", ""/contatti"", ""/faq"", ""/domande-e-risposte"", ""/informazioni/listino-prezzi"", ""/informazioni/garanzie"", ""/informazioni/pagamento-flessibile"", ""/informazioni/tempi-del-trattamento"", ""/informazioni/prima-visita-gratuita"", ""/prestazioni/sedazione-cosciente"", ""/su-di-noi/impianti-di-nuova-generazione"", ""/su-di-noi/materiali-e-apparecchiature"", ""/su-di-noi/laboratorio-odontotecnico"", ""/su-di-noi/come-raggiungerci"", ""/su-di-noi/tutto-in-un-unico-luogo"", ""/su-di-noi/i-nostri-specialisti"", ""/prestazioni/corone-faccette-ponti-e-protesi"", ""/prestazioni/sbiancamento-dei-denti"", ""/prestazioni/premium-ponte-fisso-su-impianti"", ""/prestazioni/protesi-definitiva-ancorata-su-4-impianti"", ""/""]",[],[],extracted,derived,
variable-636803fe-8821-1ae5-1950-9634a6a61fbc,svijetla-call,--svijetla-call,raw/published/resources/2ae2f8951fc8-dentvitalis33.shared.f8a4284a1.css,css-568909602bb5,.gumb-vise.desktop,background-color,var(--svijetla-call),False,[],"[""/""]","[{""id"": ""1474a288-00ae-26f9-6b77-406b3246704f"", ""name"": ""desktop"", ""isComboClass"": true}]",[],extracted,derived,
variable-1409a02f-5e45-fc0b-413b-160f609caa56,tamana-call,--tamana-call,raw/published/resources/2ae2f8951fc8-dentvitalis33.shared.f8a4284a1.css,css-5bbd1abe5025,.gumb-vise.bijeli,border-color,var(--tamana-call),False,[],"[""/""]","[{""id"": ""4414d195-dbff-80ba-e1f3-618f935d30a8"", ""name"": ""bijeli"", ""isComboClass"": true}]","[{""id"": ""82b2ce1d-fc74-8408-a46c-893c2f6ef824"", ""name"": ""navigacija""}, {""id"": ""c5b4d3d6-9300-613f-7c22-f4b3d5b0c351"", ""name"": ""Section Testimonianze""}, {""id"": ""b3f8e1d2-757e-d6a0-6dbb-b11ab1a23dc2"", ""name"": ""Section Contatti""}, {""id"": ""1b710e68-38ef-1a3b-db46-5efe98f74ee5"", ""name"": ""Fiksni kontakti mobile""}]",extracted,derived,
variable-42628c23-e7e6-e965-dc67-74f46506df43,Bijela,--bijela,raw/published/resources/2ae2f8951fc8-dentvitalis33.shared.f8a4284a1.css,css-5bbd1abe5025,.gumb-vise.bijeli,background-color,var(--bijela),False,[],"[""/""]","[{""id"": ""4414d195-dbff-80ba-e1f3-618f935d30a8"", ""name"": ""bijeli"", ""isComboClass"": true}]","[{""id"": ""82b2ce1d-fc74-8408-a46c-893c2f6ef824"", ""name"": ""navigacija""}, {""id"": ""c5b4d3d6-9300-613f-7c22-f4b3d5b0c351"", ""name"": ""Section Testimonianze""}, {""id"": ""b3f8e1d2-757e-d6a0-6dbb-b11ab1a23dc2"", ""name"": ""Section Contatti""}, {""id"": ""1b710e68-38ef-1a3b-db46-5efe98f74ee5"", ""name"": ""Fiksni kontakti mobile""}]",extracted,derived,
variable-1409a02f-5e45-fc0b-413b-160f609caa56,tamana-call,--tamana-call,raw/published/resources/2ae2f8951fc8-dentvitalis33.shared.f8a4284a1.css,css-5bbd1abe5025,.gumb-vise.bijeli,color,var(--tamana-call),False,[],"[""/""]","[{""id"": ""4414d195-dbff-80ba-e1f3-618f935d30a8"", ""name"": ""bijeli"", ""isComboClass"": true}]","[{""id"": ""82b2ce1d-fc74-8408-a46c-893c2f6ef824"", ""name"": ""navigacija""}, {""id"": ""c5b4d3d6-9300-613f-7c22-f4b3d5b0c351"", ""name"": ""Section Testimonianze""}, {""id"": ""b3f8e1d2-757e-d6a0-6dbb-b11ab1a23dc2"", ""name"": ""Section Contatti""}, {""id"": ""1b710e68-38ef-1a3b-db46-5efe98f74ee5"", ""name"": ""Fiksni kontakti mobile""}]",extracted,derived,
variable-a1b95303-e2d2-d513-3d9a-c4726e49c0d8,zakrivljenost,--zakrivljenost,raw/published/resources/2ae2f8951fc8-dentvitalis33.shared.f8a4284a1.css,css-be13c09e807f,.teaser-copy,border-radius,var(--zakrivljenost),False,[],[],"[{""id"": ""b47f39b8-b9d8-5e09-e67c-1a8e34eb5a1b"", ""name"": ""teaser-copy"", ""isComboClass"": false}]",[],extracted,derived,
variable-7871740f-ec68-7438-41c4-7e0c36e94c3b,Crna,--crna,raw/published/resources/2ae2f8951fc8-dentvitalis33.shared.f8a4284a1.css,css-fc2fdc011d57,.accordion-title,color,var(--crna),False,[],"[""/faq"", ""/""]","[{""id"": ""571b4f22-06fa-4499-f6d0-cb8f5ffe0c6f"", ""name"": ""Accordion Title"", ""isComboClass"": false}]","[{""id"": ""2218f1d9-b81b-56c5-3884-620b224831a9"", ""name"": ""Section FAQ""}]",extracted,derived,
variable-636803fe-8821-1ae5-1950-9634a6a61fbc,svijetla-call,--svijetla-call,raw/published/resources/2ae2f8951fc8-dentvitalis33.shared.f8a4284a1.css,css-47593100f024,.container-wrapper-3.contatti,border-bottom,10px none var(--svijetla-call),False,[],"[""/condizioni-di-utilizzo"", ""/informativa-sulla-privacy"", ""/informazioni-per-pazienti"", ""/chi-siamo"", ""/prestazioni-dentali"", ""/informazioni/trasporto"", ""/informazioni/alloggio"", ""/testimonianze"", ""/contatti"", ""/faq"", ""/domande-e-risposte"", ""/informazioni/listino-prezzi"", ""/informazioni/garanzie"", ""/informazioni/pagamento-flessibile"", ""/informazioni/tempi-del-trattamento"", ""/informazioni/prima-visita-gratuita"", ""/prestazioni/sedazione-cosciente"", ""/su-di-noi/impianti-di-nuova-generazione"", ""/su-di-noi/materiali-e-apparecchiature"", ""/su-di-noi/laboratorio-odontotecnico"", ""/su-di-noi/come-raggiungerci"", ""/su-di-noi/tutto-in-un-unico-luogo"", ""/su-di-noi/i-nostri-specialisti"", ""/prestazioni/corone-faccette-ponti-e-protesi"", ""/prestazioni/sbiancamento-dei-denti"", ""/prestazioni/premium-ponte-fisso-su-impianti"", ""/prestazioni/protesi-definitiva-ancorata-su-4-impianti"", ""/""]","[{""id"": ""0f3b9f41-cf3f-9d80-2c8b-0cfa5a3d5140"", ""name"": ""contatti"", ""isComboClass"": true}]","[{""id"": ""b3f8e1d2-757e-d6a0-6dbb-b11ab1a23dc2"", ""name"": ""Section Contatti""}]",extracted,derived,
variable-636803fe-8821-1ae5-1950-9634a6a61fbc,svijetla-call,--svijetla-call,raw/published/resources/2ae2f8951fc8-dentvitalis33.shared.f8a4284a1.css,css-47593100f024,.container-wrapper-3.contatti,border-left,10px none var(--svijetla-call),False,[],"[""/condizioni-di-utilizzo"", ""/informativa-sulla-privacy"", ""/informazioni-per-pazienti"", ""/chi-siamo"", ""/prestazioni-dentali"", ""/informazioni/trasporto"", ""/informazioni/alloggio"", ""/testimonianze"", ""/contatti"", ""/faq"", ""/domande-e-risposte"", ""/informazioni/listino-prezzi"", ""/informazioni/garanzie"", ""/informazioni/pagamento-flessibile"", ""/informazioni/tempi-del-trattamento"", ""/informazioni/prima-visita-gratuita"", ""/prestazioni/sedazione-cosciente"", ""/su-di-noi/impianti-di-nuova-generazione"", ""/su-di-noi/materiali-e-apparecchiature"", ""/su-di-noi/laboratorio-odontotecnico"", ""/su-di-noi/come-raggiungerci"", ""/su-di-noi/tutto-in-un-unico-luogo"", ""/su-di-noi/i-nostri-specialisti"", ""/prestazioni/corone-faccette-ponti-e-protesi"", ""/prestazioni/sbiancamento-dei-denti"", ""/prestazioni/premium-ponte-fisso-su-impianti"", ""/prestazioni/protesi-definitiva-ancorata-su-4-impianti"", ""/""]","[{""id"": ""0f3b9f41-cf3f-9d80-2c8b-0cfa5a3d5140"", ""name"": ""contatti"", ""isComboClass"": true}]","[{""id"": ""b3f8e1d2-757e-d6a0-6dbb-b11ab1a23dc2"", ""name"": ""Section Contatti""}]",extracted,derived,
variable-a1b95303-e2d2-d513-3d9a-c4726e49c0d8,zakrivljenost,--zakrivljenost,raw/published/resources/2ae2f8951fc8-dentvitalis33.shared.f8a4284a1.css,css-47593100f024,.container-wrapper-3.contatti,border-radius,var(--zakrivljenost),False,[],"[""/condizioni-di-utilizzo"", ""/informativa-sulla-privacy"", ""/informazioni-per-pazienti"", ""/chi-siamo"", ""/prestazioni-dentali"", ""/informazioni/trasporto"", ""/informazioni/alloggio"", ""/testimonianze"", ""/contatti"", ""/faq"", ""/domande-e-risposte"", ""/informazioni/listino-prezzi"", ""/informazioni/garanzie"", ""/informazioni/pagamento-flessibile"", ""/informazioni/tempi-del-trattamento"", ""/informazioni/prima-visita-gratuita"", ""/prestazioni/sedazione-cosciente"", ""/su-di-noi/impianti-di-nuova-generazione"", ""/su-di-noi/materiali-e-apparecchiature"", ""/su-di-noi/laboratorio-odontotecnico"", ""/su-di-noi/come-raggiungerci"", ""/su-di-noi/tutto-in-un-unico-luogo"", ""/su-di-noi/i-nostri-specialisti"", ""/prestazioni/corone-faccette-ponti-e-protesi"", ""/prestazioni/sbiancamento-dei-denti"", ""/prestazioni/premium-ponte-fisso-su-impianti"", ""/prestazioni/protesi-definitiva-ancorata-su-4-impianti"", ""/""]","[{""id"": ""0f3b9f41-cf3f-9d80-2c8b-0cfa5a3d5140"", ""name"": ""contatti"", ""isComboClass"": true}]","[{""id"": ""b3f8e1d2-757e-d6a0-6dbb-b11ab1a23dc2"", ""name"": ""Section Contatti""}]",extracted,derived,
variable-7871740f-ec68-7438-41c4-7e0c36e94c3b,Crna,--crna,raw/published/resources/2ae2f8951fc8-dentvitalis33.shared.f8a4284a1.css,css-c748fb60aba0,.large-paragraph-3.accordion-text,color,var(--crna),False,[],"[""/faq"", ""/""]","[{""id"": ""571b4f22-06fa-4499-f6d0-cb8f5ffe0c89"", ""name"": ""Accordion Text"", ""isComboClass"": true}]","[{""id"": ""2218f1d9-b81b-56c5-3884-620b224831a9"", ""name"": ""Section FAQ""}]",extracted,derived,
variable-7871740f-ec68-7438-41c4-7e0c36e94c3b,Crna,--crna,raw/published/resources/2ae2f8951fc8-dentvitalis33.shared.f8a4284a1.css,css-bea16cf5759a,.large-paragraph-3.tm-4px,color,var(--crna),False,[],"[""/""]","[{""id"": ""ac68e924-9e2e-f62a-5f5f-1e7f40b6943a"", ""name"": ""TM 4px"", ""isComboClass"": true}]","[{""id"": ""c5b4d3d6-9300-613f-7c22-f4b3d5b0c351"", ""name"": ""Section Testimonianze""}]",extracted,derived,
variable-42628c23-e7e6-e965-dc67-74f46506df43,Bijela,--bijela,raw/published/resources/2ae2f8951fc8-dentvitalis33.shared.f8a4284a1.css,css-b2c09d98764b,.textarea,background-color,var(--bijela),False,[],"[""/condizioni-di-utilizzo"", ""/informativa-sulla-privacy"", ""/informazioni-per-pazienti"", ""/chi-siamo"", ""/prestazioni-dentali"", ""/informazioni/trasporto"", ""/informazioni/alloggio"", ""/testimonianze"", ""/contatti"", ""/faq"", ""/domande-e-risposte"", ""/informazioni/listino-prezzi"", ""/informazioni/garanzie"", ""/informazioni/pagamento-flessibile"", ""/informazioni/tempi-del-trattamento"", ""/informazioni/prima-visita-gratuita"", ""/prestazioni/sedazione-cosciente"", ""/su-di-noi/impianti-di-nuova-generazione"", ""/su-di-noi/materiali-e-apparecchiature"", ""/su-di-noi/laboratorio-odontotecnico"", ""/su-di-noi/come-raggiungerci"", ""/su-di-noi/tutto-in-un-unico-luogo"", ""/su-di-noi/i-nostri-specialisti"", ""/prestazioni/corone-faccette-ponti-e-protesi"", ""/prestazioni/sbiancamento-dei-denti"", ""/prestazioni/premium-ponte-fisso-su-impianti"", ""/prestazioni/protesi-definitiva-ancorata-su-4-impianti"", ""/""]","[{""id"": ""153a5580-4675-cace-a016-8a722aa23d0f"", ""name"": ""Textarea"", ""isComboClass"": false}]","[{""id"": ""b3f8e1d2-757e-d6a0-6dbb-b11ab1a23dc2"", ""name"": ""Section Contatti""}]",extracted,derived,
variable-1409a02f-5e45-fc0b-413b-160f609caa56,tamana-call,--tamana-call,raw/published/resources/2ae2f8951fc8-dentvitalis33.shared.f8a4284a1.css,css-61d1f64bc177,.full-width-wrapper-3.no-bottom-line,background-color,var(--tamana-call),False,[],"[""/condizioni-di-utilizzo"", ""/informativa-sulla-privacy"", ""/informazioni-per-pazienti"", ""/chi-siamo"", ""/prestazioni-dentali"", ""/informazioni/trasporto"", ""/informazioni/alloggio"", ""/testimonianze"", ""/contatti"", ""/faq"", ""/domande-e-risposte"", ""/informazioni/listino-prezzi"", ""/informazioni/garanzie"", ""/informazioni/pagamento-flessibile"", ""/informazioni/tempi-del-trattamento"", ""/informazioni/prima-visita-gratuita"", ""/prestazioni/sedazione-cosciente"", ""/su-di-noi/impianti-di-nuova-generazione"", ""/su-di-noi/materiali-e-apparecchiature"", ""/su-di-noi/laboratorio-odontotecnico"", ""/su-di-noi/come-raggiungerci"", ""/su-di-noi/tutto-in-un-unico-luogo"", ""/su-di-noi/i-nostri-specialisti"", ""/prestazioni/corone-faccette-ponti-e-protesi"", ""/prestazioni/sbiancamento-dei-denti"", ""/prestazioni/premium-ponte-fisso-su-impianti"", ""/prestazioni/protesi-definitiva-ancorata-su-4-impianti"", ""/""]","[{""id"": ""153a5580-4675-cace-a016-8a722aa23d19"", ""name"": ""No Bottom Line"", ""isComboClass"": true}]","[{""id"": ""b3f8e1d2-757e-d6a0-6dbb-b11ab1a23dc2"", ""name"": ""Section Contatti""}]",extracted,derived,
variable-b5706ac6-958b-58c2-4db2-ec8832f33e78,pozadina,--pozadina,raw/published/resources/2ae2f8951fc8-dentvitalis33.shared.f8a4284a1.css,css-cd7688d28984,.home-2-form-text-field.medium-width,background-color,var(--pozadina),False,[],"[""/condizioni-di-utilizzo"", ""/informativa-sulla-privacy"", ""/informazioni-per-pazienti"", ""/chi-siamo"", ""/prestazioni-dentali"", ""/informazioni/trasporto"", ""/informazioni/alloggio"", ""/testimonianze"", ""/contatti"", ""/faq"", ""/domande-e-risposte"", ""/informazioni/listino-prezzi"", ""/informazioni/garanzie"", ""/informazioni/pagamento-flessibile"", ""/informazioni/tempi-del-trattamento"", ""/informazioni/prima-visita-gratuita"", ""/prestazioni/sedazione-cosciente"", ""/su-di-noi/impianti-di-nuova-generazione"", ""/su-di-noi/materiali-e-apparecchiature"", ""/su-di-noi/laboratorio-odontotecnico"", ""/su-di-noi/come-raggiungerci"", ""/su-di-noi/tutto-in-un-unico-luogo"", ""/su-di-noi/i-nostri-specialisti"", ""/prestazioni/corone-faccette-ponti-e-protesi"", ""/prestazioni/sbiancamento-dei-denti"", ""/prestazioni/premium-ponte-fisso-su-impianti"", ""/prestazioni/protesi-definitiva-ancorata-su-4-impianti"", ""/""]","[{""id"": ""153a5580-4675-cace-a016-8a722aa23d18"", ""name"": ""Medium Width"", ""isComboClass"": true}]","[{""id"": ""b3f8e1d2-757e-d6a0-6dbb-b11ab1a23dc2"", ""name"": ""Section Contatti""}]",extracted,derived,
variable-7871740f-ec68-7438-41c4-7e0c36e94c3b,Crna,--crna,raw/published/resources/2ae2f8951fc8-dentvitalis33.shared.f8a4284a1.css,css-cd7688d28984,.home-2-form-text-field.medium-width,color,var(--crna),False,[],"[""/condizioni-di-utilizzo"", ""/informativa-sulla-privacy"", ""/informazioni-per-pazienti"", ""/chi-siamo"", ""/prestazioni-dentali"", ""/informazioni/trasporto"", ""/informazioni/alloggio"", ""/testimonianze"", ""/contatti"", ""/faq"", ""/domande-e-risposte"", ""/informazioni/listino-prezzi"", ""/informazioni/garanzie"", ""/informazioni/pagamento-flessibile"", ""/informazioni/tempi-del-trattamento"", ""/informazioni/prima-visita-gratuita"", ""/prestazioni/sedazione-cosciente"", ""/su-di-noi/impianti-di-nuova-generazione"", ""/su-di-noi/materiali-e-apparecchiature"", ""/su-di-noi/laboratorio-odontotecnico"", ""/su-di-noi/come-raggiungerci"", ""/su-di-noi/tutto-in-un-unico-luogo"", ""/su-di-noi/i-nostri-specialisti"", ""/prestazioni/corone-faccette-ponti-e-protesi"", ""/prestazioni/sbiancamento-dei-denti"", ""/prestazioni/premium-ponte-fisso-su-impianti"", ""/prestazioni/protesi-definitiva-ancorata-su-4-impianti"", ""/""]","[{""id"": ""153a5580-4675-cace-a016-8a722aa23d18"", ""name"": ""Medium Width"", ""isComboClass"": true}]","[{""id"": ""b3f8e1d2-757e-d6a0-6dbb-b11ab1a23dc2"", ""name"": ""Section Contatti""}]",extracted,derived,
variable-dbdd3ccf-b77c-6a3e-60b2-7e92aed7de59,siva-crta,--siva-crta,raw/published/resources/2ae2f8951fc8-dentvitalis33.shared.f8a4284a1.css,css-c28938e3f949,.footer-block,border-left,1px solid var(--siva-crta),False,[],"[""/condizioni-di-utilizzo"", ""/informativa-sulla-privacy"", ""/informazioni-per-pazienti"", ""/chi-siamo"", ""/prestazioni-dentali"", ""/informazioni/trasporto"", ""/informazioni/alloggio"", ""/testimonianze"", ""/contatti"", ""/faq"", ""/domande-e-risposte"", ""/informazioni/listino-prezzi"", ""/informazioni/garanzie"", ""/informazioni/pagamento-flessibile"", ""/informazioni/tempi-del-trattamento"", ""/informazioni/prima-visita-gratuita"", ""/prestazioni/sedazione-cosciente"", ""/su-di-noi/impianti-di-nuova-generazione"", ""/su-di-noi/materiali-e-apparecchiature"", ""/su-di-noi/laboratorio-odontotecnico"", ""/su-di-noi/come-raggiungerci"", ""/su-di-noi/tutto-in-un-unico-luogo"", ""/su-di-noi/i-nostri-specialisti"", ""/prestazioni/corone-faccette-ponti-e-protesi"", ""/prestazioni/sbiancamento-dei-denti"", ""/prestazioni/premium-ponte-fisso-su-impianti"", ""/prestazioni/protesi-definitiva-ancorata-su-4-impianti"", ""/""]","[{""id"": ""9e54e6e5-a3e8-624b-edfe-856c1cd54fac"", ""name"": ""Footer Block"", ""isComboClass"": false}]","[{""id"": ""cdb4010a-fc4d-930a-8493-bc7524d3344d"", ""name"": ""Footer""}]",extracted,derived,
variable-a1b95303-e2d2-d513-3d9a-c4726e49c0d8,zakrivljenost,--zakrivljenost,raw/published/resources/2ae2f8951fc8-dentvitalis33.shared.f8a4284a1.css,css-61e6c1c1baff,.istaknuta-cijena,border-radius,var(--zakrivljenost),False,[],"[""/informazioni-per-pazienti"", ""/chi-siamo"", ""/prestazioni-dentali"", ""/prestazioni/corone-faccette-ponti-e-protesi"", ""/prestazioni/sbiancamento-dei-denti"", ""/prestazioni/premium-ponte-fisso-su-impianti"", ""/prestazioni/protesi-definitiva-ancorata-su-4-impianti"", ""/""]","[{""id"": ""9955d5e8-62bf-98b7-86ce-189fcf14d3c5"", ""name"": ""istaknuta cijena"", ""isComboClass"": false}]","[{""id"": ""11f7cd79-d19d-6f76-04ff-ce57e5706c5a"", ""name"": ""kartica Premium: ponte fisso su impianti""}, {""id"": ""9db036bc-9bac-25ca-e571-158aa48dd517"", ""name"": ""kartica Facilissimo: sbiancamento dei denti""}, {""id"": ""1d7ffbd5-8dbd-bf93-8a74-9fdeb3200f80"", ""name"": ""kartica Corone, faccette, ponti e protesi""}, {""id"": ""d430cc2c-555c-6d7a-ff18-8922771fa88e"", ""name"": ""kartica Imperdibile: protesi definitiva ancorata su 4 impianti""}, {""id"": ""1d728e57-fa68-61c7-a4b3-55aca79d3e43"", ""name"": ""Directory cards - Home layout""}, {""id"": ""32a193c4-2226-c41d-04a5-7c80a45fc9bd"", ""name"": ""Directory cards - Su di noi""}, {""id"": ""189b6a3e-5614-be7c-f080-f6f0e377e820"", ""name"": ""Directory cards - Su di noi 2""}, {""id"": ""a48c8fee-76f0-7240-0500-30f49cec6908"", ""name"": ""Directory cards - Informazioni""}, {""id"": ""ddb95103-2171-39b2-bd7f-9df9bbf9b63c"", ""name"": ""Directory cards - Informazioni 2""}, {""id"": ""80120cd6-e65f-28c3-91c4-db8ef46ae663"", ""name"": ""kartica Sedazione cosciente""}]",extracted,derived,
variable-7871740f-ec68-7438-41c4-7e0c36e94c3b,Crna,--crna,raw/published/resources/2ae2f8951fc8-dentvitalis33.shared.f8a4284a1.css,css-ac06f4a3c065,.no-margin,color,var(--crna),False,[],"[""/""]","[{""id"": ""ac68e924-9e2e-f62a-5f5f-1e7f40b69431"", ""name"": ""No Margin"", ""isComboClass"": false}]","[{""id"": ""c5b4d3d6-9300-613f-7c22-f4b3d5b0c351"", ""name"": ""Section Testimonianze""}]",extracted,derived,
variable-a1b95303-e2d2-d513-3d9a-c4726e49c0d8,zakrivljenost,--zakrivljenost,raw/published/resources/2ae2f8951fc8-dentvitalis33.shared.f8a4284a1.css,css-608dbbeb4ba9,.slider-3,border-radius,var(--zakrivljenost),False,[],"[""/""]","[{""id"": ""a2b26495-6849-a036-2abb-4bd814d510a0"", ""name"": ""Slider 3"", ""isComboClass"": false}]","[{""id"": ""c5b4d3d6-9300-613f-7c22-f4b3d5b0c351"", ""name"": ""Section Testimonianze""}]",extracted,derived,
variable-dbdd3ccf-b77c-6a3e-60b2-7e92aed7de59,siva-crta,--siva-crta,raw/published/resources/2ae2f8951fc8-dentvitalis33.shared.f8a4284a1.css,css-1ce439f3b6f4,".icon-5, .icon-6",color,var(--siva-crta),False,[],"[""/""]",[],[],extracted,derived,
variable-b5706ac6-958b-58c2-4db2-ec8832f33e78,pozadina,--pozadina,raw/published/resources/2ae2f8951fc8-dentvitalis33.shared.f8a4284a1.css,css-c8cc2f58a9bb,.testi,background-image,"linear-gradient(270deg, var(--transparent), var(--pozadina) 50%)",False,[],"[""/testimonianze"", ""/""]","[{""id"": ""8ac58a18-28f1-2e66-7f6a-0c106994c7c1"", ""name"": ""Testi"", ""isComboClass"": false}]","[{""id"": ""c5b4d3d6-9300-613f-7c22-f4b3d5b0c351"", ""name"": ""Section Testimonianze""}]",extracted,derived,
variable-096e3c41-aba9-e979-277d-482de4374333,Transparent,--transparent,raw/published/resources/2ae2f8951fc8-dentvitalis33.shared.f8a4284a1.css,css-c8cc2f58a9bb,.testi,background-image,"linear-gradient(270deg, var(--transparent), var(--pozadina) 50%)",False,[],"[""/testimonianze"", ""/""]","[{""id"": ""8ac58a18-28f1-2e66-7f6a-0c106994c7c1"", ""name"": ""Testi"", ""isComboClass"": false}]","[{""id"": ""c5b4d3d6-9300-613f-7c22-f4b3d5b0c351"", ""name"": ""Section Testimonianze""}]",extracted,derived,
variable-1409a02f-5e45-fc0b-413b-160f609caa56,tamana-call,--tamana-call,raw/published/resources/2ae2f8951fc8-dentvitalis33.shared.f8a4284a1.css,css-f678f25d2a24,.icon-embed-xxsmall-2,color,var(--tamana-call),False,[],"[""/informazioni-per-pazienti"", ""/chi-siamo"", ""/prestazioni-dentali"", ""/""]","[{""id"": ""fb72e889-d4f0-044d-df24-08d241cb537a"", ""name"": ""icon-embed-xxsmall 2"", ""isComboClass"": false}]","[{""id"": ""48eb149b-bbbd-805c-69ed-1266a634337f"", ""name"": ""Section Tradizione""}, {""id"": ""1d728e57-fa68-61c7-a4b3-55aca79d3e43"", ""name"": ""Directory cards - Home layout""}, {""id"": ""32a193c4-2226-c41d-04a5-7c80a45fc9bd"", ""name"": ""Directory cards - Su di noi""}, {""id"": ""189b6a3e-5614-be7c-f080-f6f0e377e820"", ""name"": ""Directory cards - Su di noi 2""}, {""id"": ""a48c8fee-76f0-7240-0500-30f49cec6908"", ""name"": ""Directory cards - Informazioni""}, {""id"": ""ddb95103-2171-39b2-bd7f-9df9bbf9b63c"", ""name"": ""Directory cards - Informazioni 2""}]",extracted,derived,
variable-42628c23-e7e6-e965-dc67-74f46506df43,Bijela,--bijela,raw/published/resources/2ae2f8951fc8-dentvitalis33.shared.f8a4284a1.css,css-4204b1f0cafb,.inner-banner-text-wrap.career-collection-list-wrapper,color,var(--bijela),False,[],"[""/condizioni-di-utilizzo"", ""/informativa-sulla-privacy"", ""/informazioni-per-pazienti"", ""/chi-siamo"", ""/prestazioni-dentali"", ""/informazioni/trasporto"", ""/informazioni/alloggio"", ""/testimonianze"", ""/contatti"", ""/faq"", ""/domande-e-risposte"", ""/informazioni/listino-prezzi"", ""/informazioni/garanzie"", ""/informazioni/pagamento-flessibile"", ""/informazioni/tempi-del-trattamento"", ""/informazioni/prima-visita-gratuita"", ""/prestazioni/sedazione-cosciente"", ""/su-di-noi/impianti-di-nuova-generazione"", ""/su-di-noi/materiali-e-apparecchiature"", ""/su-di-noi/laboratorio-odontotecnico"", ""/su-di-noi/come-raggiungerci"", ""/su-di-noi/tutto-in-un-unico-luogo"", ""/su-di-noi/i-nostri-specialisti"", ""/prestazioni/corone-faccette-ponti-e-protesi"", ""/prestazioni/sbiancamento-dei-denti"", ""/prestazioni/premium-ponte-fisso-su-impianti"", ""/prestazioni/protesi-definitiva-ancorata-su-4-impianti""]","[{""id"": ""b1559687-d937-10db-df32-9aea39ac7ae7"", ""name"": ""Career Collection List Wrapper"", ""isComboClass"": true}]","[{""id"": ""9451505b-5015-c534-40e8-5413c82b759b"", ""name"": ""Zaglavlje detaljna""}]",extracted,derived,
variable-1409a02f-5e45-fc0b-413b-160f609caa56,tamana-call,--tamana-call,raw/published/resources/2ae2f8951fc8-dentvitalis33.shared.f8a4284a1.css,css-6d9dd9ac4c12,.prednost.w--current,color,var(--tamana-call),False,[],"[""/condizioni-di-utilizzo"", ""/informativa-sulla-privacy"", ""/informazioni/trasporto"", ""/informazioni/alloggio"", ""/informazioni/listino-prezzi"", ""/informazioni/garanzie"", ""/informazioni/pagamento-flessibile"", ""/informazioni/tempi-del-trattamento"", ""/informazioni/prima-visita-gratuita"", ""/prestazioni/sedazione-cosciente"", ""/su-di-noi/impianti-di-nuova-generazione"", ""/su-di-noi/materiali-e-apparecchiature"", ""/su-di-noi/laboratorio-odontotecnico"", ""/su-di-noi/come-raggiungerci"", ""/su-di-noi/tutto-in-un-unico-luogo"", ""/su-di-noi/i-nostri-specialisti""]",[],[],extracted,derived,
variable-636803fe-8821-1ae5-1950-9634a6a61fbc,svijetla-call,--svijetla-call,raw/published/resources/2ae2f8951fc8-dentvitalis33.shared.f8a4284a1.css,css-f283ebc87b80,.sadrzaji-usluge,border-top,10px none var(--svijetla-call),False,[],"[""/prestazioni/corone-faccette-ponti-e-protesi"", ""/prestazioni/sbiancamento-dei-denti"", ""/prestazioni/premium-ponte-fisso-su-impianti"", ""/prestazioni/protesi-definitiva-ancorata-su-4-impianti""]","[{""id"": ""7bb17448-1b6f-a392-dde0-c79a43dcde52"", ""name"": ""Sadrzaji usluge"", ""isComboClass"": false}]",[],extracted,derived,
variable-636803fe-8821-1ae5-1950-9634a6a61fbc,svijetla-call,--svijetla-call,raw/published/resources/2ae2f8951fc8-dentvitalis33.shared.f8a4284a1.css,css-f283ebc87b80,.sadrzaji-usluge,border-bottom,10px none var(--svijetla-call),False,[],"[""/prestazioni/corone-faccette-ponti-e-protesi"", ""/prestazioni/sbiancamento-dei-denti"", ""/prestazioni/premium-ponte-fisso-su-impianti"", ""/prestazioni/protesi-definitiva-ancorata-su-4-impianti""]","[{""id"": ""7bb17448-1b6f-a392-dde0-c79a43dcde52"", ""name"": ""Sadrzaji usluge"", ""isComboClass"": false}]",[],extracted,derived,
variable-4a7968e2-7904-2751-1793-11f0211814b6,Svjetlija plava,--svjetlija-plava,raw/published/resources/2ae2f8951fc8-dentvitalis33.shared.f8a4284a1.css,css-f283ebc87b80,.sadrzaji-usluge,border-left,10px solid var(--svjetlija-plava),False,[],"[""/prestazioni/corone-faccette-ponti-e-protesi"", ""/prestazioni/sbiancamento-dei-denti"", ""/prestazioni/premium-ponte-fisso-su-impianti"", ""/prestazioni/protesi-definitiva-ancorata-su-4-impianti""]","[{""id"": ""7bb17448-1b6f-a392-dde0-c79a43dcde52"", ""name"": ""Sadrzaji usluge"", ""isComboClass"": false}]",[],extracted,derived,
variable-42628c23-e7e6-e965-dc67-74f46506df43,Bijela,--bijela,raw/published/resources/2ae2f8951fc8-dentvitalis33.shared.f8a4284a1.css,css-f283ebc87b80,.sadrzaji-usluge,background-color,var(--bijela),False,[],"[""/prestazioni/corone-faccette-ponti-e-protesi"", ""/prestazioni/sbiancamento-dei-denti"", ""/prestazioni/premium-ponte-fisso-su-impianti"", ""/prestazioni/protesi-definitiva-ancorata-su-4-impianti""]","[{""id"": ""7bb17448-1b6f-a392-dde0-c79a43dcde52"", ""name"": ""Sadrzaji usluge"", ""isComboClass"": false}]",[],extracted,derived,
variable-7871740f-ec68-7438-41c4-7e0c36e94c3b,Crna,--crna,raw/published/resources/2ae2f8951fc8-dentvitalis33.shared.f8a4284a1.css,css-f37e7b3c8b1f,.bulet,color,var(--crna),False,[],"[""/informativa-sulla-privacy"", ""/contatti"", ""/informazioni/listino-prezzi"", ""/informazioni/pagamento-flessibile"", ""/informazioni/prima-visita-gratuita"", ""/su-di-noi/materiali-e-apparecchiature"", ""/su-di-noi/i-nostri-specialisti"", ""/prestazioni/corone-faccette-ponti-e-protesi"", ""/prestazioni/sbiancamento-dei-denti"", ""/prestazioni/premium-ponte-fisso-su-impianti"", ""/prestazioni/protesi-definitiva-ancorata-su-4-impianti""]","[{""id"": ""73984ba6-c769-45ad-2a00-26dc2b4689fe"", ""name"": ""Bulet"", ""isComboClass"": false}]",[],extracted,derived,
variable-dbdd3ccf-b77c-6a3e-60b2-7e92aed7de59,siva-crta,--siva-crta,raw/published/resources/2ae2f8951fc8-dentvitalis33.shared.f8a4284a1.css,css-35af45c23450,.bulet.kontakti,border-bottom,1px solid var(--siva-crta),False,[],"[""/contatti""]","[{""id"": ""c511acef-09aa-58c3-070b-ca938aac3a44"", ""name"": ""kontakti"", ""isComboClass"": true}]",[],extracted,derived,
variable-1409a02f-5e45-fc0b-413b-160f609caa56,tamana-call,--tamana-call,raw/published/resources/2ae2f8951fc8-dentvitalis33.shared.f8a4284a1.css,css-1a6eee6821f2,.bulet.link-bulet,color,var(--tamana-call),False,[],"[""/prestazioni/premium-ponte-fisso-su-impianti""]","[{""id"": ""0328291e-dc1f-0107-37ec-29a99ae12111"", ""name"": ""link-bulet"", ""isComboClass"": true}]",[],extracted,derived,
variable-a1b95303-e2d2-d513-3d9a-c4726e49c0d8,zakrivljenost,--zakrivljenost,raw/published/resources/2ae2f8951fc8-dentvitalis33.shared.f8a4284a1.css,css-72e17711d354,.odlomak.izdvojeno,border-radius,var(--zakrivljenost),False,[],"[""/su-di-noi/i-nostri-specialisti""]","[{""id"": ""79257b82-a803-3d35-dd90-732da5ea3bad"", ""name"": ""izdvojeno"", ""isComboClass"": true}]",[],extracted,derived,
variable-42628c23-e7e6-e965-dc67-74f46506df43,Bijela,--bijela,raw/published/resources/2ae2f8951fc8-dentvitalis33.shared.f8a4284a1.css,css-72e17711d354,.odlomak.izdvojeno,background-color,var(--bijela),False,[],"[""/su-di-noi/i-nostri-specialisti""]","[{""id"": ""79257b82-a803-3d35-dd90-732da5ea3bad"", ""name"": ""izdvojeno"", ""isComboClass"": true}]",[],extracted,derived,
variable-7871740f-ec68-7438-41c4-7e0c36e94c3b,Crna,--crna,raw/published/resources/2ae2f8951fc8-dentvitalis33.shared.f8a4284a1.css,css-715ccf96ac01,.text-span-4,color,var(--crna),False,[],"[""/informazioni/trasporto"", ""/informazioni/alloggio"", ""/testimonianze"", ""/contatti"", ""/faq"", ""/domande-e-risposte"", ""/informazioni/listino-prezzi"", ""/informazioni/garanzie"", ""/informazioni/pagamento-flessibile"", ""/informazioni/tempi-del-trattamento"", ""/informazioni/prima-visita-gratuita"", ""/prestazioni/sedazione-cosciente"", ""/su-di-noi/impianti-di-nuova-generazione"", ""/su-di-noi/materiali-e-apparecchiature"", ""/su-di-noi/laboratorio-odontotecnico"", ""/su-di-noi/come-raggiungerci"", ""/su-di-noi/tutto-in-un-unico-luogo"", ""/su-di-noi/i-nostri-specialisti"", ""/prestazioni/sbiancamento-dei-denti"", ""/prestazioni/premium-ponte-fisso-su-impianti"", ""/prestazioni/protesi-definitiva-ancorata-su-4-impianti""]","[{""id"": ""6b906ae4-fd6e-0464-1d1d-4b10496557f7"", ""name"": ""Text Span 4"", ""isComboClass"": false}]","[{""id"": ""12779da6-57f4-1edc-0b0f-c14d7c69e8c1"", ""name"": ""sidebar""}, {""id"": ""01415f8e-f1dc-065f-6696-5928ab24121b"", ""name"": ""Sidebar informazioni""}, {""id"": ""735f2c84-7518-48f7-693c-0197067ecaaf"", ""name"": ""sidebar Prestazioni""}]",extracted,derived,
variable-7871740f-ec68-7438-41c4-7e0c36e94c3b,Crna,--crna,raw/published/resources/2ae2f8951fc8-dentvitalis33.shared.f8a4284a1.css,css-6f529902a9f8,.bold-text-3,color,var(--crna),False,[],"[""/prestazioni/sbiancamento-dei-denti"", ""/prestazioni/premium-ponte-fisso-su-impianti"", ""/prestazioni/protesi-definitiva-ancorata-su-4-impianti""]","[{""id"": ""7964d6d6-29f1-c031-fb64-c013e2d36fc7"", ""name"": ""Bold Text 3"", ""isComboClass"": false}]",[],extracted,derived,
variable-1409a02f-5e45-fc0b-413b-160f609caa56,tamana-call,--tamana-call,raw/published/resources/2ae2f8951fc8-dentvitalis33.shared.f8a4284a1.css,css-605c792ea424,.link,color,var(--tamana-call),False,[],"[""/contatti"", ""/faq"", ""/domande-e-risposte"", ""/informazioni/tempi-del-trattamento"", ""/su-di-noi/laboratorio-odontotecnico"", ""/su-di-noi/come-raggiungerci"", ""/su-di-noi/tutto-in-un-unico-luogo"", ""/su-di-noi/i-nostri-specialisti"", ""/prestazioni/corone-faccette-ponti-e-protesi"", ""/prestazioni/premium-ponte-fisso-su-impianti""]","[{""id"": ""1aa80a7d-bd9c-d76a-3fd4-dcb567b36efe"", ""name"": ""Link"", ""isComboClass"": false}]",[],extracted,derived,
variable-1409a02f-5e45-fc0b-413b-160f609caa56,tamana-call,--tamana-call,raw/published/resources/2ae2f8951fc8-dentvitalis33.shared.f8a4284a1.css,css-d5b6e6027502,.link-breadcrumb,color,var(--tamana-call),False,[],"[""/condizioni-di-utilizzo"", ""/informativa-sulla-privacy"", ""/informazioni-per-pazienti"", ""/chi-siamo"", ""/prestazioni-dentali"", ""/informazioni/trasporto"", ""/informazioni/alloggio"", ""/testimonianze"", ""/contatti"", ""/faq"", ""/domande-e-risposte"", ""/informazioni/listino-prezzi"", ""/informazioni/garanzie"", ""/informazioni/pagamento-flessibile"", ""/informazioni/tempi-del-trattamento"", ""/informazioni/prima-visita-gratuita"", ""/prestazioni/sedazione-cosciente"", ""/su-di-noi/impianti-di-nuova-generazione"", ""/su-di-noi/materiali-e-apparecchiature"", ""/su-di-noi/laboratorio-odontotecnico"", ""/su-di-noi/come-raggiungerci"", ""/su-di-noi/tutto-in-un-unico-luogo"", ""/su-di-noi/i-nostri-specialisti"", ""/prestazioni/corone-faccette-ponti-e-protesi"", ""/prestazioni/sbiancamento-dei-denti"", ""/prestazioni/premium-ponte-fisso-su-impianti"", ""/prestazioni/protesi-definitiva-ancorata-su-4-impianti""]","[{""id"": ""357ef9c7-c1e0-00f0-3536-7b97c9e84b20"", ""name"": ""Link breadcrumb"", ""isComboClass"": false}]","[{""id"": ""f3f8c56e-d796-023f-a4b1-8dfd0576aa9e"", ""name"": ""Breadcrumb""}]",extracted,derived,
variable-636803fe-8821-1ae5-1950-9634a6a61fbc,svijetla-call,--svijetla-call,raw/published/resources/2ae2f8951fc8-dentvitalis33.shared.f8a4284a1.css,css-9ad7e93d7697,.podstranice-sidebar,border-bottom,10px none var(--svijetla-call),False,[],"[""/condizioni-di-utilizzo"", ""/informativa-sulla-privacy"", ""/informazioni/trasporto"", ""/informazioni/alloggio"", ""/testimonianze"", ""/contatti"", ""/faq"", ""/domande-e-risposte"", ""/informazioni/listino-prezzi"", ""/informazioni/garanzie"", ""/informazioni/pagamento-flessibile"", ""/informazioni/tempi-del-trattamento"", ""/informazioni/prima-visita-gratuita"", ""/prestazioni/sedazione-cosciente"", ""/su-di-noi/impianti-di-nuova-generazione"", ""/su-di-noi/materiali-e-apparecchiature"", ""/su-di-noi/laboratorio-odontotecnico"", ""/su-di-noi/come-raggiungerci"", ""/su-di-noi/tutto-in-un-unico-luogo"", ""/su-di-noi/i-nostri-specialisti""]","[{""id"": ""2079a103-7979-d9cb-44e3-6096ea3df2a9"", ""name"": ""Podstranice sidebar"", ""isComboClass"": false}]","[{""id"": ""12779da6-57f4-1edc-0b0f-c14d7c69e8c1"", ""name"": ""sidebar""}, {""id"": ""01415f8e-f1dc-065f-6696-5928ab24121b"", ""name"": ""Sidebar informazioni""}, {""id"": ""735f2c84-7518-48f7-693c-0197067ecaaf"", ""name"": ""sidebar Prestazioni""}]",extracted,derived,
variable-4a7968e2-7904-2751-1793-11f0211814b6,Svjetlija plava,--svjetlija-plava,raw/published/resources/2ae2f8951fc8-dentvitalis33.shared.f8a4284a1.css,css-9ad7e93d7697,.podstranice-sidebar,border-left,10px solid var(--svjetlija-plava),False,[],"[""/condizioni-di-utilizzo"", ""/informativa-sulla-privacy"", ""/informazioni/trasporto"", ""/informazioni/alloggio"", ""/testimonianze"", ""/contatti"", ""/faq"", ""/domande-e-risposte"", ""/informazioni/listino-prezzi"", ""/informazioni/garanzie"", ""/informazioni/pagamento-flessibile"", ""/informazioni/tempi-del-trattamento"", ""/informazioni/prima-visita-gratuita"", ""/prestazioni/sedazione-cosciente"", ""/su-di-noi/impianti-di-nuova-generazione"", ""/su-di-noi/materiali-e-apparecchiature"", ""/su-di-noi/laboratorio-odontotecnico"", ""/su-di-noi/come-raggiungerci"", ""/su-di-noi/tutto-in-un-unico-luogo"", ""/su-di-noi/i-nostri-specialisti""]","[{""id"": ""2079a103-7979-d9cb-44e3-6096ea3df2a9"", ""name"": ""Podstranice sidebar"", ""isComboClass"": false}]","[{""id"": ""12779da6-57f4-1edc-0b0f-c14d7c69e8c1"", ""name"": ""sidebar""}, {""id"": ""01415f8e-f1dc-065f-6696-5928ab24121b"", ""name"": ""Sidebar informazioni""}, {""id"": ""735f2c84-7518-48f7-693c-0197067ecaaf"", ""name"": ""sidebar Prestazioni""}]",extracted,derived,
variable-a1b95303-e2d2-d513-3d9a-c4726e49c0d8,zakrivljenost,--zakrivljenost,raw/published/resources/2ae2f8951fc8-dentvitalis33.shared.f8a4284a1.css,css-ab747a3306f8,.foto-osoblje,border-radius,var(--zakrivljenost),False,[],"[""/su-di-noi/i-nostri-specialisti""]","[{""id"": ""486018b6-0a3c-4936-e7bb-d29370e4a61a"", ""name"": ""Foto-osoblje"", ""isComboClass"": false}]",[],extracted,derived,
variable-dbdd3ccf-b77c-6a3e-60b2-7e92aed7de59,siva-crta,--siva-crta,raw/published/resources/2ae2f8951fc8-dentvitalis33.shared.f8a4284a1.css,css-165d0c8b2326,.div-block-33,border-top,1px solid var(--siva-crta),False,[],"[""/informazioni/listino-prezzi""]","[{""id"": ""93b5b22b-9068-e7ee-8244-5ce1baed922c"", ""name"": ""Div Block 33"", ""isComboClass"": false}]",[],extracted,derived,
variable-a1b95303-e2d2-d513-3d9a-c4726e49c0d8,zakrivljenost,--zakrivljenost,raw/published/resources/2ae2f8951fc8-dentvitalis33.shared.f8a4284a1.css,css-142d217b5a3a,.cjenik-kartica,border-radius,var(--zakrivljenost),False,[],"[""/informazioni/listino-prezzi""]","[{""id"": ""92aa3c53-e447-c2e9-0d9e-30e3694ed8cd"", ""name"": ""Cjenik kartica"", ""isComboClass"": false}]",[],extracted,derived,
variable-42628c23-e7e6-e965-dc67-74f46506df43,Bijela,--bijela,raw/published/resources/2ae2f8951fc8-dentvitalis33.shared.f8a4284a1.css,css-142d217b5a3a,.cjenik-kartica,background-color,var(--bijela),False,[],"[""/informazioni/listino-prezzi""]","[{""id"": ""92aa3c53-e447-c2e9-0d9e-30e3694ed8cd"", ""name"": ""Cjenik kartica"", ""isComboClass"": false}]",[],extracted,derived,
variable-dbdd3ccf-b77c-6a3e-60b2-7e92aed7de59,siva-crta,--siva-crta,raw/published/resources/2ae2f8951fc8-dentvitalis33.shared.f8a4284a1.css,css-79e9b07b9954,.cijen-crta,border-left,1px solid var(--siva-crta),False,[],"[""/informazioni/listino-prezzi""]","[{""id"": ""db161970-9533-e7e8-8c08-8f3e28d079a1"", ""name"": ""cijen-crta"", ""isComboClass"": false}]",[],extracted,derived,
variable-dbdd3ccf-b77c-6a3e-60b2-7e92aed7de59,siva-crta,--siva-crta,raw/published/resources/2ae2f8951fc8-dentvitalis33.shared.f8a4284a1.css,css-060d55e8b415,.link-block-2,border-bottom,1px none var(--siva-crta),False,[],"[""/condizioni-di-utilizzo"", ""/informativa-sulla-privacy"", ""/informazioni-per-pazienti"", ""/chi-siamo"", ""/prestazioni-dentali"", ""/informazioni/trasporto"", ""/informazioni/alloggio"", ""/testimonianze"", ""/contatti"", ""/faq"", ""/domande-e-risposte"", ""/informazioni/listino-prezzi"", ""/informazioni/garanzie"", ""/informazioni/pagamento-flessibile"", ""/informazioni/tempi-del-trattamento"", ""/informazioni/prima-visita-gratuita"", ""/prestazioni/sedazione-cosciente"", ""/su-di-noi/impianti-di-nuova-generazione"", ""/su-di-noi/materiali-e-apparecchiature"", ""/su-di-noi/laboratorio-odontotecnico"", ""/su-di-noi/come-raggiungerci"", ""/su-di-noi/tutto-in-un-unico-luogo"", ""/su-di-noi/i-nostri-specialisti"", ""/prestazioni/corone-faccette-ponti-e-protesi"", ""/prestazioni/sbiancamento-dei-denti"", ""/prestazioni/premium-ponte-fisso-su-impianti"", ""/prestazioni/protesi-definitiva-ancorata-su-4-impianti"", ""/""]","[{""id"": ""f8fe9f49-a331-9263-c011-8df023718a3d"", ""name"": ""Link Block 2"", ""isComboClass"": false}]","[{""id"": ""cdb4010a-fc4d-930a-8493-bc7524d3344d"", ""name"": ""Footer""}]",extracted,derived,
variable-7871740f-ec68-7438-41c4-7e0c36e94c3b,Crna,--crna,raw/published/resources/2ae2f8951fc8-dentvitalis33.shared.f8a4284a1.css,css-060d55e8b415,.link-block-2,color,var(--crna),False,[],"[""/condizioni-di-utilizzo"", ""/informativa-sulla-privacy"", ""/informazioni-per-pazienti"", ""/chi-siamo"", ""/prestazioni-dentali"", ""/informazioni/trasporto"", ""/informazioni/alloggio"", ""/testimonianze"", ""/contatti"", ""/faq"", ""/domande-e-risposte"", ""/informazioni/listino-prezzi"", ""/informazioni/garanzie"", ""/informazioni/pagamento-flessibile"", ""/informazioni/tempi-del-trattamento"", ""/informazioni/prima-visita-gratuita"", ""/prestazioni/sedazione-cosciente"", ""/su-di-noi/impianti-di-nuova-generazione"", ""/su-di-noi/materiali-e-apparecchiature"", ""/su-di-noi/laboratorio-odontotecnico"", ""/su-di-noi/come-raggiungerci"", ""/su-di-noi/tutto-in-un-unico-luogo"", ""/su-di-noi/i-nostri-specialisti"", ""/prestazioni/corone-faccette-ponti-e-protesi"", ""/prestazioni/sbiancamento-dei-denti"", ""/prestazioni/premium-ponte-fisso-su-impianti"", ""/prestazioni/protesi-definitiva-ancorata-su-4-impianti"", ""/""]","[{""id"": ""f8fe9f49-a331-9263-c011-8df023718a3d"", ""name"": ""Link Block 2"", ""isComboClass"": false}]","[{""id"": ""cdb4010a-fc4d-930a-8493-bc7524d3344d"", ""name"": ""Footer""}]",extracted,derived,
variable-636803fe-8821-1ae5-1950-9634a6a61fbc,svijetla-call,--svijetla-call,raw/published/resources/2ae2f8951fc8-dentvitalis33.shared.f8a4284a1.css,css-cdb4f480a716,.ikona-bullet,color,var(--svijetla-call),False,[],"[""/informazioni/prima-visita-gratuita"", ""/su-di-noi/materiali-e-apparecchiature"", ""/prestazioni/corone-faccette-ponti-e-protesi"", ""/prestazioni/sbiancamento-dei-denti"", ""/prestazioni/premium-ponte-fisso-su-impianti"", ""/prestazioni/protesi-definitiva-ancorata-su-4-impianti"", ""/""]","[{""id"": ""58eca4d8-7aed-761a-9fa7-1712592398b6"", ""name"": ""ikona-bullet"", ""isComboClass"": false}]","[{""id"": ""587b085b-0eb5-6f0e-763d-212fecd904e0"", ""name"": ""Section Benvenuti""}]",extracted,derived,
variable-a1b95303-e2d2-d513-3d9a-c4726e49c0d8,zakrivljenost,--zakrivljenost,raw/published/resources/2ae2f8951fc8-dentvitalis33.shared.f8a4284a1.css,css-66a1f6cc3025,.kontakt-kartica,border-radius,var(--zakrivljenost),False,[],"[""/contatti""]","[{""id"": ""06737177-1bde-af44-61bf-5389a642a9aa"", ""name"": ""Kontakt kartica"", ""isComboClass"": false}]",[],extracted,derived,
variable-42628c23-e7e6-e965-dc67-74f46506df43,Bijela,--bijela,raw/published/resources/2ae2f8951fc8-dentvitalis33.shared.f8a4284a1.css,css-66a1f6cc3025,.kontakt-kartica,background-color,var(--bijela),False,[],"[""/contatti""]","[{""id"": ""06737177-1bde-af44-61bf-5389a642a9aa"", ""name"": ""Kontakt kartica"", ""isComboClass"": false}]",[],extracted,derived,
variable-1409a02f-5e45-fc0b-413b-160f609caa56,tamana-call,--tamana-call,raw/published/resources/2ae2f8951fc8-dentvitalis33.shared.f8a4284a1.css,css-b6357e8ae79e,.link-block-5,color,var(--tamana-call),False,[],"[""/informazioni-per-pazienti"", ""/chi-siamo"", ""/prestazioni-dentali"", ""/""]","[{""id"": ""347320b4-15d1-586f-1a25-4f13c10832c0"", ""name"": ""Link Block 5"", ""isComboClass"": false}, {""id"": ""92c87624-3f96-909a-dd83-bb3df19119ea"", ""name"": ""Link-Block-5"", ""isComboClass"": false}]","[{""id"": ""48eb149b-bbbd-805c-69ed-1266a634337f"", ""name"": ""Section Tradizione""}, {""id"": ""1d728e57-fa68-61c7-a4b3-55aca79d3e43"", ""name"": ""Directory cards - Home layout""}, {""id"": ""32a193c4-2226-c41d-04a5-7c80a45fc9bd"", ""name"": ""Directory cards - Su di noi""}, {""id"": ""189b6a3e-5614-be7c-f080-f6f0e377e820"", ""name"": ""Directory cards - Su di noi 2""}, {""id"": ""a48c8fee-76f0-7240-0500-30f49cec6908"", ""name"": ""Directory cards - Informazioni""}, {""id"": ""ddb95103-2171-39b2-bd7f-9df9bbf9b63c"", ""name"": ""Directory cards - Informazioni 2""}, {""id"": ""48eb149b-bbbd-805c-69ed-1266a634337f"", ""name"": ""Section Tradizione""}]",extracted,derived,
variable-1409a02f-5e45-fc0b-413b-160f609caa56,tamana-call,--tamana-call,raw/published/resources/2ae2f8951fc8-dentvitalis33.shared.f8a4284a1.css,css-b6357e8ae79e,.link-block-5,-webkit-text-decoration-color,var(--tamana-call),False,[],"[""/informazioni-per-pazienti"", ""/chi-siamo"", ""/prestazioni-dentali"", ""/""]","[{""id"": ""347320b4-15d1-586f-1a25-4f13c10832c0"", ""name"": ""Link Block 5"", ""isComboClass"": false}, {""id"": ""92c87624-3f96-909a-dd83-bb3df19119ea"", ""name"": ""Link-Block-5"", ""isComboClass"": false}]","[{""id"": ""48eb149b-bbbd-805c-69ed-1266a634337f"", ""name"": ""Section Tradizione""}, {""id"": ""1d728e57-fa68-61c7-a4b3-55aca79d3e43"", ""name"": ""Directory cards - Home layout""}, {""id"": ""32a193c4-2226-c41d-04a5-7c80a45fc9bd"", ""name"": ""Directory cards - Su di noi""}, {""id"": ""189b6a3e-5614-be7c-f080-f6f0e377e820"", ""name"": ""Directory cards - Su di noi 2""}, {""id"": ""a48c8fee-76f0-7240-0500-30f49cec6908"", ""name"": ""Directory cards - Informazioni""}, {""id"": ""ddb95103-2171-39b2-bd7f-9df9bbf9b63c"", ""name"": ""Directory cards - Informazioni 2""}, {""id"": ""48eb149b-bbbd-805c-69ed-1266a634337f"", ""name"": ""Section Tradizione""}]",extracted,derived,
variable-1409a02f-5e45-fc0b-413b-160f609caa56,tamana-call,--tamana-call,raw/published/resources/2ae2f8951fc8-dentvitalis33.shared.f8a4284a1.css,css-b6357e8ae79e,.link-block-5,text-decoration-color,var(--tamana-call),False,[],"[""/informazioni-per-pazienti"", ""/chi-siamo"", ""/prestazioni-dentali"", ""/""]","[{""id"": ""347320b4-15d1-586f-1a25-4f13c10832c0"", ""name"": ""Link Block 5"", ""isComboClass"": false}, {""id"": ""92c87624-3f96-909a-dd83-bb3df19119ea"", ""name"": ""Link-Block-5"", ""isComboClass"": false}]","[{""id"": ""48eb149b-bbbd-805c-69ed-1266a634337f"", ""name"": ""Section Tradizione""}, {""id"": ""1d728e57-fa68-61c7-a4b3-55aca79d3e43"", ""name"": ""Directory cards - Home layout""}, {""id"": ""32a193c4-2226-c41d-04a5-7c80a45fc9bd"", ""name"": ""Directory cards - Su di noi""}, {""id"": ""189b6a3e-5614-be7c-f080-f6f0e377e820"", ""name"": ""Directory cards - Su di noi 2""}, {""id"": ""a48c8fee-76f0-7240-0500-30f49cec6908"", ""name"": ""Directory cards - Informazioni""}, {""id"": ""ddb95103-2171-39b2-bd7f-9df9bbf9b63c"", ""name"": ""Directory cards - Informazioni 2""}, {""id"": ""48eb149b-bbbd-805c-69ed-1266a634337f"", ""name"": ""Section Tradizione""}]",extracted,derived,
variable-636803fe-8821-1ae5-1950-9634a6a61fbc,svijetla-call,--svijetla-call,raw/published/resources/2ae2f8951fc8-dentvitalis33.shared.f8a4284a1.css,css-293ffbe75bdf,.podebljano,color,var(--svijetla-call),False,[],"[""/""]","[{""id"": ""335026e0-c948-5dab-bf15-9cc094fc967d"", ""name"": ""Podebljano"", ""isComboClass"": false}]",[],extracted,derived,
variable-636803fe-8821-1ae5-1950-9634a6a61fbc,svijetla-call,--svijetla-call,raw/published/resources/2ae2f8951fc8-dentvitalis33.shared.f8a4284a1.css,css-fcae5f607ba8,.home-service-card-hp,border-bottom,10px none var(--svijetla-call),False,[],"[""/informazioni-per-pazienti"", ""/chi-siamo"", ""/prestazioni-dentali"", ""/""]","[{""id"": ""41d6e746-c5aa-82ea-5572-40575c7ada6d"", ""name"": ""Home Service Card HP"", ""isComboClass"": false}]","[{""id"": ""48eb149b-bbbd-805c-69ed-1266a634337f"", ""name"": ""Section Tradizione""}, {""id"": ""1d728e57-fa68-61c7-a4b3-55aca79d3e43"", ""name"": ""Directory cards - Home layout""}, {""id"": ""32a193c4-2226-c41d-04a5-7c80a45fc9bd"", ""name"": ""Directory cards - Su di noi""}, {""id"": ""189b6a3e-5614-be7c-f080-f6f0e377e820"", ""name"": ""Directory cards - Su di noi 2""}, {""id"": ""a48c8fee-76f0-7240-0500-30f49cec6908"", ""name"": ""Directory cards - Informazioni""}, {""id"": ""ddb95103-2171-39b2-bd7f-9df9bbf9b63c"", ""name"": ""Directory cards - Informazioni 2""}]",extracted,derived,
variable-4a7968e2-7904-2751-1793-11f0211814b6,Svjetlija plava,--svjetlija-plava,raw/published/resources/2ae2f8951fc8-dentvitalis33.shared.f8a4284a1.css,css-fcae5f607ba8,.home-service-card-hp,border-left,10px solid var(--svjetlija-plava),False,[],"[""/informazioni-per-pazienti"", ""/chi-siamo"", ""/prestazioni-dentali"", ""/""]","[{""id"": ""41d6e746-c5aa-82ea-5572-40575c7ada6d"", ""name"": ""Home Service Card HP"", ""isComboClass"": false}]","[{""id"": ""48eb149b-bbbd-805c-69ed-1266a634337f"", ""name"": ""Section Tradizione""}, {""id"": ""1d728e57-fa68-61c7-a4b3-55aca79d3e43"", ""name"": ""Directory cards - Home layout""}, {""id"": ""32a193c4-2226-c41d-04a5-7c80a45fc9bd"", ""name"": ""Directory cards - Su di noi""}, {""id"": ""189b6a3e-5614-be7c-f080-f6f0e377e820"", ""name"": ""Directory cards - Su di noi 2""}, {""id"": ""a48c8fee-76f0-7240-0500-30f49cec6908"", ""name"": ""Directory cards - Informazioni""}, {""id"": ""ddb95103-2171-39b2-bd7f-9df9bbf9b63c"", ""name"": ""Directory cards - Informazioni 2""}]",extracted,derived,
variable-c91afa07-c094-dcd9-4b58-ef280f217e72,Siva crta transparent,--siva-crta-transparent,raw/published/resources/2ae2f8951fc8-dentvitalis33.shared.f8a4284a1.css,css-c8220029464d,.breadcrumb-conteiner,border-bottom,1px solid var(--siva-crta-transparent),False,[],"[""/condizioni-di-utilizzo"", ""/informativa-sulla-privacy"", ""/informazioni-per-pazienti"", ""/chi-siamo"", ""/prestazioni-dentali"", ""/informazioni/trasporto"", ""/informazioni/alloggio"", ""/testimonianze"", ""/contatti"", ""/faq"", ""/domande-e-risposte"", ""/informazioni/listino-prezzi"", ""/informazioni/garanzie"", ""/informazioni/pagamento-flessibile"", ""/informazioni/tempi-del-trattamento"", ""/informazioni/prima-visita-gratuita"", ""/prestazioni/sedazione-cosciente"", ""/su-di-noi/impianti-di-nuova-generazione"", ""/su-di-noi/materiali-e-apparecchiature"", ""/su-di-noi/laboratorio-odontotecnico"", ""/su-di-noi/come-raggiungerci"", ""/su-di-noi/tutto-in-un-unico-luogo"", ""/su-di-noi/i-nostri-specialisti"", ""/prestazioni/corone-faccette-ponti-e-protesi"", ""/prestazioni/sbiancamento-dei-denti"", ""/prestazioni/premium-ponte-fisso-su-impianti"", ""/prestazioni/protesi-definitiva-ancorata-su-4-impianti""]","[{""id"": ""0f2c126f-bb91-c8b3-44ca-a08aee18d429"", ""name"": ""Breadcrumb conteiner"", ""isComboClass"": false}]","[{""id"": ""f3f8c56e-d796-023f-a4b1-8dfd0576aa9e"", ""name"": ""Breadcrumb""}]",extracted,derived,
variable-42628c23-e7e6-e965-dc67-74f46506df43,Bijela,--bijela,raw/published/resources/2ae2f8951fc8-dentvitalis33.shared.f8a4284a1.css,css-c8220029464d,.breadcrumb-conteiner,background-color,var(--bijela),False,[],"[""/condizioni-di-utilizzo"", ""/informativa-sulla-privacy"", ""/informazioni-per-pazienti"", ""/chi-siamo"", ""/prestazioni-dentali"", ""/informazioni/trasporto"", ""/informazioni/alloggio"", ""/testimonianze"", ""/contatti"", ""/faq"", ""/domande-e-risposte"", ""/informazioni/listino-prezzi"", ""/informazioni/garanzie"", ""/informazioni/pagamento-flessibile"", ""/informazioni/tempi-del-trattamento"", ""/informazioni/prima-visita-gratuita"", ""/prestazioni/sedazione-cosciente"", ""/su-di-noi/impianti-di-nuova-generazione"", ""/su-di-noi/materiali-e-apparecchiature"", ""/su-di-noi/laboratorio-odontotecnico"", ""/su-di-noi/come-raggiungerci"", ""/su-di-noi/tutto-in-un-unico-luogo"", ""/su-di-noi/i-nostri-specialisti"", ""/prestazioni/corone-faccette-ponti-e-protesi"", ""/prestazioni/sbiancamento-dei-denti"", ""/prestazioni/premium-ponte-fisso-su-impianti"", ""/prestazioni/protesi-definitiva-ancorata-su-4-impianti""]","[{""id"": ""0f2c126f-bb91-c8b3-44ca-a08aee18d429"", ""name"": ""Breadcrumb conteiner"", ""isComboClass"": false}]","[{""id"": ""f3f8c56e-d796-023f-a4b1-8dfd0576aa9e"", ""name"": ""Breadcrumb""}]",extracted,derived,
variable-7871740f-ec68-7438-41c4-7e0c36e94c3b,Crna,--crna,raw/published/resources/2ae2f8951fc8-dentvitalis33.shared.f8a4284a1.css,css-c8220029464d,.breadcrumb-conteiner,color,var(--crna),False,[],"[""/condizioni-di-utilizzo"", ""/informativa-sulla-privacy"", ""/informazioni-per-pazienti"", ""/chi-siamo"", ""/prestazioni-dentali"", ""/informazioni/trasporto"", ""/informazioni/alloggio"", ""/testimonianze"", ""/contatti"", ""/faq"", ""/domande-e-risposte"", ""/informazioni/listino-prezzi"", ""/informazioni/garanzie"", ""/informazioni/pagamento-flessibile"", ""/informazioni/tempi-del-trattamento"", ""/informazioni/prima-visita-gratuita"", ""/prestazioni/sedazione-cosciente"", ""/su-di-noi/impianti-di-nuova-generazione"", ""/su-di-noi/materiali-e-apparecchiature"", ""/su-di-noi/laboratorio-odontotecnico"", ""/su-di-noi/come-raggiungerci"", ""/su-di-noi/tutto-in-un-unico-luogo"", ""/su-di-noi/i-nostri-specialisti"", ""/prestazioni/corone-faccette-ponti-e-protesi"", ""/prestazioni/sbiancamento-dei-denti"", ""/prestazioni/premium-ponte-fisso-su-impianti"", ""/prestazioni/protesi-definitiva-ancorata-su-4-impianti""]","[{""id"": ""0f2c126f-bb91-c8b3-44ca-a08aee18d429"", ""name"": ""Breadcrumb conteiner"", ""isComboClass"": false}]","[{""id"": ""f3f8c56e-d796-023f-a4b1-8dfd0576aa9e"", ""name"": ""Breadcrumb""}]",extracted,derived,
variable-1409a02f-5e45-fc0b-413b-160f609caa56,tamana-call,--tamana-call,raw/published/resources/2ae2f8951fc8-dentvitalis33.shared.f8a4284a1.css,css-bbd568f4b2f4,.sjena-lijevo,background-image,"linear-gradient(90deg, var(--tamana-call), #fff0 65%, #fff0)",False,[],"[""/condizioni-di-utilizzo"", ""/informativa-sulla-privacy"", ""/informazioni/trasporto"", ""/informazioni/alloggio"", ""/testimonianze"", ""/contatti"", ""/faq"", ""/domande-e-risposte"", ""/informazioni/listino-prezzi"", ""/informazioni/garanzie"", ""/informazioni/pagamento-flessibile"", ""/informazioni/tempi-del-trattamento"", ""/informazioni/prima-visita-gratuita"", ""/prestazioni/sedazione-cosciente"", ""/su-di-noi/impianti-di-nuova-generazione"", ""/su-di-noi/materiali-e-apparecchiature"", ""/su-di-noi/laboratorio-odontotecnico"", ""/su-di-noi/come-raggiungerci"", ""/su-di-noi/tutto-in-un-unico-luogo"", ""/su-di-noi/i-nostri-specialisti"", ""/prestazioni/corone-faccette-ponti-e-protesi"", ""/prestazioni/sbiancamento-dei-denti"", ""/prestazioni/premium-ponte-fisso-su-impianti"", ""/prestazioni/protesi-definitiva-ancorata-su-4-impianti""]","[{""id"": ""1fb93f9a-7c44-fc7a-d7fa-3eda1d02a7cd"", ""name"": ""sjena-lijevo"", ""isComboClass"": false}]","[{""id"": ""9451505b-5015-c534-40e8-5413c82b759b"", ""name"": ""Zaglavlje detaljna""}]",extracted,derived,
variable-1409a02f-5e45-fc0b-413b-160f609caa56,tamana-call,--tamana-call,raw/published/resources/2ae2f8951fc8-dentvitalis33.shared.f8a4284a1.css,css-7def38b94dbb,.text-block-17,color,var(--tamana-call),False,[],"[""/condizioni-di-utilizzo"", ""/informativa-sulla-privacy"", ""/informazioni-per-pazienti"", ""/chi-siamo"", ""/prestazioni-dentali"", ""/informazioni/trasporto"", ""/informazioni/alloggio"", ""/testimonianze"", ""/contatti"", ""/faq"", ""/domande-e-risposte"", ""/informazioni/listino-prezzi"", ""/informazioni/garanzie"", ""/informazioni/pagamento-flessibile"", ""/informazioni/tempi-del-trattamento"", ""/informazioni/prima-visita-gratuita"", ""/prestazioni/sedazione-cosciente"", ""/su-di-noi/impianti-di-nuova-generazione"", ""/su-di-noi/materiali-e-apparecchiature"", ""/su-di-noi/laboratorio-odontotecnico"", ""/su-di-noi/come-raggiungerci"", ""/su-di-noi/tutto-in-un-unico-luogo"", ""/su-di-noi/i-nostri-specialisti"", ""/prestazioni/corone-faccette-ponti-e-protesi"", ""/prestazioni/sbiancamento-dei-denti"", ""/prestazioni/premium-ponte-fisso-su-impianti"", ""/prestazioni/protesi-definitiva-ancorata-su-4-impianti"", ""/""]","[{""id"": ""773c12ea-a701-3f23-b549-1fd5bfba7ce1"", ""name"": ""Text Block 17"", ""isComboClass"": false}]","[{""id"": ""82b2ce1d-fc74-8408-a46c-893c2f6ef824"", ""name"": ""navigacija""}]",extracted,derived,
variable-636803fe-8821-1ae5-1950-9634a6a61fbc,svijetla-call,--svijetla-call,raw/published/resources/2ae2f8951fc8-dentvitalis33.shared.f8a4284a1.css,css-04a4952d5931,.bold-text-5,color,var(--svijetla-call),False,[],"[""/""]","[{""id"": ""3011f17e-8198-9369-723c-c251e2eae529"", ""name"": ""Bold Text 5"", ""isComboClass"": false}]",[],extracted,derived,
variable-42628c23-e7e6-e965-dc67-74f46506df43,Bijela,--bijela,raw/published/resources/2ae2f8951fc8-dentvitalis33.shared.f8a4284a1.css,css-a9b5fc7060ac,.link-svijetli,color,var(--bijela),False,[],"[""/prestazioni/protesi-definitiva-ancorata-su-4-impianti""]","[{""id"": ""036a69e1-beed-1b57-7c49-a54bb530f9e8"", ""name"": ""Link svijetli"", ""isComboClass"": false}]",[],extracted,derived,
variable-42628c23-e7e6-e965-dc67-74f46506df43,Bijela,--bijela,raw/published/resources/2ae2f8951fc8-dentvitalis33.shared.f8a4284a1.css,css-a26bd4cfbae5,.link-svijetli-naslov,color,var(--bijela),False,[],[],"[{""id"": ""86cf4307-a54e-f12c-2d09-35a43c18c35a"", ""name"": ""Link svijetli naslov"", ""isComboClass"": false}]",[],extracted,derived,
variable-636803fe-8821-1ae5-1950-9634a6a61fbc,svijetla-call,--svijetla-call,raw/published/resources/2ae2f8951fc8-dentvitalis33.shared.f8a4284a1.css,css-79b8f4f0e2b5,.ikona-bullet-large,color,var(--svijetla-call),False,[],"[""/""]","[{""id"": ""2bf4dd84-0694-dbd3-c624-8a7964e32e4b"", ""name"": ""ikona-bullet large"", ""isComboClass"": false}]","[{""id"": ""587b085b-0eb5-6f0e-763d-212fecd904e0"", ""name"": ""Section Benvenuti""}]",extracted,derived,
variable-42628c23-e7e6-e965-dc67-74f46506df43,Bijela,--bijela,raw/published/resources/2ae2f8951fc8-dentvitalis33.shared.f8a4284a1.css,css-48c44db875a1,.primary-button-left-block,border-right-color,var(--bijela),False,"[""screen and (min-width: 1920px)""]","[""/condizioni-di-utilizzo"", ""/informativa-sulla-privacy"", ""/informazioni-per-pazienti"", ""/chi-siamo"", ""/prestazioni-dentali"", ""/informazioni/trasporto"", ""/informazioni/alloggio"", ""/testimonianze"", ""/contatti"", ""/faq"", ""/domande-e-risposte"", ""/informazioni/listino-prezzi"", ""/informazioni/garanzie"", ""/informazioni/pagamento-flessibile"", ""/informazioni/tempi-del-trattamento"", ""/informazioni/prima-visita-gratuita"", ""/prestazioni/sedazione-cosciente"", ""/su-di-noi/impianti-di-nuova-generazione"", ""/su-di-noi/materiali-e-apparecchiature"", ""/su-di-noi/laboratorio-odontotecnico"", ""/su-di-noi/come-raggiungerci"", ""/su-di-noi/tutto-in-un-unico-luogo"", ""/su-di-noi/i-nostri-specialisti"", ""/prestazioni/corone-faccette-ponti-e-protesi"", ""/prestazioni/sbiancamento-dei-denti"", ""/prestazioni/premium-ponte-fisso-su-impianti"", ""/prestazioni/protesi-definitiva-ancorata-su-4-impianti"", ""/""]","[{""id"": ""e6e85a02-c3d6-08eb-5df3-a2c1c099f214"", ""name"": ""Primary Button Left Block"", ""isComboClass"": false}]","[{""id"": ""a6383e85-b972-e425-5602-e5554d54c939"", ""name"": ""banner-card""}, {""id"": ""587b085b-0eb5-6f0e-763d-212fecd904e0"", ""name"": ""Section Benvenuti""}, {""id"": ""c5b4d3d6-9300-613f-7c22-f4b3d5b0c351"", ""name"": ""Section Testimonianze""}, {""id"": ""4e75e80f-18e3-7eb0-519d-3b33dc5a3c5c"", ""name"": ""Section Informazioni""}, {""id"": ""2218f1d9-b81b-56c5-3884-620b224831a9"", ""name"": ""Section FAQ""}, {""id"": ""b3f8e1d2-757e-d6a0-6dbb-b11ab1a23dc2"", ""name"": ""Section Contatti""}]",extracted,derived,
variable-1409a02f-5e45-fc0b-413b-160f609caa56,tamana-call,--tamana-call,raw/published/resources/2ae2f8951fc8-dentvitalis33.shared.f8a4284a1.css,css-e3edd1b04ad2,.primary-button-2:hover,background-color,var(--tamana-call),False,"[""screen and (min-width: 1920px)""]",[],[],[],extracted,derived,
variable-42628c23-e7e6-e965-dc67-74f46506df43,Bijela,--bijela,raw/published/resources/2ae2f8951fc8-dentvitalis33.shared.f8a4284a1.css,css-e3edd1b04ad2,.primary-button-2:hover,color,var(--bijela),False,"[""screen and (min-width: 1920px)""]",[],[],[],extracted,derived,
variable-1409a02f-5e45-fc0b-413b-160f609caa56,tamana-call,--tamana-call,raw/published/resources/2ae2f8951fc8-dentvitalis33.shared.f8a4284a1.css,css-e48b6972d000,.banner-section.hero,background-color,var(--tamana-call),False,"[""screen and (max-width: 991px)""]","[""/""]","[{""id"": ""502e717e-6870-a4bc-00aa-0f9441d13e7c"", ""name"": ""hero"", ""isComboClass"": true}]",[],extracted,derived,
variable-636803fe-8821-1ae5-1950-9634a6a61fbc,svijetla-call,--svijetla-call,raw/published/resources/2ae2f8951fc8-dentvitalis33.shared.f8a4284a1.css,css-ff2ce7bd827d,.image-burger,color,var(--svijetla-call),False,"[""screen and (max-width: 991px)""]","[""/condizioni-di-utilizzo"", ""/informativa-sulla-privacy"", ""/informazioni-per-pazienti"", ""/chi-siamo"", ""/prestazioni-dentali"", ""/informazioni/trasporto"", ""/informazioni/alloggio"", ""/testimonianze"", ""/contatti"", ""/faq"", ""/domande-e-risposte"", ""/informazioni/listino-prezzi"", ""/informazioni/garanzie"", ""/informazioni/pagamento-flessibile"", ""/informazioni/tempi-del-trattamento"", ""/informazioni/prima-visita-gratuita"", ""/prestazioni/sedazione-cosciente"", ""/su-di-noi/impianti-di-nuova-generazione"", ""/su-di-noi/materiali-e-apparecchiature"", ""/su-di-noi/laboratorio-odontotecnico"", ""/su-di-noi/come-raggiungerci"", ""/su-di-noi/tutto-in-un-unico-luogo"", ""/su-di-noi/i-nostri-specialisti"", ""/prestazioni/corone-faccette-ponti-e-protesi"", ""/prestazioni/sbiancamento-dei-denti"", ""/prestazioni/premium-ponte-fisso-su-impianti"", ""/prestazioni/protesi-definitiva-ancorata-su-4-impianti"", ""/""]","[{""id"": ""e6e85a02-c3d6-08eb-5df3-a2c1c099f201"", ""name"": ""Image Burger"", ""isComboClass"": false}]","[{""id"": ""82b2ce1d-fc74-8408-a46c-893c2f6ef824"", ""name"": ""navigacija""}]",extracted,derived,
variable-dbdd3ccf-b77c-6a3e-60b2-7e92aed7de59,siva-crta,--siva-crta,raw/published/resources/2ae2f8951fc8-dentvitalis33.shared.f8a4284a1.css,css-85d8ac04e0e1,.nav-dropdown,border-bottom,1px solid var(--siva-crta),False,"[""screen and (max-width: 991px)""]","[""/condizioni-di-utilizzo"", ""/informativa-sulla-privacy"", ""/informazioni-per-pazienti"", ""/chi-siamo"", ""/prestazioni-dentali"", ""/informazioni/trasporto"", ""/informazioni/alloggio"", ""/testimonianze"", ""/contatti"", ""/faq"", ""/domande-e-risposte"", ""/informazioni/listino-prezzi"", ""/informazioni/garanzie"", ""/informazioni/pagamento-flessibile"", ""/informazioni/tempi-del-trattamento"", ""/informazioni/prima-visita-gratuita"", ""/prestazioni/sedazione-cosciente"", ""/su-di-noi/impianti-di-nuova-generazione"", ""/su-di-noi/materiali-e-apparecchiature"", ""/su-di-noi/laboratorio-odontotecnico"", ""/su-di-noi/come-raggiungerci"", ""/su-di-noi/tutto-in-un-unico-luogo"", ""/su-di-noi/i-nostri-specialisti"", ""/prestazioni/corone-faccette-ponti-e-protesi"", ""/prestazioni/sbiancamento-dei-denti"", ""/prestazioni/premium-ponte-fisso-su-impianti"", ""/prestazioni/protesi-definitiva-ancorata-su-4-impianti"", ""/""]","[{""id"": ""e6e85a02-c3d6-08eb-5df3-a2c1c099f20f"", ""name"": ""Nav Dropdown"", ""isComboClass"": false}]","[{""id"": ""82b2ce1d-fc74-8408-a46c-893c2f6ef824"", ""name"": ""navigacija""}]",extracted,derived,
variable-7871740f-ec68-7438-41c4-7e0c36e94c3b,Crna,--crna,raw/published/resources/2ae2f8951fc8-dentvitalis33.shared.f8a4284a1.css,css-225d935b700e,.nav-dropdown-toggle,color,var(--crna),False,"[""screen and (max-width: 991px)""]","[""/condizioni-di-utilizzo"", ""/informativa-sulla-privacy"", ""/informazioni-per-pazienti"", ""/chi-siamo"", ""/prestazioni-dentali"", ""/informazioni/trasporto"", ""/informazioni/alloggio"", ""/testimonianze"", ""/contatti"", ""/faq"", ""/domande-e-risposte"", ""/informazioni/listino-prezzi"", ""/informazioni/garanzie"", ""/informazioni/pagamento-flessibile"", ""/informazioni/tempi-del-trattamento"", ""/informazioni/prima-visita-gratuita"", ""/prestazioni/sedazione-cosciente"", ""/su-di-noi/impianti-di-nuova-generazione"", ""/su-di-noi/materiali-e-apparecchiature"", ""/su-di-noi/laboratorio-odontotecnico"", ""/su-di-noi/come-raggiungerci"", ""/su-di-noi/tutto-in-un-unico-luogo"", ""/su-di-noi/i-nostri-specialisti"", ""/prestazioni/corone-faccette-ponti-e-protesi"", ""/prestazioni/sbiancamento-dei-denti"", ""/prestazioni/premium-ponte-fisso-su-impianti"", ""/prestazioni/protesi-definitiva-ancorata-su-4-impianti"", ""/""]","[{""id"": ""e6e85a02-c3d6-08eb-5df3-a2c1c099f24e"", ""name"": ""Nav Dropdown Toggle"", ""isComboClass"": false}]","[{""id"": ""82b2ce1d-fc74-8408-a46c-893c2f6ef824"", ""name"": ""navigacija""}]",extracted,derived,
variable-7871740f-ec68-7438-41c4-7e0c36e94c3b,Crna,--crna,raw/published/resources/2ae2f8951fc8-dentvitalis33.shared.f8a4284a1.css,css-d28c04b67d9c,.nav-dropdown-toggle:hover,color,var(--crna),False,"[""screen and (max-width: 991px)""]","[""/condizioni-di-utilizzo"", ""/informativa-sulla-privacy"", ""/informazioni-per-pazienti"", ""/chi-siamo"", ""/prestazioni-dentali"", ""/informazioni/trasporto"", ""/informazioni/alloggio"", ""/testimonianze"", ""/contatti"", ""/faq"", ""/domande-e-risposte"", ""/informazioni/listino-prezzi"", ""/informazioni/garanzie"", ""/informazioni/pagamento-flessibile"", ""/informazioni/tempi-del-trattamento"", ""/informazioni/prima-visita-gratuita"", ""/prestazioni/sedazione-cosciente"", ""/su-di-noi/impianti-di-nuova-generazione"", ""/su-di-noi/materiali-e-apparecchiature"", ""/su-di-noi/laboratorio-odontotecnico"", ""/su-di-noi/come-raggiungerci"", ""/su-di-noi/tutto-in-un-unico-luogo"", ""/su-di-noi/i-nostri-specialisti"", ""/prestazioni/corone-faccette-ponti-e-protesi"", ""/prestazioni/sbiancamento-dei-denti"", ""/prestazioni/premium-ponte-fisso-su-impianti"", ""/prestazioni/protesi-definitiva-ancorata-su-4-impianti"", ""/""]",[],[],extracted,derived,
variable-dbdd3ccf-b77c-6a3e-60b2-7e92aed7de59,siva-crta,--siva-crta,raw/published/resources/2ae2f8951fc8-dentvitalis33.shared.f8a4284a1.css,css-4f873d91a0b2,.nav-link,border-bottom,1px solid var(--siva-crta),False,"[""screen and (max-width: 991px)""]","[""/condizioni-di-utilizzo"", ""/informativa-sulla-privacy"", ""/informazioni-per-pazienti"", ""/chi-siamo"", ""/prestazioni-dentali"", ""/informazioni/trasporto"", ""/informazioni/alloggio"", ""/testimonianze"", ""/contatti"", ""/faq"", ""/domande-e-risposte"", ""/informazioni/listino-prezzi"", ""/informazioni/garanzie"", ""/informazioni/pagamento-flessibile"", ""/informazioni/tempi-del-trattamento"", ""/informazioni/prima-visita-gratuita"", ""/prestazioni/sedazione-cosciente"", ""/su-di-noi/impianti-di-nuova-generazione"", ""/su-di-noi/materiali-e-apparecchiature"", ""/su-di-noi/laboratorio-odontotecnico"", ""/su-di-noi/come-raggiungerci"", ""/su-di-noi/tutto-in-un-unico-luogo"", ""/su-di-noi/i-nostri-specialisti"", ""/prestazioni/corone-faccette-ponti-e-protesi"", ""/prestazioni/sbiancamento-dei-denti"", ""/prestazioni/premium-ponte-fisso-su-impianti"", ""/prestazioni/protesi-definitiva-ancorata-su-4-impianti"", ""/""]","[{""id"": ""e6e85a02-c3d6-08eb-5df3-a2c1c099f268"", ""name"": ""Nav Link"", ""isComboClass"": false}]","[{""id"": ""82b2ce1d-fc74-8408-a46c-893c2f6ef824"", ""name"": ""navigacija""}]",extracted,derived,
variable-1409a02f-5e45-fc0b-413b-160f609caa56,tamana-call,--tamana-call,raw/published/resources/2ae2f8951fc8-dentvitalis33.shared.f8a4284a1.css,css-dccfb800b9e5,.gradient,background-image,"linear-gradient(0deg, #5582a300 75%, var(--tamana-call))",False,"[""screen and (max-width: 991px)""]","[""/""]","[{""id"": ""8c6cb48f-c970-c747-49b1-caf68c1f90d1"", ""name"": ""gradient"", ""isComboClass"": false}]",[],extracted,derived,
variable-7871740f-ec68-7438-41c4-7e0c36e94c3b,Crna,--crna,raw/published/resources/2ae2f8951fc8-dentvitalis33.shared.f8a4284a1.css,css-3eba51903a6e,.section-heading-wrapper,color,var(--crna),False,"[""screen and (max-width: 991px)""]","[""/""]","[{""id"": ""36f7768b-e51f-bf95-9387-fa0be8ed6bf7"", ""name"": ""Section Heading Wrapper"", ""isComboClass"": false}]","[{""id"": ""587b085b-0eb5-6f0e-763d-212fecd904e0"", ""name"": ""Section Benvenuti""}, {""id"": ""c5b4d3d6-9300-613f-7c22-f4b3d5b0c351"", ""name"": ""Section Testimonianze""}]",extracted,derived,
variable-096e3c41-aba9-e979-277d-482de4374333,Transparent,--transparent,raw/published/resources/2ae2f8951fc8-dentvitalis33.shared.f8a4284a1.css,css-ec6e3273ecc0,.foto-background,background-color,var(--transparent),False,"[""screen and (max-width: 991px)""]","[""/""]","[{""id"": ""e12b0b0f-9d16-330b-d846-79a9acbbfc41"", ""name"": ""Foto background"", ""isComboClass"": false}]","[{""id"": ""587b085b-0eb5-6f0e-763d-212fecd904e0"", ""name"": ""Section Benvenuti""}, {""id"": ""c5b4d3d6-9300-613f-7c22-f4b3d5b0c351"", ""name"": ""Section Testimonianze""}]",extracted,derived,
variable-7871740f-ec68-7438-41c4-7e0c36e94c3b,Crna,--crna,raw/published/resources/2ae2f8951fc8-dentvitalis33.shared.f8a4284a1.css,css-52e9d60516d6,.div-block-8,color,var(--crna),False,"[""screen and (max-width: 991px)""]","[""/""]","[{""id"": ""e64fd836-08ca-370b-865a-4a09c104966e"", ""name"": ""Div Block 8"", ""isComboClass"": false}]","[{""id"": ""587b085b-0eb5-6f0e-763d-212fecd904e0"", ""name"": ""Section Benvenuti""}]",extracted,derived,
variable-42628c23-e7e6-e965-dc67-74f46506df43,Bijela,--bijela,raw/published/resources/2ae2f8951fc8-dentvitalis33.shared.f8a4284a1.css,css-836506536141,.whatsapp-container,border-color,var(--bijela),False,"[""screen and (max-width: 991px)""]","[""/condizioni-di-utilizzo"", ""/informativa-sulla-privacy"", ""/informazioni-per-pazienti"", ""/chi-siamo"", ""/prestazioni-dentali"", ""/informazioni/trasporto"", ""/informazioni/alloggio"", ""/testimonianze"", ""/contatti"", ""/faq"", ""/domande-e-risposte"", ""/informazioni/listino-prezzi"", ""/informazioni/garanzie"", ""/informazioni/pagamento-flessibile"", ""/informazioni/tempi-del-trattamento"", ""/informazioni/prima-visita-gratuita"", ""/prestazioni/sedazione-cosciente"", ""/su-di-noi/impianti-di-nuova-generazione"", ""/su-di-noi/materiali-e-apparecchiature"", ""/su-di-noi/laboratorio-odontotecnico"", ""/su-di-noi/come-raggiungerci"", ""/su-di-noi/tutto-in-un-unico-luogo"", ""/su-di-noi/i-nostri-specialisti"", ""/prestazioni/corone-faccette-ponti-e-protesi"", ""/prestazioni/sbiancamento-dei-denti"", ""/prestazioni/premium-ponte-fisso-su-impianti"", ""/prestazioni/protesi-definitiva-ancorata-su-4-impianti"", ""/""]","[{""id"": ""83f2cc56-3a29-3903-e59c-0711f389e2d2"", ""name"": ""whatsapp-container"", ""isComboClass"": false}]","[{""id"": ""511a527c-0818-f243-94fb-c91d2b84e74a"", ""name"": ""WhatsApp""}]",extracted,derived,
variable-42628c23-e7e6-e965-dc67-74f46506df43,Bijela,--bijela,raw/published/resources/2ae2f8951fc8-dentvitalis33.shared.f8a4284a1.css,css-43101d14c971,.live-icon,border,2px solid var(--bijela),False,"[""screen and (max-width: 991px)""]","[""/condizioni-di-utilizzo"", ""/informativa-sulla-privacy"", ""/informazioni-per-pazienti"", ""/chi-siamo"", ""/prestazioni-dentali"", ""/informazioni/trasporto"", ""/informazioni/alloggio"", ""/testimonianze"", ""/contatti"", ""/faq"", ""/domande-e-risposte"", ""/informazioni/listino-prezzi"", ""/informazioni/garanzie"", ""/informazioni/pagamento-flessibile"", ""/informazioni/tempi-del-trattamento"", ""/informazioni/prima-visita-gratuita"", ""/prestazioni/sedazione-cosciente"", ""/su-di-noi/impianti-di-nuova-generazione"", ""/su-di-noi/materiali-e-apparecchiature"", ""/su-di-noi/laboratorio-odontotecnico"", ""/su-di-noi/come-raggiungerci"", ""/su-di-noi/tutto-in-un-unico-luogo"", ""/su-di-noi/i-nostri-specialisti"", ""/prestazioni/corone-faccette-ponti-e-protesi"", ""/prestazioni/sbiancamento-dei-denti"", ""/prestazioni/premium-ponte-fisso-su-impianti"", ""/prestazioni/protesi-definitiva-ancorata-su-4-impianti"", ""/""]","[{""id"": ""83f2cc56-3a29-3903-e59c-0711f389e2d8"", ""name"": ""live-icon"", ""isComboClass"": false}]","[{""id"": ""511a527c-0818-f243-94fb-c91d2b84e74a"", ""name"": ""WhatsApp""}]",extracted,derived,
variable-42628c23-e7e6-e965-dc67-74f46506df43,Bijela,--bijela,raw/published/resources/2ae2f8951fc8-dentvitalis33.shared.f8a4284a1.css,css-33e976a405dd,.podloga,background-color,var(--bijela),False,"[""screen and (max-width: 991px)""]","[""/condizioni-di-utilizzo"", ""/informativa-sulla-privacy"", ""/informazioni-per-pazienti"", ""/chi-siamo"", ""/prestazioni-dentali"", ""/informazioni/trasporto"", ""/informazioni/alloggio"", ""/testimonianze"", ""/contatti"", ""/faq"", ""/domande-e-risposte"", ""/informazioni/listino-prezzi"", ""/informazioni/garanzie"", ""/informazioni/pagamento-flessibile"", ""/informazioni/tempi-del-trattamento"", ""/informazioni/prima-visita-gratuita"", ""/prestazioni/sedazione-cosciente"", ""/su-di-noi/impianti-di-nuova-generazione"", ""/su-di-noi/materiali-e-apparecchiature"", ""/su-di-noi/laboratorio-odontotecnico"", ""/su-di-noi/come-raggiungerci"", ""/su-di-noi/tutto-in-un-unico-luogo"", ""/su-di-noi/i-nostri-specialisti"", ""/prestazioni/corone-faccette-ponti-e-protesi"", ""/prestazioni/sbiancamento-dei-denti"", ""/prestazioni/premium-ponte-fisso-su-impianti"", ""/prestazioni/protesi-definitiva-ancorata-su-4-impianti"", ""/""]","[{""id"": ""438b381f-e438-e2d8-5f35-a7a91491adb2"", ""name"": ""podloga"", ""isComboClass"": false}]","[{""id"": ""1b710e68-38ef-1a3b-db46-5efe98f74ee5"", ""name"": ""Fiksni kontakti mobile""}]",extracted,derived,
variable-a1b95303-e2d2-d513-3d9a-c4726e49c0d8,zakrivljenost,--zakrivljenost,raw/published/resources/2ae2f8951fc8-dentvitalis33.shared.f8a4284a1.css,css-32ae2f96b0eb,.div-block-10,border-radius,var(--zakrivljenost),False,"[""screen and (max-width: 991px)""]",[],"[{""id"": ""438b381f-e438-e2d8-5f35-a7a91491adb3"", ""name"": ""Div Block 10"", ""isComboClass"": false}]","[{""id"": ""1b710e68-38ef-1a3b-db46-5efe98f74ee5"", ""name"": ""Fiksni kontakti mobile""}]",extracted,derived,
variable-096e3c41-aba9-e979-277d-482de4374333,Transparent,--transparent,raw/published/resources/2ae2f8951fc8-dentvitalis33.shared.f8a4284a1.css,css-32ae2f96b0eb,.div-block-10,background-color,var(--transparent),False,"[""screen and (max-width: 991px)""]",[],"[{""id"": ""438b381f-e438-e2d8-5f35-a7a91491adb3"", ""name"": ""Div Block 10"", ""isComboClass"": false}]","[{""id"": ""1b710e68-38ef-1a3b-db46-5efe98f74ee5"", ""name"": ""Fiksni kontakti mobile""}]",extracted,derived,
variable-7871740f-ec68-7438-41c4-7e0c36e94c3b,Crna,--crna,raw/published/resources/2ae2f8951fc8-dentvitalis33.shared.f8a4284a1.css,css-b2ff7d8e4b02,.icon-embed-xxsmall,color,var(--crna),False,"[""screen and (max-width: 991px)""]","[""/condizioni-di-utilizzo"", ""/informativa-sulla-privacy"", ""/informazioni-per-pazienti"", ""/chi-siamo"", ""/prestazioni-dentali"", ""/informazioni/trasporto"", ""/informazioni/alloggio"", ""/testimonianze"", ""/contatti"", ""/faq"", ""/domande-e-risposte"", ""/informazioni/listino-prezzi"", ""/informazioni/garanzie"", ""/informazioni/pagamento-flessibile"", ""/informazioni/tempi-del-trattamento"", ""/informazioni/prima-visita-gratuita"", ""/prestazioni/sedazione-cosciente"", ""/su-di-noi/impianti-di-nuova-generazione"", ""/su-di-noi/materiali-e-apparecchiature"", ""/su-di-noi/laboratorio-odontotecnico"", ""/su-di-noi/come-raggiungerci"", ""/su-di-noi/tutto-in-un-unico-luogo"", ""/su-di-noi/i-nostri-specialisti"", ""/prestazioni/corone-faccette-ponti-e-protesi"", ""/prestazioni/sbiancamento-dei-denti"", ""/prestazioni/premium-ponte-fisso-su-impianti"", ""/prestazioni/protesi-definitiva-ancorata-su-4-impianti"", ""/""]","[{""id"": ""438b381f-e438-e2d8-5f35-a7a91491adb4"", ""name"": ""icon-embed-xxsmall"", ""isComboClass"": false}]","[{""id"": ""82b2ce1d-fc74-8408-a46c-893c2f6ef824"", ""name"": ""navigacija""}, {""id"": ""1b710e68-38ef-1a3b-db46-5efe98f74ee5"", ""name"": ""Fiksni kontakti mobile""}]",extracted,derived,
variable-a1b95303-e2d2-d513-3d9a-c4726e49c0d8,zakrivljenost,--zakrivljenost,raw/published/resources/2ae2f8951fc8-dentvitalis33.shared.f8a4284a1.css,css-e3d85f1bc431,.gumb-upit,border-radius,var(--zakrivljenost),False,"[""screen and (max-width: 991px)""]","[""/condizioni-di-utilizzo"", ""/informativa-sulla-privacy"", ""/informazioni-per-pazienti"", ""/chi-siamo"", ""/prestazioni-dentali"", ""/informazioni/trasporto"", ""/informazioni/alloggio"", ""/testimonianze"", ""/contatti"", ""/faq"", ""/domande-e-risposte"", ""/informazioni/listino-prezzi"", ""/informazioni/garanzie"", ""/informazioni/pagamento-flessibile"", ""/informazioni/tempi-del-trattamento"", ""/informazioni/prima-visita-gratuita"", ""/prestazioni/sedazione-cosciente"", ""/su-di-noi/impianti-di-nuova-generazione"", ""/su-di-noi/materiali-e-apparecchiature"", ""/su-di-noi/laboratorio-odontotecnico"", ""/su-di-noi/come-raggiungerci"", ""/su-di-noi/tutto-in-un-unico-luogo"", ""/su-di-noi/i-nostri-specialisti"", ""/prestazioni/corone-faccette-ponti-e-protesi"", ""/prestazioni/sbiancamento-dei-denti"", ""/prestazioni/premium-ponte-fisso-su-impianti"", ""/prestazioni/protesi-definitiva-ancorata-su-4-impianti"", ""/""]","[{""id"": ""438b381f-e438-e2d8-5f35-a7a91491adb5"", ""name"": ""Gumb upit"", ""isComboClass"": false}]","[{""id"": ""82b2ce1d-fc74-8408-a46c-893c2f6ef824"", ""name"": ""navigacija""}, {""id"": ""1b710e68-38ef-1a3b-db46-5efe98f74ee5"", ""name"": ""Fiksni kontakti mobile""}]",extracted,derived,
variable-1409a02f-5e45-fc0b-413b-160f609caa56,tamana-call,--tamana-call,raw/published/resources/2ae2f8951fc8-dentvitalis33.shared.f8a4284a1.css,css-e3d85f1bc431,.gumb-upit,background-color,var(--tamana-call),False,"[""screen and (max-width: 991px)""]","[""/condizioni-di-utilizzo"", ""/informativa-sulla-privacy"", ""/informazioni-per-pazienti"", ""/chi-siamo"", ""/prestazioni-dentali"", ""/informazioni/trasporto"", ""/informazioni/alloggio"", ""/testimonianze"", ""/contatti"", ""/faq"", ""/domande-e-risposte"", ""/informazioni/listino-prezzi"", ""/informazioni/garanzie"", ""/informazioni/pagamento-flessibile"", ""/informazioni/tempi-del-trattamento"", ""/informazioni/prima-visita-gratuita"", ""/prestazioni/sedazione-cosciente"", ""/su-di-noi/impianti-di-nuova-generazione"", ""/su-di-noi/materiali-e-apparecchiature"", ""/su-di-noi/laboratorio-odontotecnico"", ""/su-di-noi/come-raggiungerci"", ""/su-di-noi/tutto-in-un-unico-luogo"", ""/su-di-noi/i-nostri-specialisti"", ""/prestazioni/corone-faccette-ponti-e-protesi"", ""/prestazioni/sbiancamento-dei-denti"", ""/prestazioni/premium-ponte-fisso-su-impianti"", ""/prestazioni/protesi-definitiva-ancorata-su-4-impianti"", ""/""]","[{""id"": ""438b381f-e438-e2d8-5f35-a7a91491adb5"", ""name"": ""Gumb upit"", ""isComboClass"": false}]","[{""id"": ""82b2ce1d-fc74-8408-a46c-893c2f6ef824"", ""name"": ""navigacija""}, {""id"": ""1b710e68-38ef-1a3b-db46-5efe98f74ee5"", ""name"": ""Fiksni kontakti mobile""}]",extracted,derived,
variable-1409a02f-5e45-fc0b-413b-160f609caa56,tamana-call,--tamana-call,raw/published/resources/2ae2f8951fc8-dentvitalis33.shared.f8a4284a1.css,css-31c48aeed9da,.gumb-vise,background-color,var(--tamana-call),False,"[""screen and (max-width: 991px)""]","[""/condizioni-di-utilizzo"", ""/informativa-sulla-privacy"", ""/informazioni-per-pazienti"", ""/chi-siamo"", ""/prestazioni-dentali"", ""/informazioni/trasporto"", ""/informazioni/alloggio"", ""/testimonianze"", ""/contatti"", ""/faq"", ""/domande-e-risposte"", ""/informazioni/listino-prezzi"", ""/informazioni/garanzie"", ""/informazioni/pagamento-flessibile"", ""/informazioni/tempi-del-trattamento"", ""/informazioni/prima-visita-gratuita"", ""/prestazioni/sedazione-cosciente"", ""/su-di-noi/impianti-di-nuova-generazione"", ""/su-di-noi/materiali-e-apparecchiature"", ""/su-di-noi/laboratorio-odontotecnico"", ""/su-di-noi/come-raggiungerci"", ""/su-di-noi/tutto-in-un-unico-luogo"", ""/su-di-noi/i-nostri-specialisti"", ""/prestazioni/corone-faccette-ponti-e-protesi"", ""/prestazioni/sbiancamento-dei-denti"", ""/prestazioni/premium-ponte-fisso-su-impianti"", ""/prestazioni/protesi-definitiva-ancorata-su-4-impianti"", ""/""]","[{""id"": ""696a51c4-dafc-9145-bbed-cbdc5cbc67bb"", ""name"": ""Gumb-vise"", ""isComboClass"": false}]","[{""id"": ""a6383e85-b972-e425-5602-e5554d54c939"", ""name"": ""banner-card""}, {""id"": ""587b085b-0eb5-6f0e-763d-212fecd904e0"", ""name"": ""Section Benvenuti""}, {""id"": ""c5b4d3d6-9300-613f-7c22-f4b3d5b0c351"", ""name"": ""Section Testimonianze""}, {""id"": ""4e75e80f-18e3-7eb0-519d-3b33dc5a3c5c"", ""name"": ""Section Informazioni""}, {""id"": ""2218f1d9-b81b-56c5-3884-620b224831a9"", ""name"": ""Section FAQ""}, {""id"": ""b3f8e1d2-757e-d6a0-6dbb-b11ab1a23dc2"", ""name"": ""Section Contatti""}]",extracted,derived,
variable-1409a02f-5e45-fc0b-413b-160f609caa56,tamana-call,--tamana-call,raw/published/resources/2ae2f8951fc8-dentvitalis33.shared.f8a4284a1.css,css-dda2205a935c,.teaser-img,border-left,10px none var(--tamana-call),False,"[""screen and (max-width: 991px)""]","[""/informazioni-per-pazienti"", ""/chi-siamo"", ""/prestazioni-dentali"", ""/""]","[{""id"": ""b47f39b8-b9d8-5e09-e67c-1a8e34eb5a18"", ""name"": ""teaser-img"", ""isComboClass"": false}]","[{""id"": ""48eb149b-bbbd-805c-69ed-1266a634337f"", ""name"": ""Section Tradizione""}, {""id"": ""1d728e57-fa68-61c7-a4b3-55aca79d3e43"", ""name"": ""Directory cards - Home layout""}, {""id"": ""32a193c4-2226-c41d-04a5-7c80a45fc9bd"", ""name"": ""Directory cards - Su di noi""}, {""id"": ""189b6a3e-5614-be7c-f080-f6f0e377e820"", ""name"": ""Directory cards - Su di noi 2""}, {""id"": ""a48c8fee-76f0-7240-0500-30f49cec6908"", ""name"": ""Directory cards - Informazioni""}, {""id"": ""ddb95103-2171-39b2-bd7f-9df9bbf9b63c"", ""name"": ""Directory cards - Informazioni 2""}]",extracted,derived,
variable-1409a02f-5e45-fc0b-413b-160f609caa56,tamana-call,--tamana-call,raw/published/resources/2ae2f8951fc8-dentvitalis33.shared.f8a4284a1.css,css-f955a41d5667,".teaser-img._3, .teaser-img._2, .teaser-img._4",border-left-color,var(--tamana-call),False,"[""screen and (max-width: 991px)""]","[""/informazioni-per-pazienti"", ""/chi-siamo"", ""/prestazioni-dentali"", ""/""]",[],[],extracted,derived,
variable-096e3c41-aba9-e979-277d-482de4374333,Transparent,--transparent,raw/published/resources/2ae2f8951fc8-dentvitalis33.shared.f8a4284a1.css,css-f8fbf7a61d77,.teaser-copy,background-color,var(--transparent),False,"[""screen and (max-width: 991px)""]",[],"[{""id"": ""b47f39b8-b9d8-5e09-e67c-1a8e34eb5a1b"", ""name"": ""teaser-copy"", ""isComboClass"": false}]",[],extracted,derived,
variable-096e3c41-aba9-e979-277d-482de4374333,Transparent,--transparent,raw/published/resources/2ae2f8951fc8-dentvitalis33.shared.f8a4284a1.css,css-36e8a140ff7d,.teaser-copy-wrap,background-color,var(--transparent),False,"[""screen and (max-width: 991px)""]","[""/informazioni-per-pazienti"", ""/chi-siamo"", ""/prestazioni-dentali"", ""/""]","[{""id"": ""b47f39b8-b9d8-5e09-e67c-1a8e34eb5a20"", ""name"": ""teaser-copy-wrap"", ""isComboClass"": false}]","[{""id"": ""48eb149b-bbbd-805c-69ed-1266a634337f"", ""name"": ""Section Tradizione""}, {""id"": ""1d728e57-fa68-61c7-a4b3-55aca79d3e43"", ""name"": ""Directory cards - Home layout""}, {""id"": ""32a193c4-2226-c41d-04a5-7c80a45fc9bd"", ""name"": ""Directory cards - Su di noi""}, {""id"": ""189b6a3e-5614-be7c-f080-f6f0e377e820"", ""name"": ""Directory cards - Su di noi 2""}, {""id"": ""a48c8fee-76f0-7240-0500-30f49cec6908"", ""name"": ""Directory cards - Informazioni""}, {""id"": ""ddb95103-2171-39b2-bd7f-9df9bbf9b63c"", ""name"": ""Directory cards - Informazioni 2""}]",extracted,derived,
variable-096e3c41-aba9-e979-277d-482de4374333,Transparent,--transparent,raw/published/resources/2ae2f8951fc8-dentvitalis33.shared.f8a4284a1.css,css-6f5fcf2b9d3d,.slider-3,background-color,var(--transparent),False,"[""screen and (max-width: 991px)""]","[""/""]","[{""id"": ""a2b26495-6849-a036-2abb-4bd814d510a0"", ""name"": ""Slider 3"", ""isComboClass"": false}]","[{""id"": ""c5b4d3d6-9300-613f-7c22-f4b3d5b0c351"", ""name"": ""Section Testimonianze""}]",extracted,derived,
variable-7871740f-ec68-7438-41c4-7e0c36e94c3b,Crna,--crna,raw/published/resources/2ae2f8951fc8-dentvitalis33.shared.f8a4284a1.css,css-20105c52bb5d,.recenzije,color,var(--crna),False,"[""screen and (max-width: 991px)""]","[""/""]","[{""id"": ""f05c6e44-f201-41fe-ea32-c2b5c8a37e83"", ""name"": ""Recenzije"", ""isComboClass"": false}]","[{""id"": ""c5b4d3d6-9300-613f-7c22-f4b3d5b0c351"", ""name"": ""Section Testimonianze""}]",extracted,derived,
variable-636803fe-8821-1ae5-1950-9634a6a61fbc,svijetla-call,--svijetla-call,raw/published/resources/2ae2f8951fc8-dentvitalis33.shared.f8a4284a1.css,css-2a01aab981da,.banner-card-2.mobile,border-top,10px none var(--svijetla-call),False,"[""screen and (max-width: 991px)""]","[""/""]","[{""id"": ""56ae43c9-7ef2-332e-0823-017bd0b55f95"", ""name"": ""mobile"", ""isComboClass"": true}]",[],extracted,derived,
variable-636803fe-8821-1ae5-1950-9634a6a61fbc,svijetla-call,--svijetla-call,raw/published/resources/2ae2f8951fc8-dentvitalis33.shared.f8a4284a1.css,css-2a01aab981da,.banner-card-2.mobile,border-bottom,10px none var(--svijetla-call),False,"[""screen and (max-width: 991px)""]","[""/""]","[{""id"": ""56ae43c9-7ef2-332e-0823-017bd0b55f95"", ""name"": ""mobile"", ""isComboClass"": true}]",[],extracted,derived,
variable-1409a02f-5e45-fc0b-413b-160f609caa56,tamana-call,--tamana-call,raw/published/resources/2ae2f8951fc8-dentvitalis33.shared.f8a4284a1.css,css-2a01aab981da,.banner-card-2.mobile,border-left,10px solid var(--tamana-call),False,"[""screen and (max-width: 991px)""]","[""/""]","[{""id"": ""56ae43c9-7ef2-332e-0823-017bd0b55f95"", ""name"": ""mobile"", ""isComboClass"": true}]",[],extracted,derived,
variable-42628c23-e7e6-e965-dc67-74f46506df43,Bijela,--bijela,raw/published/resources/2ae2f8951fc8-dentvitalis33.shared.f8a4284a1.css,css-2a01aab981da,.banner-card-2.mobile,background-color,var(--bijela),False,"[""screen and (max-width: 991px)""]","[""/""]","[{""id"": ""56ae43c9-7ef2-332e-0823-017bd0b55f95"", ""name"": ""mobile"", ""isComboClass"": true}]",[],extracted,derived,
variable-1409a02f-5e45-fc0b-413b-160f609caa56,tamana-call,--tamana-call,raw/published/resources/2ae2f8951fc8-dentvitalis33.shared.f8a4284a1.css,css-659df9777658,.container-wrapper-4,background-image,"linear-gradient(180deg, var(--tamana-call), #117996)",False,"[""screen and (max-width: 991px)""]","[""/condizioni-di-utilizzo"", ""/informativa-sulla-privacy"", ""/informazioni-per-pazienti"", ""/chi-siamo"", ""/prestazioni-dentali"", ""/informazioni/trasporto"", ""/informazioni/alloggio"", ""/testimonianze"", ""/contatti"", ""/faq"", ""/domande-e-risposte"", ""/informazioni/listino-prezzi"", ""/informazioni/garanzie"", ""/informazioni/pagamento-flessibile"", ""/informazioni/tempi-del-trattamento"", ""/informazioni/prima-visita-gratuita"", ""/prestazioni/sedazione-cosciente"", ""/su-di-noi/impianti-di-nuova-generazione"", ""/su-di-noi/materiali-e-apparecchiature"", ""/su-di-noi/laboratorio-odontotecnico"", ""/su-di-noi/come-raggiungerci"", ""/su-di-noi/tutto-in-un-unico-luogo"", ""/su-di-noi/i-nostri-specialisti"", ""/prestazioni/corone-faccette-ponti-e-protesi"", ""/prestazioni/sbiancamento-dei-denti"", ""/prestazioni/premium-ponte-fisso-su-impianti"", ""/prestazioni/protesi-definitiva-ancorata-su-4-impianti""]","[{""id"": ""b1559687-d937-10db-df32-9aea39ac7ae2"", ""name"": ""Container Wrapper 4"", ""isComboClass"": false}]","[{""id"": ""9451505b-5015-c534-40e8-5413c82b759b"", ""name"": ""Zaglavlje detaljna""}]",extracted,derived,
variable-1409a02f-5e45-fc0b-413b-160f609caa56,tamana-call,--tamana-call,raw/published/resources/2ae2f8951fc8-dentvitalis33.shared.f8a4284a1.css,css-b1b8b84bfcaf,.cijena:hover,color,var(--tamana-call),False,"[""screen and (max-width: 991px)""]","[""/informazioni/listino-prezzi"", ""/prestazioni/corone-faccette-ponti-e-protesi"", ""/prestazioni/sbiancamento-dei-denti""]",[],[],extracted,derived,
variable-a1b95303-e2d2-d513-3d9a-c4726e49c0d8,zakrivljenost,--zakrivljenost,raw/published/resources/2ae2f8951fc8-dentvitalis33.shared.f8a4284a1.css,css-23bce88e9974,.home-service-card-hp,border-radius,var(--zakrivljenost),False,"[""screen and (max-width: 991px)""]","[""/informazioni-per-pazienti"", ""/chi-siamo"", ""/prestazioni-dentali"", ""/""]","[{""id"": ""41d6e746-c5aa-82ea-5572-40575c7ada6d"", ""name"": ""Home Service Card HP"", ""isComboClass"": false}]","[{""id"": ""48eb149b-bbbd-805c-69ed-1266a634337f"", ""name"": ""Section Tradizione""}, {""id"": ""1d728e57-fa68-61c7-a4b3-55aca79d3e43"", ""name"": ""Directory cards - Home layout""}, {""id"": ""32a193c4-2226-c41d-04a5-7c80a45fc9bd"", ""name"": ""Directory cards - Su di noi""}, {""id"": ""189b6a3e-5614-be7c-f080-f6f0e377e820"", ""name"": ""Directory cards - Su di noi 2""}, {""id"": ""a48c8fee-76f0-7240-0500-30f49cec6908"", ""name"": ""Directory cards - Informazioni""}, {""id"": ""ddb95103-2171-39b2-bd7f-9df9bbf9b63c"", ""name"": ""Directory cards - Informazioni 2""}]",extracted,derived,
variable-42628c23-e7e6-e965-dc67-74f46506df43,Bijela,--bijela,raw/published/resources/2ae2f8951fc8-dentvitalis33.shared.f8a4284a1.css,css-23bce88e9974,.home-service-card-hp,background-color,var(--bijela),False,"[""screen and (max-width: 991px)""]","[""/informazioni-per-pazienti"", ""/chi-siamo"", ""/prestazioni-dentali"", ""/""]","[{""id"": ""41d6e746-c5aa-82ea-5572-40575c7ada6d"", ""name"": ""Home Service Card HP"", ""isComboClass"": false}]","[{""id"": ""48eb149b-bbbd-805c-69ed-1266a634337f"", ""name"": ""Section Tradizione""}, {""id"": ""1d728e57-fa68-61c7-a4b3-55aca79d3e43"", ""name"": ""Directory cards - Home layout""}, {""id"": ""32a193c4-2226-c41d-04a5-7c80a45fc9bd"", ""name"": ""Directory cards - Su di noi""}, {""id"": ""189b6a3e-5614-be7c-f080-f6f0e377e820"", ""name"": ""Directory cards - Su di noi 2""}, {""id"": ""a48c8fee-76f0-7240-0500-30f49cec6908"", ""name"": ""Directory cards - Informazioni""}, {""id"": ""ddb95103-2171-39b2-bd7f-9df9bbf9b63c"", ""name"": ""Directory cards - Informazioni 2""}]",extracted,derived,
variable-1409a02f-5e45-fc0b-413b-160f609caa56,tamana-call,--tamana-call,raw/published/resources/2ae2f8951fc8-dentvitalis33.shared.f8a4284a1.css,css-4ffd844a78b1,.teaser-copy-wrap,border-left-color,var(--tamana-call),False,"[""screen and (max-width: 767px)""]","[""/informazioni-per-pazienti"", ""/chi-siamo"", ""/prestazioni-dentali"", ""/""]","[{""id"": ""b47f39b8-b9d8-5e09-e67c-1a8e34eb5a20"", ""name"": ""teaser-copy-wrap"", ""isComboClass"": false}]","[{""id"": ""48eb149b-bbbd-805c-69ed-1266a634337f"", ""name"": ""Section Tradizione""}, {""id"": ""1d728e57-fa68-61c7-a4b3-55aca79d3e43"", ""name"": ""Directory cards - Home layout""}, {""id"": ""32a193c4-2226-c41d-04a5-7c80a45fc9bd"", ""name"": ""Directory cards - Su di noi""}, {""id"": ""189b6a3e-5614-be7c-f080-f6f0e377e820"", ""name"": ""Directory cards - Su di noi 2""}, {""id"": ""a48c8fee-76f0-7240-0500-30f49cec6908"", ""name"": ""Directory cards - Informazioni""}, {""id"": ""ddb95103-2171-39b2-bd7f-9df9bbf9b63c"", ""name"": ""Directory cards - Informazioni 2""}]",extracted,derived,
variable-1409a02f-5e45-fc0b-413b-160f609caa56,tamana-call,--tamana-call,raw/published/resources/2ae2f8951fc8-dentvitalis33.shared.f8a4284a1.css,css-9ad16e6b50d7,.container-wrapper.without-lines,background-image,"linear-gradient(180deg, var(--tamana-call), #22738e 62%)",False,"[""screen and (max-width: 479px)""]","[""/""]","[{""id"": ""e8863cdf-391c-fee7-9f1f-6d40e11b59fd"", ""name"": ""Without Lines"", ""isComboClass"": true}]",[],extracted,derived,
variable-a1b95303-e2d2-d513-3d9a-c4726e49c0d8,zakrivljenost,--zakrivljenost,raw/published/resources/2ae2f8951fc8-dentvitalis33.shared.f8a4284a1.css,css-438ad6c8a2c4,.gumb-upit,border-radius,var(--zakrivljenost),False,"[""screen and (max-width: 479px)""]","[""/condizioni-di-utilizzo"", ""/informativa-sulla-privacy"", ""/informazioni-per-pazienti"", ""/chi-siamo"", ""/prestazioni-dentali"", ""/informazioni/trasporto"", ""/informazioni/alloggio"", ""/testimonianze"", ""/contatti"", ""/faq"", ""/domande-e-risposte"", ""/informazioni/listino-prezzi"", ""/informazioni/garanzie"", ""/informazioni/pagamento-flessibile"", ""/informazioni/tempi-del-trattamento"", ""/informazioni/prima-visita-gratuita"", ""/prestazioni/sedazione-cosciente"", ""/su-di-noi/impianti-di-nuova-generazione"", ""/su-di-noi/materiali-e-apparecchiature"", ""/su-di-noi/laboratorio-odontotecnico"", ""/su-di-noi/come-raggiungerci"", ""/su-di-noi/tutto-in-un-unico-luogo"", ""/su-di-noi/i-nostri-specialisti"", ""/prestazioni/corone-faccette-ponti-e-protesi"", ""/prestazioni/sbiancamento-dei-denti"", ""/prestazioni/premium-ponte-fisso-su-impianti"", ""/prestazioni/protesi-definitiva-ancorata-su-4-impianti"", ""/""]","[{""id"": ""438b381f-e438-e2d8-5f35-a7a91491adb5"", ""name"": ""Gumb upit"", ""isComboClass"": false}]","[{""id"": ""82b2ce1d-fc74-8408-a46c-893c2f6ef824"", ""name"": ""navigacija""}, {""id"": ""1b710e68-38ef-1a3b-db46-5efe98f74ee5"", ""name"": ""Fiksni kontakti mobile""}]",extracted,derived,
variable-1409a02f-5e45-fc0b-413b-160f609caa56,tamana-call,--tamana-call,raw/published/resources/2ae2f8951fc8-dentvitalis33.shared.f8a4284a1.css,css-38c9db7a77aa,.gumb-vise,background-color,var(--tamana-call),False,"[""screen and (max-width: 479px)""]","[""/condizioni-di-utilizzo"", ""/informativa-sulla-privacy"", ""/informazioni-per-pazienti"", ""/chi-siamo"", ""/prestazioni-dentali"", ""/informazioni/trasporto"", ""/informazioni/alloggio"", ""/testimonianze"", ""/contatti"", ""/faq"", ""/domande-e-risposte"", ""/informazioni/listino-prezzi"", ""/informazioni/garanzie"", ""/informazioni/pagamento-flessibile"", ""/informazioni/tempi-del-trattamento"", ""/informazioni/prima-visita-gratuita"", ""/prestazioni/sedazione-cosciente"", ""/su-di-noi/impianti-di-nuova-generazione"", ""/su-di-noi/materiali-e-apparecchiature"", ""/su-di-noi/laboratorio-odontotecnico"", ""/su-di-noi/come-raggiungerci"", ""/su-di-noi/tutto-in-un-unico-luogo"", ""/su-di-noi/i-nostri-specialisti"", ""/prestazioni/corone-faccette-ponti-e-protesi"", ""/prestazioni/sbiancamento-dei-denti"", ""/prestazioni/premium-ponte-fisso-su-impianti"", ""/prestazioni/protesi-definitiva-ancorata-su-4-impianti"", ""/""]","[{""id"": ""696a51c4-dafc-9145-bbed-cbdc5cbc67bb"", ""name"": ""Gumb-vise"", ""isComboClass"": false}]","[{""id"": ""a6383e85-b972-e425-5602-e5554d54c939"", ""name"": ""banner-card""}, {""id"": ""587b085b-0eb5-6f0e-763d-212fecd904e0"", ""name"": ""Section Benvenuti""}, {""id"": ""c5b4d3d6-9300-613f-7c22-f4b3d5b0c351"", ""name"": ""Section Testimonianze""}, {""id"": ""4e75e80f-18e3-7eb0-519d-3b33dc5a3c5c"", ""name"": ""Section Informazioni""}, {""id"": ""2218f1d9-b81b-56c5-3884-620b224831a9"", ""name"": ""Section FAQ""}, {""id"": ""b3f8e1d2-757e-d6a0-6dbb-b11ab1a23dc2"", ""name"": ""Section Contatti""}]",extracted,derived,
variable-1409a02f-5e45-fc0b-413b-160f609caa56,tamana-call,--tamana-call,raw/published/resources/2ae2f8951fc8-dentvitalis33.shared.f8a4284a1.css,css-fcfd44b7b783,.teaser-copy-wrap,border-left-color,var(--tamana-call),False,"[""screen and (max-width: 479px)""]","[""/informazioni-per-pazienti"", ""/chi-siamo"", ""/prestazioni-dentali"", ""/""]","[{""id"": ""b47f39b8-b9d8-5e09-e67c-1a8e34eb5a20"", ""name"": ""teaser-copy-wrap"", ""isComboClass"": false}]","[{""id"": ""48eb149b-bbbd-805c-69ed-1266a634337f"", ""name"": ""Section Tradizione""}, {""id"": ""1d728e57-fa68-61c7-a4b3-55aca79d3e43"", ""name"": ""Directory cards - Home layout""}, {""id"": ""32a193c4-2226-c41d-04a5-7c80a45fc9bd"", ""name"": ""Directory cards - Su di noi""}, {""id"": ""189b6a3e-5614-be7c-f080-f6f0e377e820"", ""name"": ""Directory cards - Su di noi 2""}, {""id"": ""a48c8fee-76f0-7240-0500-30f49cec6908"", ""name"": ""Directory cards - Informazioni""}, {""id"": ""ddb95103-2171-39b2-bd7f-9df9bbf9b63c"", ""name"": ""Directory cards - Informazioni 2""}]",extracted,derived,
variable-7871740f-ec68-7438-41c4-7e0c36e94c3b,Crna,--crna,raw/published/resources/2ae2f8951fc8-dentvitalis33.shared.f8a4284a1.css,css-c52f40b343ba,.large-paragraph-3.accordion-text,color,var(--crna),False,"[""screen and (max-width: 479px)""]","[""/faq"", ""/""]","[{""id"": ""571b4f22-06fa-4499-f6d0-cb8f5ffe0c89"", ""name"": ""Accordion Text"", ""isComboClass"": true}]","[{""id"": ""2218f1d9-b81b-56c5-3884-620b224831a9"", ""name"": ""Section FAQ""}]",extracted,derived,
variable-1409a02f-5e45-fc0b-413b-160f609caa56,tamana-call,--tamana-call,raw/published/resources/2ae2f8951fc8-dentvitalis33.shared.f8a4284a1.css,css-b6c5208036b3,.banner-card-2.mobile,border-left-color,var(--tamana-call),False,"[""screen and (max-width: 479px)""]","[""/""]","[{""id"": ""56ae43c9-7ef2-332e-0823-017bd0b55f95"", ""name"": ""mobile"", ""isComboClass"": true}]",[],extracted,derived,
variable-c91afa07-c094-dcd9-4b58-ef280f217e72,Siva crta transparent,--siva-crta-transparent,raw/mcp/styles-detail.json,,.navbar,border-bottom-color,"{""id"": ""variable-c91afa07-c094-dcd9-4b58-ef280f217e72""}",,base,,,,extracted,,e6e85a02-c3d6-08eb-5df3-a2c1c099f1f6
variable-42628c23-e7e6-e965-dc67-74f46506df43,Bijela,--bijela,raw/mcp/styles-detail.json,,.navbar,background-color,"{""id"": ""variable-42628c23-e7e6-e965-dc67-74f46506df43""}",,base,,,,extracted,,e6e85a02-c3d6-08eb-5df3-a2c1c099f1f6
variable-7871740f-ec68-7438-41c4-7e0c36e94c3b,Crna,--crna,raw/mcp/styles-detail.json,,.div-block-3,color,"{""id"": ""variable-7871740f-ec68-7438-41c4-7e0c36e94c3b""}",,base,,,,extracted,,0eabc2d2-b94d-6f0e-3542-8df1367f08ec
variable-096e3c41-aba9-e979-277d-482de4374333,Transparent,--transparent,raw/mcp/styles-detail.json,,.div-block-11,background-image,"{""id"": ""variable-096e3c41-aba9-e979-277d-482de4374333""}",,base,,,,extracted,,d4bdd89f-f1f9-f8d0-1147-03f90b5aa38c
variable-1409a02f-5e45-fc0b-413b-160f609caa56,tamana-call,--tamana-call,raw/mcp/styles-detail.json,,.link-breadcrumb,color,"{""id"": ""variable-1409a02f-5e45-fc0b-413b-160f609caa56""}",,base,,,,extracted,,357ef9c7-c1e0-00f0-3536-7b97c9e84b20
variable-096e3c41-aba9-e979-277d-482de4374333,Transparent,--transparent,raw/mcp/styles-detail.json,,.values-block.no-round,background-color,"{""id"": ""variable-096e3c41-aba9-e979-277d-482de4374333""}",,base,,,,extracted,,b715a3d7-25ad-f042-7f2d-dfbc46e919de
variable-42628c23-e7e6-e965-dc67-74f46506df43,Bijela,--bijela,raw/mcp/styles-detail.json,,.textarea,background-color,"{""id"": ""variable-42628c23-e7e6-e965-dc67-74f46506df43""}",,base,,,,extracted,,153a5580-4675-cace-a016-8a722aa23d0f
variable-636803fe-8821-1ae5-1950-9634a6a61fbc,svijetla-call,--svijetla-call,raw/mcp/styles-detail.json,,.nav-dropdown-link-line,background-color,"{""id"": ""variable-636803fe-8821-1ae5-1950-9634a6a61fbc""}",,base,,,,extracted,,e6e85a02-c3d6-08eb-5df3-a2c1c099f1f7
variable-a1b95303-e2d2-d513-3d9a-c4726e49c0d8,zakrivljenost,--zakrivljenost,raw/mcp/styles-detail.json,,.nav-dropdown-toggle,border-top-left-radius,"{""id"": ""variable-a1b95303-e2d2-d513-3d9a-c4726e49c0d8""}",,base,,,,extracted,,e6e85a02-c3d6-08eb-5df3-a2c1c099f24e
variable-a1b95303-e2d2-d513-3d9a-c4726e49c0d8,zakrivljenost,--zakrivljenost,raw/mcp/styles-detail.json,,.nav-dropdown-toggle,border-top-right-radius,"{""id"": ""variable-a1b95303-e2d2-d513-3d9a-c4726e49c0d8""}",,base,,,,extracted,,e6e85a02-c3d6-08eb-5df3-a2c1c099f24e
variable-a1b95303-e2d2-d513-3d9a-c4726e49c0d8,zakrivljenost,--zakrivljenost,raw/mcp/styles-detail.json,,.nav-dropdown-toggle,border-bottom-left-radius,"{""id"": ""variable-a1b95303-e2d2-d513-3d9a-c4726e49c0d8""}",,base,,,,extracted,,e6e85a02-c3d6-08eb-5df3-a2c1c099f24e
variable-a1b95303-e2d2-d513-3d9a-c4726e49c0d8,zakrivljenost,--zakrivljenost,raw/mcp/styles-detail.json,,.nav-dropdown-toggle,border-bottom-right-radius,"{""id"": ""variable-a1b95303-e2d2-d513-3d9a-c4726e49c0d8""}",,base,,,,extracted,,e6e85a02-c3d6-08eb-5df3-a2c1c099f24e
variable-7871740f-ec68-7438-41c4-7e0c36e94c3b,Crna,--crna,raw/mcp/styles-detail.json,,.nav-dropdown-toggle,color,"{""id"": ""variable-7871740f-ec68-7438-41c4-7e0c36e94c3b""}",,base,,,,extracted,,e6e85a02-c3d6-08eb-5df3-a2c1c099f24e
variable-a1b95303-e2d2-d513-3d9a-c4726e49c0d8,zakrivljenost,--zakrivljenost,raw/mcp/styles-detail.json,,.foto-osoblje,border-top-left-radius,"{""id"": ""variable-a1b95303-e2d2-d513-3d9a-c4726e49c0d8""}",,base,,,,extracted,,486018b6-0a3c-4936-e7bb-d29370e4a61a
variable-a1b95303-e2d2-d513-3d9a-c4726e49c0d8,zakrivljenost,--zakrivljenost,raw/mcp/styles-detail.json,,.foto-osoblje,border-top-right-radius,"{""id"": ""variable-a1b95303-e2d2-d513-3d9a-c4726e49c0d8""}",,base,,,,extracted,,486018b6-0a3c-4936-e7bb-d29370e4a61a
variable-a1b95303-e2d2-d513-3d9a-c4726e49c0d8,zakrivljenost,--zakrivljenost,raw/mcp/styles-detail.json,,.foto-osoblje,border-bottom-left-radius,"{""id"": ""variable-a1b95303-e2d2-d513-3d9a-c4726e49c0d8""}",,base,,,,extracted,,486018b6-0a3c-4936-e7bb-d29370e4a61a
variable-a1b95303-e2d2-d513-3d9a-c4726e49c0d8,zakrivljenost,--zakrivljenost,raw/mcp/styles-detail.json,,.foto-osoblje,border-bottom-right-radius,"{""id"": ""variable-a1b95303-e2d2-d513-3d9a-c4726e49c0d8""}",,base,,,,extracted,,486018b6-0a3c-4936-e7bb-d29370e4a61a
variable-7871740f-ec68-7438-41c4-7e0c36e94c3b,Crna,--crna,raw/mcp/styles-detail.json,,.no-margin,color,"{""id"": ""variable-7871740f-ec68-7438-41c4-7e0c36e94c3b""}",,base,,,,extracted,,ac68e924-9e2e-f62a-5f5f-1e7f40b69431
variable-636803fe-8821-1ae5-1950-9634a6a61fbc,svijetla-call,--svijetla-call,raw/mcp/styles-detail.json,,.container-wrapper-3.contatti,border-bottom-color,"{""id"": ""variable-636803fe-8821-1ae5-1950-9634a6a61fbc""}",,base,,,,extracted,,0f3b9f41-cf3f-9d80-2c8b-0cfa5a3d5140
variable-636803fe-8821-1ae5-1950-9634a6a61fbc,svijetla-call,--svijetla-call,raw/mcp/styles-detail.json,,.container-wrapper-3.contatti,border-left-color,"{""id"": ""variable-636803fe-8821-1ae5-1950-9634a6a61fbc""}",,base,,,,extracted,,0f3b9f41-cf3f-9d80-2c8b-0cfa5a3d5140
variable-a1b95303-e2d2-d513-3d9a-c4726e49c0d8,zakrivljenost,--zakrivljenost,raw/mcp/styles-detail.json,,.container-wrapper-3.contatti,border-top-left-radius,"{""id"": ""variable-a1b95303-e2d2-d513-3d9a-c4726e49c0d8""}",,base,,,,extracted,,0f3b9f41-cf3f-9d80-2c8b-0cfa5a3d5140
variable-a1b95303-e2d2-d513-3d9a-c4726e49c0d8,zakrivljenost,--zakrivljenost,raw/mcp/styles-detail.json,,.container-wrapper-3.contatti,border-top-right-radius,"{""id"": ""variable-a1b95303-e2d2-d513-3d9a-c4726e49c0d8""}",,base,,,,extracted,,0f3b9f41-cf3f-9d80-2c8b-0cfa5a3d5140
variable-a1b95303-e2d2-d513-3d9a-c4726e49c0d8,zakrivljenost,--zakrivljenost,raw/mcp/styles-detail.json,,.container-wrapper-3.contatti,border-bottom-left-radius,"{""id"": ""variable-a1b95303-e2d2-d513-3d9a-c4726e49c0d8""}",,base,,,,extracted,,0f3b9f41-cf3f-9d80-2c8b-0cfa5a3d5140
variable-a1b95303-e2d2-d513-3d9a-c4726e49c0d8,zakrivljenost,--zakrivljenost,raw/mcp/styles-detail.json,,.container-wrapper-3.contatti,border-bottom-right-radius,"{""id"": ""variable-a1b95303-e2d2-d513-3d9a-c4726e49c0d8""}",,base,,,,extracted,,0f3b9f41-cf3f-9d80-2c8b-0cfa5a3d5140
variable-1409a02f-5e45-fc0b-413b-160f609caa56,tamana-call,--tamana-call,raw/mcp/styles-detail.json,,.banner-section,background-color,"{""id"": ""variable-1409a02f-5e45-fc0b-413b-160f609caa56""}",,base,,,,extracted,,e6e85a02-c3d6-08eb-5df3-a2c1c099f1e9
variable-636803fe-8821-1ae5-1950-9634a6a61fbc,svijetla-call,--svijetla-call,raw/mcp/styles-detail.json,,.live-icon-chat,background-color,"{""id"": ""variable-636803fe-8821-1ae5-1950-9634a6a61fbc""}",,base,,,,extracted,,83f2cc56-3a29-3903-e59c-0711f389e2cc
variable-096e3c41-aba9-e979-277d-482de4374333,Transparent,--transparent,raw/mcp/styles-detail.json,,.testi,background-image,"{""id"": ""variable-096e3c41-aba9-e979-277d-482de4374333""}",,base,,,,extracted,,8ac58a18-28f1-2e66-7f6a-0c106994c7c1
variable-42628c23-e7e6-e965-dc67-74f46506df43,Bijela,--bijela,raw/mcp/styles-detail.json,,.huge-paragraph.bijeli,color,"{""id"": ""variable-42628c23-e7e6-e965-dc67-74f46506df43""}",,base,,,,extracted,,47f118d1-0820-78d4-c479-e2d6d7aeca90
variable-1409a02f-5e45-fc0b-413b-160f609caa56,tamana-call,--tamana-call,raw/mcp/styles-detail.json,,.link,color,"{""id"": ""variable-1409a02f-5e45-fc0b-413b-160f609caa56""}",,base,,,,extracted,,1aa80a7d-bd9c-d76a-3fd4-dcb567b36efe
variable-a1b95303-e2d2-d513-3d9a-c4726e49c0d8,zakrivljenost,--zakrivljenost,raw/mcp/styles-detail.json,,.teaser-copy,border-top-left-radius,"{""id"": ""variable-a1b95303-e2d2-d513-3d9a-c4726e49c0d8""}",,base,,,,extracted,,b47f39b8-b9d8-5e09-e67c-1a8e34eb5a1b
variable-a1b95303-e2d2-d513-3d9a-c4726e49c0d8,zakrivljenost,--zakrivljenost,raw/mcp/styles-detail.json,,.teaser-copy,border-top-right-radius,"{""id"": ""variable-a1b95303-e2d2-d513-3d9a-c4726e49c0d8""}",,base,,,,extracted,,b47f39b8-b9d8-5e09-e67c-1a8e34eb5a1b
variable-a1b95303-e2d2-d513-3d9a-c4726e49c0d8,zakrivljenost,--zakrivljenost,raw/mcp/styles-detail.json,,.teaser-copy,border-bottom-left-radius,"{""id"": ""variable-a1b95303-e2d2-d513-3d9a-c4726e49c0d8""}",,base,,,,extracted,,b47f39b8-b9d8-5e09-e67c-1a8e34eb5a1b
variable-a1b95303-e2d2-d513-3d9a-c4726e49c0d8,zakrivljenost,--zakrivljenost,raw/mcp/styles-detail.json,,.teaser-copy,border-bottom-right-radius,"{""id"": ""variable-a1b95303-e2d2-d513-3d9a-c4726e49c0d8""}",,base,,,,extracted,,b47f39b8-b9d8-5e09-e67c-1a8e34eb5a1b
variable-dbdd3ccf-b77c-6a3e-60b2-7e92aed7de59,siva-crta,--siva-crta,raw/mcp/styles-detail.json,,.link-block-2,border-bottom-color,"{""id"": ""variable-dbdd3ccf-b77c-6a3e-60b2-7e92aed7de59""}",,base,,,,extracted,,f8fe9f49-a331-9263-c011-8df023718a3d
variable-7871740f-ec68-7438-41c4-7e0c36e94c3b,Crna,--crna,raw/mcp/styles-detail.json,,.link-block-2,color,"{""id"": ""variable-7871740f-ec68-7438-41c4-7e0c36e94c3b""}",,base,,,,extracted,,f8fe9f49-a331-9263-c011-8df023718a3d
variable-42628c23-e7e6-e965-dc67-74f46506df43,Bijela,--bijela,raw/mcp/styles-detail.json,,.text-block-12,color,"{""id"": ""variable-42628c23-e7e6-e965-dc67-74f46506df43""}",,base,,,,extracted,,9e5c2c31-9b76-acd6-6d33-1681ce27d05d
variable-7871740f-ec68-7438-41c4-7e0c36e94c3b,Crna,--crna,raw/mcp/styles-detail.json,,.accordion-title,color,"{""id"": ""variable-7871740f-ec68-7438-41c4-7e0c36e94c3b""}",,base,,,,extracted,,571b4f22-06fa-4499-f6d0-cb8f5ffe0c6f
variable-096e3c41-aba9-e979-277d-482de4374333,Transparent,--transparent,raw/mcp/styles-detail.json,,.banner-section.hero,background-color,"{""id"": ""variable-096e3c41-aba9-e979-277d-482de4374333""}",,base,,,,extracted,,502e717e-6870-a4bc-00aa-0f9441d13e7c
variable-1409a02f-5e45-fc0b-413b-160f609caa56,tamana-call,--tamana-call,raw/mcp/styles-detail.json,,.bulet.link-bulet,color,"{""id"": ""variable-1409a02f-5e45-fc0b-413b-160f609caa56""}",,base,,,,extracted,,0328291e-dc1f-0107-37ec-29a99ae12111
variable-42628c23-e7e6-e965-dc67-74f46506df43,Bijela,--bijela,raw/mcp/styles-detail.json,,.icon-embed-xxsmall.bijeli,color,"{""id"": ""variable-42628c23-e7e6-e965-dc67-74f46506df43""}",,base,,,,extracted,,9201ec30-44d5-13b2-4752-2f0b970cf2c2
variable-1409a02f-5e45-fc0b-413b-160f609caa56,tamana-call,--tamana-call,raw/mcp/styles-detail.json,,.medjunaslov-h3.bold,color,"{""id"": ""variable-1409a02f-5e45-fc0b-413b-160f609caa56""}",,base,,,,extracted,,3998c1c1-af1f-2a10-bd53-db31c25b8565
variable-1409a02f-5e45-fc0b-413b-160f609caa56,tamana-call,--tamana-call,raw/mcp/styles-detail.json,,.gumb-vise,border-top-color,"{""id"": ""variable-1409a02f-5e45-fc0b-413b-160f609caa56""}",,base,,,,extracted,,696a51c4-dafc-9145-bbed-cbdc5cbc67bb
variable-1409a02f-5e45-fc0b-413b-160f609caa56,tamana-call,--tamana-call,raw/mcp/styles-detail.json,,.gumb-vise,border-right-color,"{""id"": ""variable-1409a02f-5e45-fc0b-413b-160f609caa56""}",,base,,,,extracted,,696a51c4-dafc-9145-bbed-cbdc5cbc67bb
variable-1409a02f-5e45-fc0b-413b-160f609caa56,tamana-call,--tamana-call,raw/mcp/styles-detail.json,,.gumb-vise,border-bottom-color,"{""id"": ""variable-1409a02f-5e45-fc0b-413b-160f609caa56""}",,base,,,,extracted,,696a51c4-dafc-9145-bbed-cbdc5cbc67bb
variable-1409a02f-5e45-fc0b-413b-160f609caa56,tamana-call,--tamana-call,raw/mcp/styles-detail.json,,.gumb-vise,border-left-color,"{""id"": ""variable-1409a02f-5e45-fc0b-413b-160f609caa56""}",,base,,,,extracted,,696a51c4-dafc-9145-bbed-cbdc5cbc67bb
variable-1409a02f-5e45-fc0b-413b-160f609caa56,tamana-call,--tamana-call,raw/mcp/styles-detail.json,,.gumb-vise,background-color,"{""id"": ""variable-1409a02f-5e45-fc0b-413b-160f609caa56""}",,base,,,,extracted,,696a51c4-dafc-9145-bbed-cbdc5cbc67bb
variable-42628c23-e7e6-e965-dc67-74f46506df43,Bijela,--bijela,raw/mcp/styles-detail.json,,.gumb-vise,color,"{""id"": ""variable-42628c23-e7e6-e965-dc67-74f46506df43""}",,base,,,,extracted,,696a51c4-dafc-9145-bbed-cbdc5cbc67bb
variable-636803fe-8821-1ae5-1950-9634a6a61fbc,svijetla-call,--svijetla-call,raw/mcp/styles-detail.json,,.ikona-bullet-large,color,"{""id"": ""variable-636803fe-8821-1ae5-1950-9634a6a61fbc""}",,base,,,,extracted,,2bf4dd84-0694-dbd3-c624-8a7964e32e4b
variable-b5706ac6-958b-58c2-4db2-ec8832f33e78,pozadina,--pozadina,raw/mcp/styles-detail.json,,.nadnaslov.bijeli,color,"{""id"": ""variable-b5706ac6-958b-58c2-4db2-ec8832f33e78""}",,base,,,,extracted,,c032deee-7b68-1d62-2db8-487362ab7a62
variable-636803fe-8821-1ae5-1950-9634a6a61fbc,svijetla-call,--svijetla-call,raw/mcp/styles-detail.json,,.ikona-bullet,color,"{""id"": ""variable-636803fe-8821-1ae5-1950-9634a6a61fbc""}",,base,,,,extracted,,58eca4d8-7aed-761a-9fa7-1712592398b6
variable-42628c23-e7e6-e965-dc67-74f46506df43,Bijela,--bijela,raw/mcp/styles-detail.json,,.link-svijetli-naslov,color,"{""id"": ""variable-42628c23-e7e6-e965-dc67-74f46506df43""}",,base,,,,extracted,,86cf4307-a54e-f12c-2d09-35a43c18c35a
variable-636803fe-8821-1ae5-1950-9634a6a61fbc,svijetla-call,--svijetla-call,raw/mcp/styles-detail.json,,.gumb-vise.desktop,background-color,"{""id"": ""variable-636803fe-8821-1ae5-1950-9634a6a61fbc""}",,base,,,,extracted,,1474a288-00ae-26f9-6b77-406b3246704f
variable-a1b95303-e2d2-d513-3d9a-c4726e49c0d8,zakrivljenost,--zakrivljenost,raw/mcp/styles-detail.json,,.cjenik-kartica,border-top-left-radius,"{""id"": ""variable-a1b95303-e2d2-d513-3d9a-c4726e49c0d8""}",,base,,,,extracted,,92aa3c53-e447-c2e9-0d9e-30e3694ed8cd
variable-a1b95303-e2d2-d513-3d9a-c4726e49c0d8,zakrivljenost,--zakrivljenost,raw/mcp/styles-detail.json,,.cjenik-kartica,border-top-right-radius,"{""id"": ""variable-a1b95303-e2d2-d513-3d9a-c4726e49c0d8""}",,base,,,,extracted,,92aa3c53-e447-c2e9-0d9e-30e3694ed8cd
variable-a1b95303-e2d2-d513-3d9a-c4726e49c0d8,zakrivljenost,--zakrivljenost,raw/mcp/styles-detail.json,,.cjenik-kartica,border-bottom-left-radius,"{""id"": ""variable-a1b95303-e2d2-d513-3d9a-c4726e49c0d8""}",,base,,,,extracted,,92aa3c53-e447-c2e9-0d9e-30e3694ed8cd
variable-a1b95303-e2d2-d513-3d9a-c4726e49c0d8,zakrivljenost,--zakrivljenost,raw/mcp/styles-detail.json,,.cjenik-kartica,border-bottom-right-radius,"{""id"": ""variable-a1b95303-e2d2-d513-3d9a-c4726e49c0d8""}",,base,,,,extracted,,92aa3c53-e447-c2e9-0d9e-30e3694ed8cd
variable-42628c23-e7e6-e965-dc67-74f46506df43,Bijela,--bijela,raw/mcp/styles-detail.json,,.cjenik-kartica,background-color,"{""id"": ""variable-42628c23-e7e6-e965-dc67-74f46506df43""}",,base,,,,extracted,,92aa3c53-e447-c2e9-0d9e-30e3694ed8cd
variable-4a7968e2-7904-2751-1793-11f0211814b6,Svjetlija plava,--svjetlija-plava,raw/mcp/styles-detail.json,,.home-service-card.informazioni,border-left-color,"{""id"": ""variable-4a7968e2-7904-2751-1793-11f0211814b6""}",,base,,,,extracted,,03c7d448-06b0-3f63-2d88-20832266ac85
variable-636803fe-8821-1ae5-1950-9634a6a61fbc,svijetla-call,--svijetla-call,raw/mcp/styles-detail.json,,.home-service-card-hp,border-bottom-color,"{""id"": ""variable-636803fe-8821-1ae5-1950-9634a6a61fbc""}",,base,,,,extracted,,41d6e746-c5aa-82ea-5572-40575c7ada6d
variable-4a7968e2-7904-2751-1793-11f0211814b6,Svjetlija plava,--svjetlija-plava,raw/mcp/styles-detail.json,,.home-service-card-hp,border-left-color,"{""id"": ""variable-4a7968e2-7904-2751-1793-11f0211814b6""}",,base,,,,extracted,,41d6e746-c5aa-82ea-5572-40575c7ada6d
variable-a1b95303-e2d2-d513-3d9a-c4726e49c0d8,zakrivljenost,--zakrivljenost,raw/mcp/styles-detail.json,,.secondary-button.header-button,border-top-left-radius,"{""id"": ""variable-a1b95303-e2d2-d513-3d9a-c4726e49c0d8""}",,base,,,,extracted,,e6e85a02-c3d6-08eb-5df3-a2c1c099f284
variable-a1b95303-e2d2-d513-3d9a-c4726e49c0d8,zakrivljenost,--zakrivljenost,raw/mcp/styles-detail.json,,.secondary-button.header-button,border-top-right-radius,"{""id"": ""variable-a1b95303-e2d2-d513-3d9a-c4726e49c0d8""}",,base,,,,extracted,,e6e85a02-c3d6-08eb-5df3-a2c1c099f284
variable-a1b95303-e2d2-d513-3d9a-c4726e49c0d8,zakrivljenost,--zakrivljenost,raw/mcp/styles-detail.json,,.secondary-button.header-button,border-bottom-left-radius,"{""id"": ""variable-a1b95303-e2d2-d513-3d9a-c4726e49c0d8""}",,base,,,,extracted,,e6e85a02-c3d6-08eb-5df3-a2c1c099f284
variable-a1b95303-e2d2-d513-3d9a-c4726e49c0d8,zakrivljenost,--zakrivljenost,raw/mcp/styles-detail.json,,.secondary-button.header-button,border-bottom-right-radius,"{""id"": ""variable-a1b95303-e2d2-d513-3d9a-c4726e49c0d8""}",,base,,,,extracted,,e6e85a02-c3d6-08eb-5df3-a2c1c099f284
variable-1409a02f-5e45-fc0b-413b-160f609caa56,tamana-call,--tamana-call,raw/mcp/styles-detail.json,,.secondary-button.header-button,background-color,"{""id"": ""variable-1409a02f-5e45-fc0b-413b-160f609caa56""}",,base,,,,extracted,,e6e85a02-c3d6-08eb-5df3-a2c1c099f284
variable-42628c23-e7e6-e965-dc67-74f46506df43,Bijela,--bijela,raw/mcp/styles-detail.json,,.secondary-button.header-button,color,"{""id"": ""variable-42628c23-e7e6-e965-dc67-74f46506df43""}",,base,,,,extracted,,e6e85a02-c3d6-08eb-5df3-a2c1c099f284
variable-dbdd3ccf-b77c-6a3e-60b2-7e92aed7de59,siva-crta,--siva-crta,raw/mcp/styles-detail.json,,.div-block-33,border-top-color,"{""id"": ""variable-dbdd3ccf-b77c-6a3e-60b2-7e92aed7de59""}",,base,,,,extracted,,93b5b22b-9068-e7ee-8244-5ce1baed922c
variable-1409a02f-5e45-fc0b-413b-160f609caa56,tamana-call,--tamana-call,raw/mcp/styles-detail.json,,.sjena-lijevo,background-image,"{""id"": ""variable-1409a02f-5e45-fc0b-413b-160f609caa56""}",,base,,,,extracted,,1fb93f9a-7c44-fc7a-d7fa-3eda1d02a7cd
variable-42628c23-e7e6-e965-dc67-74f46506df43,Bijela,--bijela,raw/mcp/styles-detail.json,,.medjunaslov-h2.bijeli,color,"{""id"": ""variable-42628c23-e7e6-e965-dc67-74f46506df43""}",,base,,,,extracted,,a520306e-ddbc-62c2-b64e-231f984bf8b9
variable-7871740f-ec68-7438-41c4-7e0c36e94c3b,Crna,--crna,raw/mcp/styles-detail.json,,.text-span-4,color,"{""id"": ""variable-7871740f-ec68-7438-41c4-7e0c36e94c3b""}",,base,,,,extracted,,6b906ae4-fd6e-0464-1d1d-4b10496557f7
variable-42628c23-e7e6-e965-dc67-74f46506df43,Bijela,--bijela,raw/mcp/styles-detail.json,,.footer,background-color,"{""id"": ""variable-42628c23-e7e6-e965-dc67-74f46506df43""}",,base,,,,extracted,,e6e85a02-c3d6-08eb-5df3-a2c1c099f200
variable-636803fe-8821-1ae5-1950-9634a6a61fbc,svijetla-call,--svijetla-call,raw/mcp/styles-detail.json,,.podebljano,color,"{""id"": ""variable-636803fe-8821-1ae5-1950-9634a6a61fbc""}",,base,,,,extracted,,335026e0-c948-5dab-bf15-9cc094fc967d
variable-7871740f-ec68-7438-41c4-7e0c36e94c3b,Crna,--crna,raw/mcp/styles-detail.json,,.nav-dropdown-link,color,"{""id"": ""variable-7871740f-ec68-7438-41c4-7e0c36e94c3b""}",,base,,,,extracted,,e6e85a02-c3d6-08eb-5df3-a2c1c099f1ef
variable-7871740f-ec68-7438-41c4-7e0c36e94c3b,Crna,--crna,raw/mcp/styles-detail.json,,.bulet,color,"{""id"": ""variable-7871740f-ec68-7438-41c4-7e0c36e94c3b""}",,base,,,,extracted,,73984ba6-c769-45ad-2a00-26dc2b4689fe
variable-7871740f-ec68-7438-41c4-7e0c36e94c3b,Crna,--crna,raw/mcp/styles-detail.json,,.bold-text-3,color,"{""id"": ""variable-7871740f-ec68-7438-41c4-7e0c36e94c3b""}",,base,,,,extracted,,7964d6d6-29f1-c031-fb64-c013e2d36fc7
variable-636803fe-8821-1ae5-1950-9634a6a61fbc,svijetla-call,--svijetla-call,raw/mcp/styles-detail.json,,.primary-button-2,background-color,"{""id"": ""variable-636803fe-8821-1ae5-1950-9634a6a61fbc""}",,base,,,,extracted,,58e2fb74-2d44-b0f9-1b3b-48ccdd8df033
variable-1409a02f-5e45-fc0b-413b-160f609caa56,tamana-call,--tamana-call,raw/mcp/styles-detail.json,,.primary-button-2,color,"{""id"": ""variable-1409a02f-5e45-fc0b-413b-160f609caa56""}",,base,,,,extracted,,58e2fb74-2d44-b0f9-1b3b-48ccdd8df033
variable-636803fe-8821-1ae5-1950-9634a6a61fbc,svijetla-call,--svijetla-call,raw/mcp/styles-detail.json,,.sadrzaji-usluge,border-top-color,"{""id"": ""variable-636803fe-8821-1ae5-1950-9634a6a61fbc""}",,base,,,,extracted,,7bb17448-1b6f-a392-dde0-c79a43dcde52
variable-636803fe-8821-1ae5-1950-9634a6a61fbc,svijetla-call,--svijetla-call,raw/mcp/styles-detail.json,,.sadrzaji-usluge,border-bottom-color,"{""id"": ""variable-636803fe-8821-1ae5-1950-9634a6a61fbc""}",,base,,,,extracted,,7bb17448-1b6f-a392-dde0-c79a43dcde52
variable-4a7968e2-7904-2751-1793-11f0211814b6,Svjetlija plava,--svjetlija-plava,raw/mcp/styles-detail.json,,.sadrzaji-usluge,border-left-color,"{""id"": ""variable-4a7968e2-7904-2751-1793-11f0211814b6""}",,base,,,,extracted,,7bb17448-1b6f-a392-dde0-c79a43dcde52
variable-42628c23-e7e6-e965-dc67-74f46506df43,Bijela,--bijela,raw/mcp/styles-detail.json,,.sadrzaji-usluge,background-color,"{""id"": ""variable-42628c23-e7e6-e965-dc67-74f46506df43""}",,base,,,,extracted,,7bb17448-1b6f-a392-dde0-c79a43dcde52
variable-1409a02f-5e45-fc0b-413b-160f609caa56,tamana-call,--tamana-call,raw/mcp/styles-detail.json,,.gumb-vise.bijeli,border-top-color,"{""id"": ""variable-1409a02f-5e45-fc0b-413b-160f609caa56""}",,base,,,,extracted,,4414d195-dbff-80ba-e1f3-618f935d30a8
variable-1409a02f-5e45-fc0b-413b-160f609caa56,tamana-call,--tamana-call,raw/mcp/styles-detail.json,,.gumb-vise.bijeli,border-right-color,"{""id"": ""variable-1409a02f-5e45-fc0b-413b-160f609caa56""}",,base,,,,extracted,,4414d195-dbff-80ba-e1f3-618f935d30a8
variable-1409a02f-5e45-fc0b-413b-160f609caa56,tamana-call,--tamana-call,raw/mcp/styles-detail.json,,.gumb-vise.bijeli,border-bottom-color,"{""id"": ""variable-1409a02f-5e45-fc0b-413b-160f609caa56""}",,base,,,,extracted,,4414d195-dbff-80ba-e1f3-618f935d30a8
variable-1409a02f-5e45-fc0b-413b-160f609caa56,tamana-call,--tamana-call,raw/mcp/styles-detail.json,,.gumb-vise.bijeli,border-left-color,"{""id"": ""variable-1409a02f-5e45-fc0b-413b-160f609caa56""}",,base,,,,extracted,,4414d195-dbff-80ba-e1f3-618f935d30a8
variable-42628c23-e7e6-e965-dc67-74f46506df43,Bijela,--bijela,raw/mcp/styles-detail.json,,.gumb-vise.bijeli,background-color,"{""id"": ""variable-42628c23-e7e6-e965-dc67-74f46506df43""}",,base,,,,extracted,,4414d195-dbff-80ba-e1f3-618f935d30a8
variable-1409a02f-5e45-fc0b-413b-160f609caa56,tamana-call,--tamana-call,raw/mcp/styles-detail.json,,.gumb-vise.bijeli,color,"{""id"": ""variable-1409a02f-5e45-fc0b-413b-160f609caa56""}",,base,,,,extracted,,4414d195-dbff-80ba-e1f3-618f935d30a8
variable-1409a02f-5e45-fc0b-413b-160f609caa56,tamana-call,--tamana-call,raw/mcp/styles-detail.json,,.link-block-5,color,"{""id"": ""variable-1409a02f-5e45-fc0b-413b-160f609caa56""}",,base,,,,extracted,,347320b4-15d1-586f-1a25-4f13c10832c0
variable-1409a02f-5e45-fc0b-413b-160f609caa56,tamana-call,--tamana-call,raw/mcp/styles-detail.json,,.link-block-5,text-decoration-color,"{""id"": ""variable-1409a02f-5e45-fc0b-413b-160f609caa56""}",,base,,,,extracted,,347320b4-15d1-586f-1a25-4f13c10832c0
variable-b5706ac6-958b-58c2-4db2-ec8832f33e78,pozadina,--pozadina,raw/mcp/styles-detail.json,,.home-2-form-text-field.medium-width,background-color,"{""id"": ""variable-b5706ac6-958b-58c2-4db2-ec8832f33e78""}",,base,,,,extracted,,153a5580-4675-cace-a016-8a722aa23d18
variable-7871740f-ec68-7438-41c4-7e0c36e94c3b,Crna,--crna,raw/mcp/styles-detail.json,,.home-2-form-text-field.medium-width,color,"{""id"": ""variable-7871740f-ec68-7438-41c4-7e0c36e94c3b""}",,base,,,,extracted,,153a5580-4675-cace-a016-8a722aa23d18
variable-7871740f-ec68-7438-41c4-7e0c36e94c3b,Crna,--crna,raw/mcp/styles-detail.json,,.nav-link,color,"{""id"": ""variable-7871740f-ec68-7438-41c4-7e0c36e94c3b""}",,base,,,,extracted,,e6e85a02-c3d6-08eb-5df3-a2c1c099f268
variable-a1b95303-e2d2-d513-3d9a-c4726e49c0d8,zakrivljenost,--zakrivljenost,raw/mcp/styles-detail.json,,.istaknuta-cijena,border-top-left-radius,"{""id"": ""variable-a1b95303-e2d2-d513-3d9a-c4726e49c0d8""}",,base,,,,extracted,,9955d5e8-62bf-98b7-86ce-189fcf14d3c5
variable-a1b95303-e2d2-d513-3d9a-c4726e49c0d8,zakrivljenost,--zakrivljenost,raw/mcp/styles-detail.json,,.istaknuta-cijena,border-top-right-radius,"{""id"": ""variable-a1b95303-e2d2-d513-3d9a-c4726e49c0d8""}",,base,,,,extracted,,9955d5e8-62bf-98b7-86ce-189fcf14d3c5
variable-a1b95303-e2d2-d513-3d9a-c4726e49c0d8,zakrivljenost,--zakrivljenost,raw/mcp/styles-detail.json,,.istaknuta-cijena,border-bottom-left-radius,"{""id"": ""variable-a1b95303-e2d2-d513-3d9a-c4726e49c0d8""}",,base,,,,extracted,,9955d5e8-62bf-98b7-86ce-189fcf14d3c5
variable-a1b95303-e2d2-d513-3d9a-c4726e49c0d8,zakrivljenost,--zakrivljenost,raw/mcp/styles-detail.json,,.istaknuta-cijena,border-bottom-right-radius,"{""id"": ""variable-a1b95303-e2d2-d513-3d9a-c4726e49c0d8""}",,base,,,,extracted,,9955d5e8-62bf-98b7-86ce-189fcf14d3c5
variable-1409a02f-5e45-fc0b-413b-160f609caa56,tamana-call,--tamana-call,raw/mcp/styles-detail.json,,.text-block-17,color,"{""id"": ""variable-1409a02f-5e45-fc0b-413b-160f609caa56""}",,base,,,,extracted,,773c12ea-a701-3f23-b549-1fd5bfba7ce1
variable-1409a02f-5e45-fc0b-413b-160f609caa56,tamana-call,--tamana-call,raw/mcp/styles-detail.json,,.full-width-wrapper-3.no-bottom-line,background-color,"{""id"": ""variable-1409a02f-5e45-fc0b-413b-160f609caa56""}",,base,,,,extracted,,153a5580-4675-cace-a016-8a722aa23d19
variable-7871740f-ec68-7438-41c4-7e0c36e94c3b,Crna,--crna,raw/mcp/styles-detail.json,,.large-paragraph-3.tm-4px,color,"{""id"": ""variable-7871740f-ec68-7438-41c4-7e0c36e94c3b""}",,base,,,,extracted,,ac68e924-9e2e-f62a-5f5f-1e7f40b6943a
variable-dbdd3ccf-b77c-6a3e-60b2-7e92aed7de59,siva-crta,--siva-crta,raw/mcp/styles-detail.json,,.footer-block,border-left-color,"{""id"": ""variable-dbdd3ccf-b77c-6a3e-60b2-7e92aed7de59""}",,base,,,,extracted,,9e54e6e5-a3e8-624b-edfe-856c1cd54fac
variable-dbdd3ccf-b77c-6a3e-60b2-7e92aed7de59,siva-crta,--siva-crta,raw/mcp/styles-detail.json,,.icon-6,color,"{""id"": ""variable-dbdd3ccf-b77c-6a3e-60b2-7e92aed7de59""}",,base,,,,extracted,,07e287bc-0fa9-1f57-7332-4a3faf5460b6
variable-1409a02f-5e45-fc0b-413b-160f609caa56,tamana-call,--tamana-call,raw/mcp/styles-detail.json,,.values-block,background-color,"{""id"": ""variable-1409a02f-5e45-fc0b-413b-160f609caa56""}",,base,,,,extracted,,d5635f45-a7aa-59f4-9aa9-bdd2ee704ecb
variable-42628c23-e7e6-e965-dc67-74f46506df43,Bijela,--bijela,raw/mcp/styles-detail.json,,.link-svijetli,color,"{""id"": ""variable-42628c23-e7e6-e965-dc67-74f46506df43""}",,base,,,,extracted,,036a69e1-beed-1b57-7c49-a54bb530f9e8
variable-dbdd3ccf-b77c-6a3e-60b2-7e92aed7de59,siva-crta,--siva-crta,raw/mcp/styles-detail.json,,.icon-5,color,"{""id"": ""variable-dbdd3ccf-b77c-6a3e-60b2-7e92aed7de59""}",,base,,,,extracted,,e721a386-baa0-00a3-6a5b-98e9a0bce73f
variable-42628c23-e7e6-e965-dc67-74f46506df43,Bijela,--bijela,raw/mcp/styles-detail.json,,.inner-banner-text-wrap.career-collection-list-wrapper,color,"{""id"": ""variable-42628c23-e7e6-e965-dc67-74f46506df43""}",,base,,,,extracted,,b1559687-d937-10db-df32-9aea39ac7ae7
variable-dbdd3ccf-b77c-6a3e-60b2-7e92aed7de59,siva-crta,--siva-crta,raw/mcp/styles-detail.json,,.values-list-item,border-bottom-color,"{""id"": ""variable-dbdd3ccf-b77c-6a3e-60b2-7e92aed7de59""}",,base,,,,extracted,,d5635f45-a7aa-59f4-9aa9-bdd2ee704ecd
variable-dbdd3ccf-b77c-6a3e-60b2-7e92aed7de59,siva-crta,--siva-crta,raw/mcp/styles-detail.json,,.bulet.kontakti,border-bottom-color,"{""id"": ""variable-dbdd3ccf-b77c-6a3e-60b2-7e92aed7de59""}",,base,,,,extracted,,c511acef-09aa-58c3-070b-ca938aac3a44
variable-7871740f-ec68-7438-41c4-7e0c36e94c3b,Crna,--crna,raw/mcp/styles-detail.json,,.text-block-11,color,"{""id"": ""variable-7871740f-ec68-7438-41c4-7e0c36e94c3b""}",,base,,,,extracted,,54a7d5a9-217e-cb33-783f-45efeac9fa5a
variable-636803fe-8821-1ae5-1950-9634a6a61fbc,svijetla-call,--svijetla-call,raw/mcp/styles-detail.json,,.home-service-card,border-bottom-color,"{""id"": ""variable-636803fe-8821-1ae5-1950-9634a6a61fbc""}",,base,,,,extracted,,ef0f789e-27c6-4ba8-0a82-1b75d11b17fe
variable-636803fe-8821-1ae5-1950-9634a6a61fbc,svijetla-call,--svijetla-call,raw/mcp/styles-detail.json,,.home-service-card,border-left-color,"{""id"": ""variable-636803fe-8821-1ae5-1950-9634a6a61fbc""}",,base,,,,extracted,,ef0f789e-27c6-4ba8-0a82-1b75d11b17fe
variable-7871740f-ec68-7438-41c4-7e0c36e94c3b,Crna,--crna,raw/mcp/styles-detail.json,,.large-paragraph-3.accordion-text,color,"{""id"": ""variable-7871740f-ec68-7438-41c4-7e0c36e94c3b""}",,base,,,,extracted,,571b4f22-06fa-4499-f6d0-cb8f5ffe0c89
variable-1409a02f-5e45-fc0b-413b-160f609caa56,tamana-call,--tamana-call,raw/mcp/styles-detail.json,,.podloga,background-color,"{""id"": ""variable-1409a02f-5e45-fc0b-413b-160f609caa56""}",,base,,,,extracted,,438b381f-e438-e2d8-5f35-a7a91491adb2
variable-a1b95303-e2d2-d513-3d9a-c4726e49c0d8,zakrivljenost,--zakrivljenost,raw/mcp/styles-detail.json,,.kontakt-kartica,border-top-left-radius,"{""id"": ""variable-a1b95303-e2d2-d513-3d9a-c4726e49c0d8""}",,base,,,,extracted,,06737177-1bde-af44-61bf-5389a642a9aa
variable-a1b95303-e2d2-d513-3d9a-c4726e49c0d8,zakrivljenost,--zakrivljenost,raw/mcp/styles-detail.json,,.kontakt-kartica,border-top-right-radius,"{""id"": ""variable-a1b95303-e2d2-d513-3d9a-c4726e49c0d8""}",,base,,,,extracted,,06737177-1bde-af44-61bf-5389a642a9aa
variable-a1b95303-e2d2-d513-3d9a-c4726e49c0d8,zakrivljenost,--zakrivljenost,raw/mcp/styles-detail.json,,.kontakt-kartica,border-bottom-left-radius,"{""id"": ""variable-a1b95303-e2d2-d513-3d9a-c4726e49c0d8""}",,base,,,,extracted,,06737177-1bde-af44-61bf-5389a642a9aa
variable-a1b95303-e2d2-d513-3d9a-c4726e49c0d8,zakrivljenost,--zakrivljenost,raw/mcp/styles-detail.json,,.kontakt-kartica,border-bottom-right-radius,"{""id"": ""variable-a1b95303-e2d2-d513-3d9a-c4726e49c0d8""}",,base,,,,extracted,,06737177-1bde-af44-61bf-5389a642a9aa
variable-42628c23-e7e6-e965-dc67-74f46506df43,Bijela,--bijela,raw/mcp/styles-detail.json,,.kontakt-kartica,background-color,"{""id"": ""variable-42628c23-e7e6-e965-dc67-74f46506df43""}",,base,,,,extracted,,06737177-1bde-af44-61bf-5389a642a9aa
variable-1409a02f-5e45-fc0b-413b-160f609caa56,tamana-call,--tamana-call,raw/mcp/styles-detail.json,,.icon-embed-xxsmall-2,color,"{""id"": ""variable-1409a02f-5e45-fc0b-413b-160f609caa56""}",,base,,,,extracted,,fb72e889-d4f0-044d-df24-08d241cb537a
variable-7871740f-ec68-7438-41c4-7e0c36e94c3b,Crna,--crna,raw/mcp/styles-detail.json,,.icon-embed-xxsmall,color,"{""id"": ""variable-7871740f-ec68-7438-41c4-7e0c36e94c3b""}",,base,,,,extracted,,438b381f-e438-e2d8-5f35-a7a91491adb4
variable-636803fe-8821-1ae5-1950-9634a6a61fbc,svijetla-call,--svijetla-call,raw/mcp/styles-detail.json,,.bold-text-5,color,"{""id"": ""variable-636803fe-8821-1ae5-1950-9634a6a61fbc""}",,base,,,,extracted,,3011f17e-8198-9369-723c-c251e2eae529
variable-a1b95303-e2d2-d513-3d9a-c4726e49c0d8,zakrivljenost,--zakrivljenost,raw/mcp/styles-detail.json,,.slider-3,border-top-left-radius,"{""id"": ""variable-a1b95303-e2d2-d513-3d9a-c4726e49c0d8""}",,base,,,,extracted,,a2b26495-6849-a036-2abb-4bd814d510a0
variable-a1b95303-e2d2-d513-3d9a-c4726e49c0d8,zakrivljenost,--zakrivljenost,raw/mcp/styles-detail.json,,.slider-3,border-top-right-radius,"{""id"": ""variable-a1b95303-e2d2-d513-3d9a-c4726e49c0d8""}",,base,,,,extracted,,a2b26495-6849-a036-2abb-4bd814d510a0
variable-a1b95303-e2d2-d513-3d9a-c4726e49c0d8,zakrivljenost,--zakrivljenost,raw/mcp/styles-detail.json,,.slider-3,border-bottom-left-radius,"{""id"": ""variable-a1b95303-e2d2-d513-3d9a-c4726e49c0d8""}",,base,,,,extracted,,a2b26495-6849-a036-2abb-4bd814d510a0
variable-a1b95303-e2d2-d513-3d9a-c4726e49c0d8,zakrivljenost,--zakrivljenost,raw/mcp/styles-detail.json,,.slider-3,border-bottom-right-radius,"{""id"": ""variable-a1b95303-e2d2-d513-3d9a-c4726e49c0d8""}",,base,,,,extracted,,a2b26495-6849-a036-2abb-4bd814d510a0
variable-a1b95303-e2d2-d513-3d9a-c4726e49c0d8,zakrivljenost,--zakrivljenost,raw/mcp/styles-detail.json,,.gumb-upit,border-top-left-radius,"{""id"": ""variable-a1b95303-e2d2-d513-3d9a-c4726e49c0d8""}",,base,,,,extracted,,438b381f-e438-e2d8-5f35-a7a91491adb5
variable-a1b95303-e2d2-d513-3d9a-c4726e49c0d8,zakrivljenost,--zakrivljenost,raw/mcp/styles-detail.json,,.gumb-upit,border-top-right-radius,"{""id"": ""variable-a1b95303-e2d2-d513-3d9a-c4726e49c0d8""}",,base,,,,extracted,,438b381f-e438-e2d8-5f35-a7a91491adb5
variable-a1b95303-e2d2-d513-3d9a-c4726e49c0d8,zakrivljenost,--zakrivljenost,raw/mcp/styles-detail.json,,.gumb-upit,border-bottom-left-radius,"{""id"": ""variable-a1b95303-e2d2-d513-3d9a-c4726e49c0d8""}",,base,,,,extracted,,438b381f-e438-e2d8-5f35-a7a91491adb5
variable-a1b95303-e2d2-d513-3d9a-c4726e49c0d8,zakrivljenost,--zakrivljenost,raw/mcp/styles-detail.json,,.gumb-upit,border-bottom-right-radius,"{""id"": ""variable-a1b95303-e2d2-d513-3d9a-c4726e49c0d8""}",,base,,,,extracted,,438b381f-e438-e2d8-5f35-a7a91491adb5
variable-1409a02f-5e45-fc0b-413b-160f609caa56,tamana-call,--tamana-call,raw/mcp/styles-detail.json,,.gumb-upit,background-color,"{""id"": ""variable-1409a02f-5e45-fc0b-413b-160f609caa56""}",,base,,,,extracted,,438b381f-e438-e2d8-5f35-a7a91491adb5
variable-b5706ac6-958b-58c2-4db2-ec8832f33e78,pozadina,--pozadina,raw/mcp/styles-detail.json,,.body,background-color,"{""id"": ""variable-b5706ac6-958b-58c2-4db2-ec8832f33e78""}",,base,,,,extracted,,d4dc2fcb-582c-6f4b-b967-5b632673c1f6
variable-7871740f-ec68-7438-41c4-7e0c36e94c3b,Crna,--crna,raw/mcp/styles-detail.json,,.body,color,"{""id"": ""variable-7871740f-ec68-7438-41c4-7e0c36e94c3b""}",,base,,,,extracted,,d4dc2fcb-582c-6f4b-b967-5b632673c1f6
variable-a1b95303-e2d2-d513-3d9a-c4726e49c0d8,zakrivljenost,--zakrivljenost,raw/mcp/styles-detail.json,,.odlomak.izdvojeno,border-top-left-radius,"{""id"": ""variable-a1b95303-e2d2-d513-3d9a-c4726e49c0d8""}",,base,,,,extracted,,79257b82-a803-3d35-dd90-732da5ea3bad
variable-a1b95303-e2d2-d513-3d9a-c4726e49c0d8,zakrivljenost,--zakrivljenost,raw/mcp/styles-detail.json,,.odlomak.izdvojeno,border-top-right-radius,"{""id"": ""variable-a1b95303-e2d2-d513-3d9a-c4726e49c0d8""}",,base,,,,extracted,,79257b82-a803-3d35-dd90-732da5ea3bad
variable-a1b95303-e2d2-d513-3d9a-c4726e49c0d8,zakrivljenost,--zakrivljenost,raw/mcp/styles-detail.json,,.odlomak.izdvojeno,border-bottom-left-radius,"{""id"": ""variable-a1b95303-e2d2-d513-3d9a-c4726e49c0d8""}",,base,,,,extracted,,79257b82-a803-3d35-dd90-732da5ea3bad
variable-a1b95303-e2d2-d513-3d9a-c4726e49c0d8,zakrivljenost,--zakrivljenost,raw/mcp/styles-detail.json,,.odlomak.izdvojeno,border-bottom-right-radius,"{""id"": ""variable-a1b95303-e2d2-d513-3d9a-c4726e49c0d8""}",,base,,,,extracted,,79257b82-a803-3d35-dd90-732da5ea3bad
variable-42628c23-e7e6-e965-dc67-74f46506df43,Bijela,--bijela,raw/mcp/styles-detail.json,,.odlomak.izdvojeno,background-color,"{""id"": ""variable-42628c23-e7e6-e965-dc67-74f46506df43""}",,base,,,,extracted,,79257b82-a803-3d35-dd90-732da5ea3bad
variable-636803fe-8821-1ae5-1950-9634a6a61fbc,svijetla-call,--svijetla-call,raw/mcp/styles-detail.json,,.podstranice-sidebar,border-bottom-color,"{""id"": ""variable-636803fe-8821-1ae5-1950-9634a6a61fbc""}",,base,,,,extracted,,2079a103-7979-d9cb-44e3-6096ea3df2a9
variable-4a7968e2-7904-2751-1793-11f0211814b6,Svjetlija plava,--svjetlija-plava,raw/mcp/styles-detail.json,,.podstranice-sidebar,border-left-color,"{""id"": ""variable-4a7968e2-7904-2751-1793-11f0211814b6""}",,base,,,,extracted,,2079a103-7979-d9cb-44e3-6096ea3df2a9
variable-1409a02f-5e45-fc0b-413b-160f609caa56,tamana-call,--tamana-call,raw/mcp/styles-detail.json,,.gradient,background-image,"{""id"": ""variable-1409a02f-5e45-fc0b-413b-160f609caa56""}",,base,,,,extracted,,8c6cb48f-c970-c747-49b1-caf68c1f90d1
variable-c91afa07-c094-dcd9-4b58-ef280f217e72,Siva crta transparent,--siva-crta-transparent,raw/mcp/styles-detail.json,,.breadcrumb-conteiner,border-bottom-color,"{""id"": ""variable-c91afa07-c094-dcd9-4b58-ef280f217e72""}",,base,,,,extracted,,0f2c126f-bb91-c8b3-44ca-a08aee18d429
variable-42628c23-e7e6-e965-dc67-74f46506df43,Bijela,--bijela,raw/mcp/styles-detail.json,,.breadcrumb-conteiner,background-color,"{""id"": ""variable-42628c23-e7e6-e965-dc67-74f46506df43""}",,base,,,,extracted,,0f2c126f-bb91-c8b3-44ca-a08aee18d429
variable-7871740f-ec68-7438-41c4-7e0c36e94c3b,Crna,--crna,raw/mcp/styles-detail.json,,.breadcrumb-conteiner,color,"{""id"": ""variable-7871740f-ec68-7438-41c4-7e0c36e94c3b""}",,base,,,,extracted,,0f2c126f-bb91-c8b3-44ca-a08aee18d429
variable-dbdd3ccf-b77c-6a3e-60b2-7e92aed7de59,siva-crta,--siva-crta,raw/mcp/styles-detail.json,,.cijen-crta,border-left-color,"{""id"": ""variable-dbdd3ccf-b77c-6a3e-60b2-7e92aed7de59""}",,base,,,,extracted,,db161970-9533-e7e8-8c08-8f3e28d079a1
